{
  "Subject": "Verbal",
  "Chapters": [
    {
      "Chapter Name": "Antonyms",
      "Sections": [
        {
          "Section Name": "Basic",
          "Questions": [
            {
              "question_no": 1,
              "question": "**HOT**",
              "options": {
                "a": "Warm",
                "b": "Cold",
                "c": "Mild",
                "d": "Fresh"
              },
              "answer": "b"
            },
            {
              "question_no": 2,
              "question": "**BIG**",
              "options": {
                "a": "Large",
                "b": "Huge",
                "c": "Small",
                "d": "Tall"
              },
              "answer": "c"
            },
            {
              "question_no": 3,
              "question": "**FAST**",
              "options": {
                "a": "Quick",
                "b": "Rapid",
                "c": "Slow",
                "d": "Swift"
              },
              "answer": "c"
            },
            {
              "question_no": 4,
              "question": "**HAPPY**",
              "options": {
                "a": "Joyful",
                "b": "Sad",
                "c": "Glad",
                "d": "Cheerful"
              },
              "answer": "b"
            },
            {
              "question_no": 5,
              "question": "**LIGHT**",
              "options": {
                "a": "Bright",
                "b": "Heavy",
                "c": "Dim",
                "d": "Clear"
              },
              "answer": "b"
            },
            {
              "question_no": 6,
              "question": "**UP**",
              "options": {
                "a": "Over",
                "b": "Down",
                "c": "Above",
                "d": "On"
              },
              "answer": "b"
            },
            {
              "question_no": 7,
              "question": "**OLD**",
              "options": {
                "a": "Ancient",
                "b": "Aged",
                "c": "New",
                "d": "Worn"
              },
              "answer": "c"
            },
            {
              "question_no": 8,
              "question": "**GOOD**",
              "options": {
                "a": "Fine",
                "b": "Nice",
                "c": "Bad",
                "d": "Great"
              },
              "answer": "c"
            },
            {
              "question_no": 9,
              "question": "**DAY**",
              "options": {
                "a": "Morning",
                "b": "Night",
                "c": "Noon",
                "d": "Evening"
              },
              "answer": "b"
            },
            {
              "question_no": 10,
              "question": "**OPEN**",
              "options": {
                "a": "Start",
                "b": "Close",
                "c": "Wide",
                "d": "Unfold"
              },
              "answer": "b"
            },
            {
              "question_no": 11,
              "question": "**INSIDE**",
              "options": {
                "a": "Within",
                "b": "Outside",
                "c": "Into",
                "d": "Here"
              },
              "answer": "b"
            },
            {
              "question_no": 12,
              "question": "**HARD**",
              "options": {
                "a": "Difficult",
                "b": "Firm",
                "c": "Soft",
                "d": "Strong"
              },
              "answer": "c"
            },
            {
              "question_no": 13,
              "question": "**RICH**",
              "options": {
                "a": "Wealthy",
                "b": "Poor",
                "c": "Abundant",
                "d": "Full"
              },
              "answer": "b"
            },
            {
              "question_no": 14,
              "question": "**TRUE**",
              "options": {
                "a": "Correct",
                "b": "False",
                "c": "Real",
                "d": "Actual"
              },
              "answer": "b"
            },
            {
              "question_no": 15,
              "question": "**LONG**",
              "options": {
                "a": "Tall",
                "b": "Short",
                "c": "Extended",
                "d": "Wide"
              },
              "answer": "b"
            },
            {
              "question_no": 16,
              "question": "**CLEAN**",
              "options": {
                "a": "Tidy",
                "b": "Dirty",
                "c": "Pure",
                "d": "Spotless"
              },
              "answer": "b"
            },
            {
              "question_no": 17,
              "question": "**EMPTY**",
              "options": {
                "a": "Full",
                "b": "Hollow",
                "c": "Bare",
                "d": "Vacant"
              },
              "answer": "a"
            },
            {
              "question_no": 18,
              "question": "**LOUD**",
              "options": {
                "a": "Noisy",
                "b": "Quiet",
                "c": "Strong",
                "d": "Booming"
              },
              "answer": "b"
            },
            {
              "question_no": 19,
              "question": "**HEALTHY**",
              "options": {
                "a": "Well",
                "b": "Sick",
                "c": "Strong",
                "d": "Fit"
              },
              "answer": "b"
            },
            {
              "question_no": 20,
              "question": "**NORTH**",
              "options": {
                "a": "East",
                "b": "West",
                "c": "South",
                "d": "Pole"
              },
              "answer": "c"
            },
            {
              "question_no": 21,
              "question": "**ABOVE**",
              "options": {
                "a": "Over",
                "b": "Below",
                "c": "Up",
                "d": "On"
              },
              "answer": "b"
            },
            {
              "question_no": 22,
              "question": "**ALWAYS**",
              "options": {
                "a": "Often",
                "b": "Never",
                "c": "Sometimes",
                "d": "Constantly"
              },
              "answer": "b"
            },
            {
              "question_no": 23,
              "question": "**BEGIN**",
              "options": {
                "a": "Start",
                "b": "End",
                "c": "Commence",
                "d": "Initiate"
              },
              "answer": "b"
            },
            {
              "question_no": 24,
              "question": "**BRIGHT**",
              "options": {
                "a": "Shiny",
                "b": "Dull",
                "c": "Luminous",
                "d": "Glowing"
              },
              "answer": "b"
            },
            {
              "question_no": 25,
              "question": "**SWEET**",
              "options": {
                "a": "Sugary",
                "b": "Sour",
                "c": "Tasty",
                "d": "Pleasant"
              },
              "answer": "b"
            },
            {
              "question_no": 26,
              "question": "**CHEAP**",
              "options": {
                "a": "Inexpensive",
                "b": "Affordable",
                "c": "Costly",
                "d": "Bargain"
              },
              "answer": "c"
            },
            {
              "question_no": 27,
              "question": "**FRONT**",
              "options": {
                "a": "Back",
                "b": "Side",
                "c": "Before",
                "d": "Ahead"
              },
              "answer": "a"
            },
            {
              "question_no": 28,
              "question": "**WET**",
              "options": {
                "a": "Damp",
                "b": "Moist",
                "c": "Dry",
                "d": "Soaked"
              },
              "answer": "c"
            },
            {
              "question_no": 29,
              "question": "**WIN**",
              "options": {
                "a": "Succeed",
                "b": "Lose",
                "c": "Triumph",
                "d": "Defeat"
              },
              "answer": "b"
            },
            {
              "question_no": 30,
              "question": "**NEAR**",
              "options": {
                "a": "Close",
                "b": "Far",
                "c": "Adjacent",
                "d": "Beside"
              },
              "answer": "b"
            }
          ]
        },
        {
          "Section Name": "Advanced",
          "Questions": [
            {
              "question_no": 1,
              "question": "**ABUNDANT**",
              "options": {
                "a": "Plentiful",
                "b": "Scarce",
                "c": "Ample",
                "d": "Copious"
              },
              "answer": "b"
            },
            {
              "question_no": 2,
              "question": "**ACQUIESCE**",
              "options": {
                "a": "Consent",
                "b": "Resist",
                "c": "Yield",
                "d": "Comply"
              },
              "answer": "b"
            },
            {
              "question_no": 3,
              "question": "**ADAMANT**",
              "options": {
                "a": "Unyielding",
                "b": "Flexible",
                "c": "Resolute",
                "d": "Firm"
              },
              "answer": "b"
            },
            {
              "question_no": 4,
              "question": "**BENEVOLENT**",
              "options": {
                "a": "Kind",
                "b": "Malevolent",
                "c": "Generous",
                "d": "Compassionate"
              },
              "answer": "b"
            },
            {
              "question_no": 5,
              "question": "**CAPRICIOUS**",
              "options": {
                "a": "Fickle",
                "b": "Stable",
                "c": "Whimsical",
                "d": "Erratic"
              },
              "answer": "b"
            },
            {
              "question_no": 6,
              "question": "**CONCISE**",
              "options": {
                "a": "Brief",
                "b": "Verbose",
                "c": "Succinct",
                "d": "Terse"
              },
              "answer": "b"
            },
            {
              "question_no": 7,
              "question": "**DEBILITATE**",
              "options": {
                "a": "Weaken",
                "b": "Strengthen",
                "c": "Enervate",
                "d": "Exhaust"
              },
              "answer": "b"
            },
            {
              "question_no": 8,
              "question": "**DIFFIDENT**",
              "options": {
                "a": "Shy",
                "b": "Confident",
                "c": "Hesitant",
                "d": "Modest"
              },
              "answer": "b"
            },
            {
              "question_no": 9,
              "question": "**DILIGENT**",
              "options": {
                "a": "Industrious",
                "b": "Lazy",
                "c": "Assiduous",
                "d": "Meticulous"
              },
              "answer": "b"
            },
            {
              "question_no": 10,
              "question": "**EFFEMERATE**",
              "options": {
                "a": "Ephemeral",
                "b": "Lasting",
                "c": "Transient",
                "d": "Fleeting"
              },
              "answer": "b"
            },
            {
              "question_no": 11,
              "question": "**EGALITARIAN**",
              "options": {
                "a": "Equitable",
                "b": "Elitist",
                "c": "Democratic",
                "d": "Impartial"
              },
              "answer": "b"
            },
            {
              "question_no": 12,
              "question": "**ELUCIDATE**",
              "options": {
                "a": "Clarify",
                "b": "Obscure",
                "c": "Explain",
                "d": "Illuminate"
              },
              "answer": "b"
            },
            {
              "question_no": 13,
              "question": "**FORTUITOUS**",
              "options": {
                "a": "Accidental",
                "b": "Deliberate",
                "c": "Serendipitous",
                "d": "Incidental"
              },
              "answer": "b"
            },
            {
              "question_no": 14,
              "question": "**GARRULOUS**",
              "options": {
                "a": "Talkative",
                "b": "Reticent",
                "c": "Loquacious",
                "d": "Voluble"
              },
              "answer": "b"
            },
            {
              "question_no": 15,
              "question": "**GRATUITOUS**",
              "options": {
                "a": "Unwarranted",
                "b": "Justified",
                "c": "Needless",
                "d": "Spontaneous"
              },
              "answer": "b"
            },
            {
              "question_no": 16,
              "question": "**IMPECUNIOUS**",
              "options": {
                "a": "Poor",
                "b": "Wealthy",
                "c": "Indigent",
                "d": "Destitute"
              },
              "answer": "b"
            },
            {
              "question_no": 17,
              "question": "**INADVERTENT**",
              "options": {
                "a": "Accidental",
                "b": "Intentional",
                "c": "Unintentional",
                "d": "Careless"
              },
              "answer": "b"
            },
            {
              "question_no": 18,
              "question": "**INSIPID**",
              "options": {
                "a": "Bland",
                "b": "Flavorful",
                "c": "Dull",
                "d": "Vapid"
              },
              "answer": "b"
            },
            {
              "question_no": 19,
              "question": "**JUXTAPOSE**",
              "options": {
                "a": "Place side-by-side",
                "b": "Separate",
                "c": "Compare",
                "d": "Contrast"
              },
              "answer": "b"
            },
            {
              "question_no": 20,
              "question": "**LACONIC**",
              "options": {
                "a": "Concise",
                "b": "Verbose",
                "c": "Brief",
                "d": "Taciturn"
              },
              "answer": "b"
            },
            {
              "question_no": 21,
              "question": "**MALIGN**",
              "options": {
                "a": "Slander",
                "b": "Praise",
                "c": "Defame",
                "d": "Vilify"
              },
              "answer": "b"
            },
            {
              "question_no": 22,
              "question": "**NEFARIOUS**",
              "options": {
                "a": "Wicked",
                "b": "Virtuous",
                "c": "Evil",
                "d": "Criminal"
              },
              "answer": "b"
            },
            {
              "question_no": 23,
              "question": "**OBFUSCATE**",
              "options": {
                "a": "Clarify",
                "b": "Confuse",
                "c": "Bewilder",
                "d": "Muddle"
              },
              "answer": "a"
            },
            {
              "question_no": 24,
              "question": "**PARSIMONIOUS**",
              "options": {
                "a": "Frugal",
                "b": "Generous",
                "c": "Stingy",
                "d": "Thrifty"
              },
              "answer": "b"
            },
            {
              "question_no": 25,
              "question": "**PERNICIOUS**",
              "options": {
                "a": "Harmful",
                "b": "Beneficial",
                "c": "Destructive",
                "d": "Malicious"
              },
              "answer": "b"
            },
            {
              "question_no": 26,
              "question": "**PLETHORA**",
              "options": {
                "a": "Excess",
                "b": "Scarcity",
                "c": "Abundance",
                "d": "Surplus"
              },
              "answer": "b"
            },
            {
              "question_no": 27,
              "question": "**PROFLIGATE**",
              "options": {
                "a": "Extravagant",
                "b": "Thrifty",
                "c": "Wasteful",
                "d": "Spendthrift"
              },
              "answer": "b"
            },
            {
              "question_no": 28,
              "question": "**QUIESCENT**",
              "options": {
                "a": "Inactive",
                "b": "Active",
                "c": "Dormant",
                "d": "Still"
              },
              "answer": "b"
            },
            {
              "question_no": 29,
              "question": "**RECALCITRANT**",
              "options": {
                "a": "Stubborn",
                "b": "Obedient",
                "c": "Defiant",
                "d": "Rebellious"
              },
              "answer": "b"
            },
            {
              "question_no": 30,
              "question": "**SANGUINE**",
              "options": {
                "a": "Optimistic",
                "b": "Pessimistic",
                "c": "Hopeful",
                "d": "Cheerful"
              },
              "answer": "b"
            }
          ]
        },
        {
          "Section Name": "Test",
          "Questions": [
            {
              "question_no": 1,
              "question": "**AMELIORATE**",
              "options": {
                "a": "Improve",
                "b": "Worsen",
                "c": "Enhance",
                "d": "Alleviate"
              },
              "answer": "b"
            },
            {
              "question_no": 2,
              "question": "**AUSPICIOUS**",
              "options": {
                "a": "Favorable",
                "b": "Ominous",
                "c": "Promising",
                "d": "Propitious"
              },
              "answer": "b"
            },
            {
              "question_no": 3,
              "question": "**CHASTE**",
              "options": {
                "a": "Pure",
                "b": "Immoral",
                "c": "Innocent",
                "d": "Virtuous"
              },
              "answer": "b"
            },
            {
              "question_no": 4,
              "question": "**DECADENT**",
              "options": {
                "a": "Corrupt",
                "b": "Virtuous",
                "c": "Degenerate",
                "d": "Luxurious"
              },
              "answer": "b"
            },
            {
              "question_no": 5,
              "question": "**EFFUSIVE**",
              "options": {
                "a": "Reserved",
                "b": "Demonstrative",
                "c": "Enthusiastic",
                "d": "Expressive"
              },
              "answer": "a"
            },
            {
              "question_no": 6,
              "question": "**EPHEMERAL**",
              "options": {
                "a": "Transient",
                "b": "Permanent",
                "c": "Short-lived",
                "d": "Momentary"
              },
              "answer": "b"
            },
            {
              "question_no": 7,
              "question": "**EXACERBATE**",
              "options": {
                "a": "Aggravate",
                "b": "Alleviate",
                "c": "Intensify",
                "d": "Worsen"
              },
              "answer": "b"
            },
            {
              "question_no": 8,
              "question": "**FLACCID**",
              "options": {
                "a": "Limp",
                "b": "Firm",
                "c": "Soft",
                "d": "Sagging"
              },
              "answer": "b"
            },
            {
              "question_no": 9,
              "question": "**INCLEMENT**",
              "options": {
                "a": "Harsh",
                "b": "Mild",
                "c": "Severe",
                "d": "Stormy"
              },
              "answer": "b"
            },
            {
              "question_no": 10,
              "question": "**LUGUBRIOUS**",
              "options": {
                "a": "Mournful",
                "b": "Cheerful",
                "c": "Sad",
                "d": "Gloomy"
              },
              "answer": "b"
            },
            {
              "question_no": 11,
              "question": "**MITIGATE**",
              "options": {
                "a": "Lessen",
                "b": "Aggravate",
                "c": "Soften",
                "d": "Reduce"
              },
              "answer": "b"
            },
            {
              "question_no": 12,
              "question": "**OBSEQUIOUS**",
              "options": {
                "a": "Servile",
                "b": "Domineering",
                "c": "Submissive",
                "d": "Fawning"
              },
              "answer": "b"
            },
            {
              "question_no": 13,
              "question": "**PRODIGAL**",
              "options": {
                "a": "Wasteful",
                "b": "Thrifty",
                "c": "Lavish",
                "d": "Extravagant"
              },
              "answer": "b"
            },
            {
              "question_no": 14,
              "question": "**REDUNDANT**",
              "options": {
                "a": "Superfluous",
                "b": "Essential",
                "c": "Repetitive",
                "d": "Unnecessary"
              },
              "answer": "b"
            },
            {
              "question_no": 15,
              "question": "**SKEPTICAL**",
              "options": {
                "a": "Doubtful",
                "b": "Believing",
                "c": "Cynical",
                "d": "Questioning"
              },
              "answer": "b"
            }
          ]
        }
      ]
    }
  ]
}