{
  "Subject": "Verbal",
  "Chapters": [
    {
      "Chapter Name": "  Fill in the Blanks",
      "Sections": [
        {
          "Section Name": "Basic",
          "Questions": [
            {
              "question_no": 1,
              "question": "The cat jumped \\_\\_\\_\\_\\_ the table.",
              "options": {
                "a": "on",
                "b": "at",
                "c": "in",
                "d": "under"
              },
              "answer": "a"
            },
            {
              "question_no": 2,
              "question": "She is very good \\_\\_\\_\\_\\_ playing the piano.",
              "options": {
                "a": "in",
                "b": "at",
                "c": "on",
                "d": "for"
              },
              "answer": "b"
            },
            {
              "question_no": 3,
              "question": "They went to the park \\_\\_\\_\\_\\_ Sunday.",
              "options": {
                "a": "in",
                "b": "on",
                "c": "at",
                "d": "to"
              },
              "answer": "b"
            },
            {
              "question_no": 4,
              "question": "He doesn't like coffee, \\_\\_\\_\\_\\_ does his sister.",
              "options": {
                "a": "so",
                "b": "too",
                "c": "neither",
                "d": "either"
              },
              "answer": "c"
            },
            {
              "question_no": 5,
              "question": "This book is \\_\\_\\_\\_\\_ than that one.",
              "options": {
                "a": "more interesting",
                "b": "interesting",
                "c": "most interesting",
                "d": "interest"
              },
              "answer": "a"
            },
            {
              "question_no": 6,
              "question": "Everyone \\_\\_\\_\\_\\_ invited to the party.",
              "options": {
                "a": "were",
                "b": "was",
                "c": "are",
                "d": "be"
              },
              "answer": "b"
            },
            {
              "question_no": 7,
              "question": "My house is \\_\\_\\_\\_\\_ the library and the school.",
              "options": {
                "a": "beside",
                "b": "between",
                "c": "among",
                "d": "near"
              },
              "answer": "b"
            },
            {
              "question_no": 8,
              "question": "She sings \\_\\_\\_\\_\\_ beautifully.",
              "options": {
                "a": "very",
                "b": "much",
                "c": "quite",
                "d": "so"
              },
              "answer": "a"
            },
            {
              "question_no": 9,
              "question": "They \\_\\_\\_\\_\\_ watching TV when I called.",
              "options": {
                "a": "was",
                "b": "were",
                "c": "is",
                "d": "are"
              },
              "answer": "b"
            },
            {
              "question_no": 10,
              "question": "The weather has been very \\_\\_\\_\\_\\_ lately.",
              "options": {
                "a": "hot",
                "b": "hotly",
                "c": "hotter",
                "d": "hottest"
              },
              "answer": "a"
            },
            {
              "question_no": 11,
              "question": "I have \\_\\_\\_\\_\\_ time to relax this week.",
              "options": {
                "a": "few",
                "b": "little",
                "c": "less",
                "d": "fewer"
              },
              "answer": "c"
            },
            {
              "question_no": 12,
              "question": "If I \\_\\_\\_\\_\\_ you, I would study harder.",
              "options": {
                "a": "was",
                "b": "were",
                "c": "am",
                "d": "had been"
              },
              "answer": "b"
            },
            {
              "question_no": 13,
              "question": "The committee \\_\\_\\_\\_\\_ discussing the proposal.",
              "options": {
                "a": "are",
                "b": "is",
                "c": "have been",
                "d": "has been"
              },
              "answer": "a"
            },
            {
              "question_no": 14,
              "question": "He \\_\\_\\_\\_\\_ want to go to the movies.",
              "options": {
                "a": "don't",
                "b": "doesn't",
                "c": "not",
                "d": "isn't"
              },
              "answer": "b"
            },
            {
              "question_no": 15,
              "question": "After \\_\\_\\_\\_\\_ dinner, we went for a walk.",
              "options": {
                "a": "eat",
                "b": "ate",
                "c": "eating",
                "d": "eaten"
              },
              "answer": "c"
            },
            {
              "question_no": 16,
              "question": "The cake tasted very \\_\\_\\_\\_\\_.",
              "options": {
                "a": "sweet",
                "b": "sweetly",
                "c": "more sweet",
                "d": "most sweet"
              },
              "answer": "a"
            },
            {
              "question_no": 17,
              "question": "He is \\_\\_\\_\\_\\_ than his younger brother.",
              "options": {
                "a": "old",
                "b": "older",
                "c": "oldest",
                "d": "more old"
              },
              "answer": "b"
            },
            {
              "question_no": 18,
              "question": "This is the \\_\\_\\_\\_\\_ interesting story I've read.",
              "options": {
                "a": "more",
                "b": "most",
                "c": "very",
                "d": "quite"
              },
              "answer": "b"
            },
            {
              "question_no": 19,
              "question": "\\_\\_\\_\\_\\_ the rain, they continued playing.",
              "options": {
                "a": "Despite of",
                "b": "In spite of",
                "c": "Because of",
                "d": "Due to"
              },
              "answer": "b"
            },
            {
              "question_no": 20,
              "question": "She spoke very \\_\\_\\_\\_\\_.",
              "options": {
                "a": "quiet",
                "b": "quietly",
                "c": "quieter",
                "d": "quietest"
              },
              "answer": "b"
            },
            {
              "question_no": 21,
              "question": "The \\_\\_\\_\\_\\_ of people at the concert was large.",
              "options": {
                "a": "amount",
                "b": "number",
                "c": "total",
                "d": "quantity"
              },
              "answer": "b"
            },
            {
              "question_no": 22,
              "question": "I have never \\_\\_\\_\\_\\_ such a beautiful sight.",
              "options": {
                "a": "saw",
                "b": "seen",
                "c": "see",
                "d": "seeing"
              },
              "answer": "b"
            },
            {
              "question_no": 23,
              "question": "He is interested \\_\\_\\_\\_\\_ history.",
              "options": {
                "a": "in",
                "b": "at",
                "c": "on",
                "d": "for"
              },
              "answer": "a"
            },
            {
              "question_no": 24,
              "question": "They gave the award to her and \\_\\_\\_\\_\\_.",
              "options": {
                "a": "I",
                "b": "me",
                "c": "myself",
                "d": "mine"
              },
              "answer": "b"
            },
            {
              "question_no": 25,
              "question": "\\_\\_\\_\\_\\_ of them enjoyed the movie.",
              "options": {
                "a": "Every",
                "b": "Each",
                "c": "Both",
                "d": "All"
              },
              "answer": "c"
            },
            {
              "question_no": 26,
              "question": "She is one of the \\_\\_\\_\\_\\_ students in her class.",
              "options": {
                "a": "smarter",
                "b": "smartest",
                "c": "more smart",
                "d": "most smart"
              },
              "answer": "b"
            },
            {
              "question_no": 27,
              "question": "The news \\_\\_\\_\\_\\_ quite concerning.",
              "options": {
                "a": "were",
                "b": "was",
                "c": "are",
                "d": "be"
              },
              "answer": "b"
            },
            {
              "question_no": 28,
              "question": "My older sister is taller \\_\\_\\_\\_\\_ me.",
              "options": {
                "a": "then",
                "b": "than",
                "c": "to",
                "d": "as"
              },
              "answer": "b"
            },
            {
              "question_no": 29,
              "question": "Everyone must bring \\_\\_\\_\\_\\_ own lunch.",
              "options": {
                "a": "their",
                "b": "his",
                "c": "her",
                "d": "his or her"
              },
              "answer": "d"
            },
            {
              "question_no": 30,
              "question": "The design of the building is quite \\_\\_\\_\\_\\_.",
              "options": {
                "a": "unique",
                "b": "uniquely",
                "c": "more unique",
                "d": "most unique"
              },
              "answer": "a"
            }
          ]
        },
        {
          "Section Name": "Advanced",
          "Questions": [
            {
              "question_no": 1,
              "question": "The success of the project, \\_\\_\\_\\_\\_ its meticulous planning, was evident.",
              "options": {
                "a": "due to",
                "b": "because",
                "c": "resulting from",
                "d": "in spite of"
              },
              "answer": "a"
            },
            {
              "question_no": 2,
              "question": "\\_\\_\\_\\_\\_ the complexity of the data, they managed to draw meaningful conclusions.",
              "options": {
                "a": "Despite of",
                "b": "In spite of",
                "c": "Because of",
                "d": "Due to"
              },
              "answer": "b"
            },
            {
              "question_no": 3,
              "question": "The proposal, \\_\\_\\_\\_\\_ thoroughly researched and well-articulated, was approved.",
              "options": {
                "a": "being",
                "b": "that it was",
                "c": "because it was",
                "d": "despite being"
              },
              "answer": "a"
            },
            {
              "question_no": 4,
              "question": "To communicate effectively, one must be mindful \\_\\_\\_\\_\\_ their audience.",
              "options": {
                "a": "of",
                "b": "to",
                "c": "for",
                "d": "about"
              },
              "answer": "a"
            },
            {
              "question_no": 5,
              "question": "The new policy aims \\_\\_\\_\\_\\_ improving employee satisfaction and productivity.",
              "options": {
                "a": "to",
                "b": "at",
                "c": "for",
                "d": "in"
              },
              "answer": "b"
            },
            {
              "question_no": 6,
              "question": "Neither the evidence presented nor the witness's testimony \\_\\_\\_\\_\\_ conclusive.",
              "options": {
                "a": "was",
                "b": "were",
                "c": "has been",
                "d": "are"
              },
              "answer": "a"
            },
            {
              "question_no": 7,
              "question": "The regulations, \\_\\_\\_\\_\\_ many businesses have voiced concerns about, will be implemented soon.",
              "options": {
                "a": "which",
                "b": "that",
                "c": "what",
                "d": "who"
              },
              "answer": "a"
            },
            {
              "question_no": 8,
              "question": "\\_\\_\\_\\_\\_ relying solely on traditional methods, the company explored innovative approaches.",
              "options": {
                "a": "Different from",
                "b": "As opposed to",
                "c": "Similar to",
                "d": "In addition to"
              },
              "answer": "b"
            },
            {
              "question_no": 9,
              "question": "The outcome depended on the accuracy of the measurements and the team's \\_\\_\\_\\_\\_ to detail.",
              "options": {
                "a": "attention",
                "b": "attend",
                "c": "attentive",
                "d": "attends"
              },
              "answer": "a"
            },
            {
              "question_no": 10,
              "question": "The report highlighted several key areas, \\_\\_\\_\\_\\_ the need for further investigation.",
              "options": {
                "a": "included",
                "b": "including",
                "c": "to include",
                "d": "that include"
              },
              "answer": "b"
            },
            {
              "question_no": 11,
              "question": "Due \\_\\_\\_\\_\\_ the unforeseen circumstances, the event was postponed.",
              "options": {
                "a": "to",
                "b": "of",
                "c": "for",
                "d": "that"
              },
              "answer": "a"
            },
            {
              "question_no": 12,
              "question": "The author, \\_\\_\\_\\_\\_ latest novel became a bestseller, is a local resident.",
              "options": {
                "a": "who's",
                "b": "whose",
                "c": "which's",
                "d": "which"
              },
              "answer": "b"
            },
            {
              "question_no": 13,
              "question": "The recent surge in inflation \\_\\_\\_\\_\\_ impacting small businesses significantly.",
              "options": {
                "a": "are",
                "b": "is",
                "c": "have been",
                "d": "were"
              },
              "answer": "b"
            },
            {
              "question_no": 14,
              "question": "She is not only an accomplished musician \\_\\_\\_\\_\\_ also a talented writer.",
              "options": {
                "a": "but",
                "b": "and",
                "c": "as well as",
                "d": "but also"
              },
              "answer": "d"
            },
            {
              "question_no": 15,
              "question": "The company plans to expand its operations \\_\\_\\_\\_\\_ entering new markets.",
              "options": {
                "a": "by",
                "b": "to",
                "c": "for",
                "d": "with"
              },
              "answer": "a"
            },
            {
              "question_no": 16,
              "question": "Having analyzed the results, \\_\\_\\_\\_\\_ was clear that more work was needed.",
              "options": {
                "a": "it",
                "b": "this",
                "c": "there",
                "d": "that"
              },
              "answer": "a"
            },
            {
              "question_no": 17,
              "question": "The impact of social media \\_\\_\\_\\_\\_ teenagers' mental health is being studied.",
              "options": {
                "a": "on",
                "b": "in",
                "c": "at",
                "d": "for"
              },
              "answer": "a"
            },
            {
              "question_no": 18,
              "question": "The committee deliberated for hours before arriving \\_\\_\\_\\_\\_ a decision.",
              "options": {
                "a": "to",
                "b": "at",
                "c": "on",
                "d": "in"
              },
              "answer": "b"
            },
            {
              "question_no": 19,
              "question": "The speaker emphasized the importance of critical thinking and \\_\\_\\_\\_\\_ assumptions.",
              "options": {
                "a": "question",
                "b": "questioning",
                "c": "to question",
                "d": "questions"
              },
              "answer": "b"
            },
            {
              "question_no": 20,
              "question": "The new law will affect not only large corporations \\_\\_\\_\\_\\_ also smaller enterprises.",
              "options": {
                "a": "but",
                "b": "and",
                "c": "as well as",
                "d": "but also"
              },
              "answer": "d"
            },
            {
              "question_no": 21,
              "question": "The study established a correlation \\_\\_\\_\\_\\_ exercise and reduced stress levels.",
              "options": {
                "a": "between",
                "b": "among",
                "c": "with",
                "d": "of"
              },
              "answer": "a"
            },
            {
              "question_no": 22,
              "question": "His argument was unconvincing due \\_\\_\\_\\_\\_ its reliance on anecdotal evidence.",
              "options": {
                "a": "to",
                "b": "of",
                "c": "for",
                "d": "that"
              },
              "answer": "a"
            },
            {
              "question_no": 23,
              "question": "The panel members expressed \\_\\_\\_\\_\\_ views on the proposed changes.",
              "options": {
                "a": "differ",
                "b": "different",
                "c": "differing",
                "d": "difference"
              },
              "answer": "c"
            },
            {
              "question_no": 24,
              "question": "The gallery features a collection of sculptures, many \\_\\_\\_\\_\\_ date back centuries.",
              "options": {
                "a": "who",
                "b": "that",
                "c": "which",
                "d": "of which"
              },
              "answer": "d"
            },
            {
              "question_no": 25,
              "question": "The advancement of technology has changed the way we communicate and \\_\\_\\_\\_\\_ we work.",
              "options": {
                "a": "how",
                "b": "that",
                "c": "which",
                "d": "the way"
              },
              "answer": "d"
            },
            {
              "question_no": 26,
              "question": "To enhance customer experience, the company updated its website and \\_\\_\\_\\_\\_ its staff.",
              "options": {
                "a": "train",
                "b": "trained",
                "c": "training",
                "d": "to train"
              },
              "answer": "b"
            },
            {
              "question_no": 27,
              "question": "The scientist conducted experiments \\_\\_\\_\\_\\_ order to validate her findings.",
              "options": {
                "a": "in",
                "b": "to",
                "c": "for",
                "d": "with"
              },
              "answer": "a"
            },
            {
              "question_no": 28,
              "question": "The film, \\_\\_\\_\\_\\_ has received numerous awards, explores complex themes.",
              "options": {
                "a": "who",
                "b": "that",
                "c": "which",
                "d": "whose"
              },
              "answer": "c"
            },
            {
              "question_no": 29,
              "question": "Despite the economic downturn, the company managed to maintain \\_\\_\\_\\_\\_ financial stability.",
              "options": {
                "a": "its",
                "b": "their",
                "c": "it's",
                "d": "there"
              },
              "answer": "a"
            },
            {
              "question_no": 30,
              "question": "The increasing awareness of environmental issues \\_\\_\\_\\_\\_ influencing consumer behavior.",
              "options": {
                "a": "are",
                "b": "is",
                "c": "have been",
                "d": "were"
              },
              "answer": "b"
            }
          ]
        },
        {
          "Section Name": "Test",
          "Questions": [
            {
              "question_no": 1,
              "question": "Each of the applicants \\_\\_\\_\\_\\_ asked to submit their CVs.",
              "options": {
                "a": "were",
                "b": "was",
                "c": "have been",
                "d": "are"
              },
              "answer": "b"
            },
            {
              "question_no": 2,
              "question": "The new software, which aims to boost productivity, \\_\\_\\_\\_\\_ being tested.",
              "options": {
                "a": "are",
                "b": "is",
                "c": "have been",
                "d": "were"
              },
              "answer": "b"
            },
            {
              "question_no": 3,
              "question": "Neither the rain nor the fog \\_\\_\\_\\_\\_ visibility.",
              "options": {
                "a": "affect",
                "b": "affects",
                "c": "affecting",
                "d": "affected"
              },
              "answer": "b"
            },
            {
              "question_no": 4,
              "question": "The analysis of the survey data \\_\\_\\_\\_\\_ some interesting patterns.",
              "options": {
                "a": "reveal",
                "b": "reveals",
                "c": "revealing",
                "d": "revealed"
              },
              "answer": "b"
            },
            {
              "question_no": 5,
              "question": "The responsibility lies with \\_\\_\\_\\_\\_ can handle the task efficiently.",
              "options": {
                "a": "whoever",
                "b": "whomever",
                "c": "who",
                "d": "whom"
              },
              "answer": "a"
            },
            {
              "question_no": 6,
              "question": "He performed \\_\\_\\_\\_\\_ than his previous performance.",
              "options": {
                "a": "gooder",
                "b": "better",
                "c": "weller",
                "d": "more good"
              },
              "answer": "b"
            },
            {
              "question_no": 7,
              "question": "While \\_\\_\\_\\_\\_ the documents, he found an error.",
              "options": {
                "a": "read",
                "b": "reading",
                "c": "to read",
                "d": "reads"
              },
              "answer": "b"
            },
            {
              "question_no": 8,
              "question": "The reason for the delay was \\_\\_\\_\\_\\_ a technical malfunction.",
              "options": {
                "a": "because",
                "b": "due to",
                "c": "that",
                "d": "as"
              },
              "answer": "b"
            },
            {
              "question_no": 9,
              "question": "A number of participants \\_\\_\\_\\_\\_ expressed their concerns.",
              "options": {
                "a": "has",
                "b": "have",
                "c": "is",
                "d": "are"
              },
              "answer": "b"
            },
            {
              "question_no": 10,
              "question": "If she \\_\\_\\_\\_\\_ known about the change, she would have informed us.",
              "options": {
                "a": "has",
                "b": "had",
                "c": "have",
                "d": "would have"
              },
              "answer": "b"
            },
            {
              "question_no": 11,
              "question": "The team \\_\\_\\_\\_\\_ in agreement on the final strategy.",
              "options": {
                "a": "was",
                "b": "were",
                "c": "has been",
                "d": "are"
              },
              "answer": "a"
            },
            {
              "question_no": 12,
              "question": "The impact of the new regulations \\_\\_\\_\\_\\_ small businesses is significant.",
              "options": {
                "a": "on",
                "b": "in",
                "c": "at",
                "d": "for"
              },
              "answer": "a"
            },
            {
              "question_no": 13,
              "question": "She is the \\_\\_\\_\\_\\_ of the three candidates.",
              "options": {
                "a": "taller",
                "b": "tallest",
                "c": "more tall",
                "d": "most tall"
              },
              "answer": "b"
            },
            {
              "question_no": 14,
              "question": "In spite \\_\\_\\_\\_\\_ the challenges, they persevered.",
              "options": {
                "a": "of",
                "b": "to",
                "c": "with",
                "d": "off"
              },
              "answer": "a"
            },
            {
              "question_no": 15,
              "question": "The continuous development in AI \\_\\_\\_\\_\\_ transforming various sectors.",
              "options": {
                "a": "are",
                "b": "is",
                "c": "have been",
                "d": "were"
              },
              "answer": "b"
            }
          ]
        }
      ]
    }
  ]
}