{
  "Subject": "Verbal",
  "Chapters": [
    {
      "Chapter Name": " Vocabulary",
      "Sections": [
        {
          "Section Name": "Basic",
          "Questions": [
            {
              "question_no": 1,
              "question": "What is the meaning of **ASSIST**?",
              "options": {
                "a": "To harm",
                "b": "To help",
                "c": "To hinder",
                "d": "To delay"
              },
              "answer": "b"
            },
            {
              "question_no": 2,
              "question": "What is the meaning of **ANCIENT**?",
              "options": {
                "a": "Modern",
                "b": "New",
                "c": "Very old",
                "d": "Future"
              },
              "answer": "c"
            },
            {
              "question_no": 3,
              "question": "What is the meaning of **BENEFIT**?",
              "options": {
                "a": "A disadvantage",
                "b": "A loss",
                "c": "An advantage",
                "d": "A problem"
              },
              "answer": "c"
            },
            {
              "question_no": 4,
              "question": "What is the meaning of **CHILLY**?",
              "options": {
                "a": "Very warm",
                "b": "Somewhat cold",
                "c": "Extremely hot",
                "d": "Burning"
              },
              "answer": "b"
            },
            {
              "question_no": 5,
              "question": "What is the meaning of **CREATE**?",
              "options": {
                "a": "To destroy",
                "b": "To make or invent",
                "c": "To break",
                "d": "To copy"
              },
              "answer": "b"
            },
            {
              "question_no": 6,
              "question": "What is the meaning of **DELICIOUS**?",
              "options": {
                "a": "Bad-tasting",
                "b": "Unpleasant",
                "c": "Very tasty",
                "d": "Bland"
              },
              "answer": "c"
            },
            {
              "question_no": 7,
              "question": "What is the meaning of **EAGER**?",
              "options": {
                "a": "Unwilling",
                "b": "Reluctant",
                "c": "Enthusiastic and keen",
                "d": "Indifferent"
              },
              "answer": "c"
            },
            {
              "question_no": 8,
              "question": "What is the meaning of **ENJOY**?",
              "options": {
                "a": "To dislike",
                "b": "To suffer",
                "c": "To find pleasure in",
                "d": "To ignore"
              },
              "answer": "c"
            },
            {
              "question_no": 9,
              "question": "What is the meaning of **FAMOUS**?",
              "options": {
                "a": "Unknown",
                "b": "Popular and well-known",
                "c": "Obscure",
                "d": "Ordinary"
              },
              "answer": "b"
            },
            {
              "question_no": 10,
              "question": "What is the meaning of **FRAGILE**?",
              "options": {
                "a": "Strong",
                "b": "Easy to break",
                "c": "Durable",
                "d": "Tough"
              },
              "answer": "b"
            },
            {
              "question_no": 11,
              "question": "What is the meaning of **GENEROUS**?",
              "options": {
                "a": "Mean",
                "b": "Selfish",
                "c": "Willing to give freely",
                "d": "Stingy"
              },
              "answer": "c"
            },
            {
              "question_no": 12,
              "question": "What is the meaning of **GLEAM**?",
              "options": {
                "a": "To darken",
                "b": "To shine brightly",
                "c": "To hide",
                "d": "To dim"
              },
              "answer": "b"
            },
            {
              "question_no": 13,
              "question": "What is the meaning of **HUMBLE**?",
              "options": {
                "a": "Arrogant",
                "b": "Modest or low in rank",
                "c": "Proud",
                "d": "Boastful"
              },
              "answer": "b"
            },
            {
              "question_no": 14,
              "question": "What is the meaning of **IGNORANT**?",
              "options": {
                "a": "Knowledgeable",
                "b": "Unaware or uneducated",
                "c": "Smart",
                "d": "Wise"
              },
              "answer": "b"
            },
            {
              "question_no": 15,
              "question": "What is the meaning of **JOYFUL**?",
              "options": {
                "a": "Sad",
                "b": "Happy",
                "c": "Angry",
                "d": "Bored"
              },
              "answer": "b"
            },
            {
              "question_no": 16,
              "question": "What is the meaning of **KEEN**?",
              "options": {
                "a": "Dull",
                "b": "Enthusiastic or sharp",
                "c": "Indifferent",
                "d": "Lazy"
              },
              "answer": "b"
            },
            {
              "question_no": 17,
              "question": "What is the meaning of **LOVELY**?",
              "options": {
                "a": "Ugly",
                "b": "Unpleasant",
                "c": "Beautiful or charming",
                "d": "Horrible"
              },
              "answer": "c"
            },
            {
              "question_no": 18,
              "question": "What is the meaning of **MELT**?",
              "options": {
                "a": "To freeze",
                "b": "To solidify",
                "c": "To turn from solid to liquid",
                "d": "To harden"
              },
              "answer": "c"
            },
            {
              "question_no": 19,
              "question": "What is the meaning of **NEAT**?",
              "options": {
                "a": "Messy",
                "b": "Untidy",
                "c": "Tidy and orderly",
                "d": "Disorganized"
              },
              "answer": "c"
            },
            {
              "question_no": 20,
              "question": "What is the meaning of **OBEY**?",
              "options": {
                "a": "To defy",
                "b": "To follow rules or instructions",
                "c": "To resist",
                "d": "To ignore"
              },
              "answer": "b"
            },
            {
              "question_no": 21,
              "question": "What is the meaning of **PEACEFUL**?",
              "options": {
                "a": "Noisy",
                "b": "Calm and quiet",
                "c": "Chaotic",
                "d": "Disruptive"
              },
              "answer": "b"
            },
            {
              "question_no": 22,
              "question": "What is the meaning of **QUICK**?",
              "options": {
                "a": "Slow",
                "b": "Fast",
                "c": "Delayed",
                "d": "Leisurely"
              },
              "answer": "b"
            },
            {
              "question_no": 23,
              "question": "What is the meaning of **RELAX**?",
              "options": {
                "a": "To stress",
                "b": "To become less tense",
                "c": "To worry",
                "d": "To work hard"
              },
              "answer": "b"
            },
            {
              "question_no": 24,
              "question": "What is the meaning of **SILENT**?",
              "options": {
                "a": "Noisy",
                "b": "Making no sound",
                "c": "Loud",
                "d": "Talking"
              },
              "answer": "b"
            },
            {
              "question_no": 25,
              "question": "What is the meaning of **STUPID**?",
              "options": {
                "a": "Intelligent",
                "b": "Smart",
                "c": "Lacking intelligence",
                "d": "Clever"
              },
              "answer": "c"
            },
            {
              "question_no": 26,
              "question": "What is the meaning of **TINY**?",
              "options": {
                "a": "Large",
                "b": "Huge",
                "c": "Extremely small",
                "d": "Big"
              },
              "answer": "c"
            },
            {
              "question_no": 27,
              "question": "What is the meaning of **UNIQUE**?",
              "options": {
                "a": "Common",
                "b": "Ordinary",
                "c": "One of a kind",
                "d": "Usual"
              },
              "answer": "c"
            },
            {
              "question_no": 28,
              "question": "What is the meaning of **VALUABLE**?",
              "options": {
                "a": "Worthless",
                "b": "Cheap",
                "c": "Of great worth",
                "d": "Useless"
              },
              "answer": "c"
            },
            {
              "question_no": 29,
              "question": "What is the meaning of **WEARY**?",
              "options": {
                "a": "Energetic",
                "b": "Tired",
                "c": "Fresh",
                "d": "Alert"
              },
              "answer": "b"
            },
            {
              "question_no": 30,
              "question": "What is the meaning of **YELL**?",
              "options": {
                "a": "To whisper",
                "b": "To shout loudly",
                "c": "To speak softly",
                "d": "To murmur"
              },
              "answer": "b"
            }
          ]
        },
        {
          "Section Name": "Advanced",
          "Questions": [
            {
              "question_no": 1,
              "question": "What is the meaning of **ABERRATION**?",
              "options": {
                "a": "A normal occurrence",
                "b": "A deviation from what is normal or expected",
                "c": "A common event",
                "d": "A standard procedure"
              },
              "answer": "b"
            },
            {
              "question_no": 2,
              "question": "What is the meaning of **ALTRUISTIC**?",
              "options": {
                "a": "Selfish",
                "b": "Concerned with the well-being of others",
                "c": "Greedy",
                "d": "Self-centered"
              },
              "answer": "b"
            },
            {
              "question_no": 3,
              "question": "What is the meaning of **ANACHRONISM**?",
              "options": {
                "a": "Something chronologically accurate",
                "b": "Something out of place in time",
                "c": "A historical event",
                "d": "A contemporary phenomenon"
              },
              "answer": "b"
            },
            {
              "question_no": 4,
              "question": "What is the meaning of **BENEVOLENT**?",
              "options": {
                "a": "Malicious",
                "b": "Ill-willed",
                "c": "Well meaning and kindly",
                "d": "Hostile"
              },
              "answer": "c"
            },
            {
              "question_no": 5,
              "question": "What is the meaning of **CAPITULATE**?",
              "options": {
                "a": "To resist",
                "b": "To surrender",
                "c": "To conquer",
                "d": "To fight"
              },
              "answer": "b"
            },
            {
              "question_no": 6,
              "question": "What is the meaning of **CAUSTIC**?",
              "options": {
                "a": "Mild",
                "b": "Sarcastic in a scathing way",
                "c": "Soothing",
                "d": "Gentle"
              },
              "answer": "b"
            },
            {
              "question_no": 7,
              "question": "What is the meaning of **DEBILITATE**?",
              "options": {
                "a": "To strengthen",
                "b": "To make weak or infirm",
                "c": "To invigorate",
                "d": "To empower"
              },
              "answer": "b"
            },
            {
              "question_no": 8,
              "question": "What is the meaning of **ENIGMATIC**?",
              "options": {
                "a": "Clear",
                "b": "Puzzling or mysterious",
                "c": "Obvious",
                "d": "Straightforward"
              },
              "answer": "b"
            },
            {
              "question_no": 9,
              "question": "What is the meaning of **EPHEMERAL**?",
              "options": {
                "a": "Long-lasting",
                "b": "Permanent",
                "c": "Lasting for a very short time",
                "d": "Eternal"
              },
              "answer": "c"
            },
            {
              "question_no": 10,
              "question": "What is the meaning of **EXACERBATE**?",
              "options": {
                "a": "To improve",
                "b": "To make a problem worse",
                "c": "To alleviate",
                "d": "To lessen"
              },
              "answer": "b"
            },
            {
              "question_no": 11,
              "question": "What is the meaning of **FLAMBOYANT**?",
              "options": {
                "a": "Reserved",
                "b": "Ostentatious and showy",
                "c": "Modest",
                "d": "Simple"
              },
              "answer": "b"
            },
            {
              "question_no": 12,
              "question": "What is the meaning of **GREGARIOUS**?",
              "options": {
                "a": "Solitary",
                "b": "Fond of company; sociable",
                "c": "Shy",
                "d": "Introverted"
              },
              "answer": "b"
            },
            {
              "question_no": 13,
              "question": "What is the meaning of **IGNOMINY**?",
              "options": {
                "a": "Honor",
                "b": "Public shame or disgrace",
                "c": "Praise",
                "d": "Respect"
              },
              "answer": "b"
            },
            {
              "question_no": 14,
              "question": "What is the meaning of **IMPERIOUS**?",
              "options": {
                "a": "Humble",
                "b": "Assuming power or authority without justification; arrogant and domineering",
                "c": "Submissive",
                "d": "Modest"
              },
              "answer": "b"
            },
            {
              "question_no": 15,
              "question": "What is the meaning of **JUXTAPOSE**?",
              "options": {
                "a": "To separate",
                "b": "To place two things close together for contrasting effect",
                "c": "To combine",
                "d": "To align"
              },
              "answer": "b"
            },
            {
              "question_no": 16,
              "question": "What is the meaning of **LACONIC**?",
              "options": {
                "a": "Talkative",
                "b": "Using very few words",
                "c": "Wordy",
                "d": "Verbose"
              },
              "answer": "b"
            },
            {
              "question_no": 17,
              "question": "What is the meaning of **MAGNANIMOUS**?",
              "options": {
                "a": "Petty",
                "b": "Generous or forgiving, especially towards a rival",
                "c": "Mean-spirited",
                "d": "Spiteful"
              },
              "answer": "b"
            },
            {
              "question_no": 18,
              "question": "What is the meaning of **NEFARIOUS**?",
              "options": {
                "a": "Virtuous",
                "b": "Wicked or criminal",
                "c": "Benevolent",
                "d": "Good"
              },
              "answer": "b"
            },
            {
              "question_no": 19,
              "question": "What is the meaning of **OBFUSCATE**?",
              "options": {
                "a": "To clarify",
                "b": "To make unclear or confusing",
                "c": "To explain",
                "d": "To illuminate"
              },
              "answer": "b"
            },
            {
              "question_no": 20,
              "question": "What is the meaning of **PARSIMONIOUS**?",
              "options": {
                "a": "Generous",
                "b": "Unwilling to spend money or use resources; stingy",
                "c": "Wasteful",
                "d": "Lavish"
              },
              "answer": "b"
            },
            {
              "question_no": 21,
              "question": "What is the meaning of **PERNICIOUS**?",
              "options": {
                "a": "Beneficial",
                "b": "Having a harmful effect, especially in a gradual or subtle way",
                "c": "Harmless",
                "d": "Advantageous"
              },
              "answer": "b"
            },
            {
              "question_no": 22,
              "question": "What is the meaning of **PROFLIGATE**?",
              "options": {
                "a": "Thrifty",
                "b": "Recklessly extravagant or wasteful in the use of resources",
                "c": "Economical",
                "d": "Frugal"
              },
              "answer": "b"
            },
            {
              "question_no": 23,
              "question": "What is the meaning of **QUIESCENT**?",
              "options": {
                "a": "Active",
                "b": "In a state or period of inactivity or dormancy",
                "c": "Restless",
                "d": "Energetic"
              },
              "answer": "b"
            },
            {
              "question_no": 24,
              "question": "What is the meaning of **RECALCITRANT**?",
              "options": {
                "a": "Obedient",
                "b": "Having an obstinately uncooperative attitude",
                "c": "Compliant",
                "d": "Submissive"
              },
              "answer": "b"
            },
            {
              "question_no": 25,
              "question": "What is the meaning of **SANGUINE**?",
              "options": {
                "a": "Pessimistic",
                "b": "Optimistic or positive, especially in an apparently difficult situation",
                "c": "Gloomy",
                "d": "Hopeless"
              },
              "answer": "b"
            },
            {
              "question_no": 26,
              "question": "What is the meaning of **TACITURN**?",
              "options": {
                "a": "Talkative",
                "b": "Reserved or saying little",
                "c": "Expressive",
                "d": "Loquacious"
              },
              "answer": "b"
            },
            {
              "question_no": 27,
              "question": "What is the meaning of **UBIQUITOUS**?",
              "options": {
                "a": "Rare",
                "b": "Present, appearing, or found everywhere",
                "c": "Scarce",
                "d": "Limited"
              },
              "answer": "b"
            },
            {
              "question_no": 28,
              "question": "What is the meaning of **VACILLATE**?",
              "options": {
                "a": "To be firm",
                "b": "To waver between different opinions or actions",
                "c": "To decide",
                "d": "To remain steadfast"
              },
              "answer": "b"
            },
            {
              "question_no": 29,
              "question": "What is the meaning of **ZEALOUS**?",
              "options": {
                "a": "Apathetic",
                "b": "Having or showing great energy or enthusiasm for something",
                "c": "Indifferent",
                "d": "Disinterested"
              },
              "answer": "b"
            },
            {
              "question_no": 30,
              "question": "What is the meaning of **ACRIMONIOUS**?",
              "options": {
                "a": "Harmonious",
                "b": "Angry and bitter",
                "c": "Friendly",
                "d": "Pleasant"
              },
              "answer": "b"
            }
          ]
        },
        {
          "Section Name": "Test",
          "Questions": [
            {
              "question_no": 1,
              "question": "What is the meaning of **ADROIT**?",
              "options": {
                "a": "Clumsy or awkward",
                "b": "Clever or skillful in using the hands or mind",
                "c": "Inexperienced",
                "d": "Inept"
              },
              "answer": "b"
            },
            {
              "question_no": 2,
              "question": "What is the meaning of **CANDOR**?",
              "options": {
                "a": "Dishonesty",
                "b": "The quality of being open and honest; frankness",
                "c": "Deceit",
                "d": "Secrecy"
              },
              "answer": "b"
            },
            {
              "question_no": 3,
              "question": "What is the meaning of **DELETERIOUS**?",
              "options": {
                "a": "Beneficial",
                "b": "Causing harm or damage",
                "c": "Harmless",
                "d": "Advantageous"
              },
              "answer": "b"
            },
            {
              "question_no": 4,
              "question": "What is the meaning of **ESOTERIC**?",
              "options": {
                "a": "Common and well-known",
                "b": "Intended for or likely to be understood by only a small number of people with specialized knowledge",
                "c": "Obvious",
                "d": "Public"
              },
              "answer": "b"
            },
            {
              "question_no": 5,
              "question": "What is the meaning of **FELICITOUS**?",
              "options": {
                "a": "Unsuitable or inappropriate",
                "b": "Well chosen or apt; pleasing and fortunate",
                "c": "Unhappy",
                "d": "Inauspicious"
              },
              "answer": "b"
            },
            {
              "question_no": 6,
              "question": "What is the meaning of **HETEROGENEOUS**?",
              "options": {
                "a": "Uniform or similar",
                "b": "Diverse in character or content",
                "c": "Homogeneous",
                "d": "Identical"
              },
              "answer": "b"
            },
            {
              "question_no": 7,
              "question": "What is the meaning of **INSIDIOUS**?",
              "options": {
                "a": "Harmless",
                "b": "Proceeding in a gradual, subtle way, but with harmful effects",
                "c": "Overt",
                "d": "Straightforward"
              },
              "answer": "b"
            },
            {
              "question_no": 8,
              "question": "What is the meaning of **LUMINARY**?",
              "options": {
                "a": "An unknown person",
                "b": "A person who inspires or influences others, especially one prominent in a particular sphere",
                "c": "A follower",
                "d": "A minor figure"
              },
              "answer": "b"
            },
            {
              "question_no": 9,
              "question": "What is the meaning of **MAVERICK**?",
              "options": {
                "a": "A conformist",
                "b": "An orthodox person",
                "c": "An unorthodox or independent-minded person",
                "d": "A traditionalist"
              },
              "answer": "c"
            },
            {
              "question_no": 10,
              "question": "What is the meaning of **NOXIOUS**?",
              "options": {
                "a": "Harmless",
                "b": "Harmful, poisonous, or very unpleasant",
                "c": "Beneficial",
                "d": "Wholesome"
              },
              "answer": "b"
            },
            {
              "question_no": 11,
              "question": "What is the meaning of **OBSEQUIOUS**?",
              "options": {
                "a": "Assertive",
                "b": "Obedient or attentive to an excessive or servile degree",
                "c": "Domineering",
                "d": "Independent"
              },
              "answer": "b"
            },
            {
              "question_no": 12,
              "question": "What is the meaning of **PROLIFERATE**?",
              "options": {
                "a": "To decrease rapidly",
                "b": "To increase rapidly in numbers; multiply",
                "c": "To diminish",
                "d": "To shrink"
              },
              "answer": "b"
            },
            {
              "question_no": 13,
              "question": "What is the meaning of **QUINTESSENCE**?",
              "options": {
                "a": "An inferior example",
                "b": "The most perfect or typical example of a quality or class",
                "c": "An impurity",
                "d": "A deviation"
              },
              "answer": "b"
            },
            {
              "question_no": 14,
              "question": "What is the meaning of **SANCTIMONIOUS**?",
              "options": {
                "a": "Humble",
                "b": "Making a show of being morally superior to other people",
                "c": "Sincere",
                "d": "Genuine"
              },
              "answer": "b"
            },
            {
              "question_no": 15,
              "question": "What is the meaning of **TRANSIENT**?",
              "options": {
                "a": "Permanent",
                "b": "Lasting only for a short time; impermanent",
                "c": "Eternal",
                "d": "Stable"
              },
              "answer": "b"
            }
          ]
        }
      ]
    }
  ]
}