{
  "Subject": "Verbal",
  "Chapters": [
    {
      "Chapter Name": "Grammar",
      "Sections": [
        {
          "Section Name": "Basic",
          "Questions": [
            {
              "question_no": 1,
              "question": "I have ___ apple.\n    (A) a\n    (B) an\n    (C) the\n    (D) some",
              "options": {
                "a": "a",
                "b": "an",
                "c": "the",
                "d": "some"
              },
              "answer": "b"
            },
            {
              "question_no": 2,
              "question": "She ___ to school every day.\n    (A) go\n    (B) goes\n    (C) going\n    (D) went",
              "options": {
                "a": "go",
                "b": "goes",
                "c": "going",
                "d": "went"
              },
              "answer": "b"
            },
            {
              "question_no": 3,
              "question": "They ___ playing in the garden now.\n    (A) is\n    (B) am\n    (C) are\n    (D) be",
              "options": {
                "a": "is",
                "b": "am",
                "c": "are",
                "d": "be"
              },
              "answer": "c"
            },
            {
              "question_no": 4,
              "question": "My brother ___ tall.\n    (A) am\n    (B) is\n    (C) are\n    (D) be",
              "options": {
                "a": "am",
                "b": "is",
                "c": "are",
                "d": "be"
              },
              "answer": "b"
            },
            {
              "question_no": 5,
              "question": "We ___ happy to see you.\n    (A) am\n    (B) is\n    (C) are\n    (D) be",
              "options": {
                "a": "am",
                "b": "is",
                "c": "are",
                "d": "be"
              },
              "answer": "c"
            },
            {
              "question_no": 6,
              "question": "This is ___ book.\n    (A) I\n    (B) my\n    (C) me\n    (D) mine",
              "options": {
                "a": "I",
                "b": "my",
                "c": "me",
                "d": "mine"
              },
              "answer": "b"
            },
            {
              "question_no": 7,
              "question": "He is ___ good student.\n    (A) a\n    (B) an\n    (C) the\n    (D) some",
              "options": {
                "a": "a",
                "b": "an",
                "c": "the",
                "d": "some"
              },
              "answer": "a"
            },
            {
              "question_no": 8,
              "question": "The cat is ___ the table.\n    (A) in\n    (B) on\n    (C) under\n    (D) at",
              "options": {
                "a": "in",
                "b": "on",
                "c": "under",
                "d": "at"
              },
              "answer": "b"
            },
            {
              "question_no": 9,
              "question": "She likes ___ read books.\n    (A) to\n    (B) for\n    (C) with\n    (D) by",
              "options": {
                "a": "to",
                "b": "for",
                "c": "with",
                "d": "by"
              },
              "answer": "a"
            },
            {
              "question_no": 10,
              "question": "We ___ a big house.\n    (A) has\n    (B) have\n    (C) having\n    (D) had",
              "options": {
                "a": "has",
                "b": "have",
                "c": "having",
                "d": "had"
              },
              "answer": "b"
            },
            {
              "question_no": 11,
              "question": "He ___ a new car yesterday.\n    (A) buy\n    (B) buys\n    (C) bought\n    (D) buying",
              "options": {
                "a": "buy",
                "b": "buys",
                "c": "bought",
                "d": "buying"
              },
              "answer": "c"
            },
            {
              "question_no": 12,
              "question": "They ___ not like coffee.\n    (A) is\n    (B) does\n    (C) do\n    (D) has",
              "options": {
                "a": "is",
                "b": "does",
                "c": "do",
                "d": "has"
              },
              "answer": "c"
            },
            {
              "question_no": 13,
              "question": "___ you speak English?\n    (A) Is\n    (B) Does\n    (C) Do\n    (D) Are",
              "options": {
                "a": "Is",
                "b": "Does",
                "c": "Do",
                "d": "Are"
              },
              "answer": "c"
            },
            {
              "question_no": 14,
              "question": "The sun ___ in the East.\n    (A) rise\n    (B) rises\n    (C) rising\n    (D) rose",
              "options": {
                "a": "rise",
                "b": "rises",
                "c": "rising",
                "d": "rose"
              },
              "answer": "b"
            },
            {
              "question_no": 15,
              "question": "I ___ my homework now.\n    (A) do\n    (B) does\n    (C) am doing\n    (D) did",
              "options": {
                "a": "do",
                "b": "does",
                "c": "am doing",
                "d": "did"
              },
              "answer": "c"
            },
            {
              "question_no": 16,
              "question": "She ___ very beautiful.\n    (A) look\n    (B) looks\n    (C) looking\n    (D) looked",
              "options": {
                "a": "look",
                "b": "looks",
                "c": "looking",
                "d": "looked"
              },
              "answer": "b"
            },
            {
              "question_no": 17,
              "question": "We ___ to the beach last summer.\n    (A) go\n    (B) goes\n    (C) went\n    (D) gone",
              "options": {
                "a": "go",
                "b": "goes",
                "c": "went",
                "d": "gone"
              },
              "answer": "c"
            },
            {
              "question_no": 18,
              "question": "There ___ many birds in the tree.\n    (A) is\n    (B) are\n    (C) am\n    (D) be",
              "options": {
                "a": "is",
                "b": "are",
                "c": "am",
                "d": "be"
              },
              "answer": "b"
            },
            {
              "question_no": 19,
              "question": "Can you ___ me a pen?\n    (A) give\n    (B) gives\n    (C) giving\n    (D) gave",
              "options": {
                "a": "give",
                "b": "gives",
                "c": "giving",
                "d": "gave"
              },
              "answer": "a"
            },
            {
              "question_no": 20,
              "question": "He is taller ___ me.\n    (A) then\n    (B) than\n    (C) that\n    (D) from",
              "options": {
                "a": "then",
                "b": "than",
                "c": "that",
                "d": "from"
              },
              "answer": "b"
            },
            {
              "question_no": 21,
              "question": "I ___ eat breakfast every morning.\n    (A) usually\n    (B) rarely\n    (C) never\n    (D) often",
              "options": {
                "a": "usually",
                "b": "rarely",
                "c": "never",
                "d": "often"
              },
              "answer": "a"
            },
            {
              "question_no": 22,
              "question": "What ___ your name?\n    (A) is\n    (B) are\n    (C) am\n    (D) be",
              "options": {
                "a": "is",
                "b": "are",
                "c": "am",
                "d": "be"
              },
              "answer": "a"
            },
            {
              "question_no": 23,
              "question": "This is ___ car. (belonging to him)\n    (A) he\n    (B) his\n    (C) him\n    (D) himself",
              "options": {
                "a": "he",
                "b": "his",
                "c": "him",
                "d": "himself"
              },
              "answer": "b"
            },
            {
              "question_no": 24,
              "question": "She is a doctor, ___?\n    (A) isn't she\n    (B) doesn't she\n    (C) wasn't she\n    (D) didn't she",
              "options": {
                "a": "isn't she",
                "b": "doesn't she",
                "c": "wasn't she",
                "d": "didn't she"
              },
              "answer": "a"
            },
            {
              "question_no": 25,
              "question": "The children ___ playing outside.\n    (A) is\n    (B) are\n    (C) am\n    (D) be",
              "options": {
                "a": "is",
                "b": "are",
                "c": "am",
                "d": "be"
              },
              "answer": "b"
            },
            {
              "question_no": 26,
              "question": "I have ___ books than you.\n    (A) much\n    (B) many\n    (C) a lot\n    (D) few",
              "options": {
                "a": "much",
                "b": "many",
                "c": "a lot",
                "d": "few"
              },
              "answer": "b"
            },
            {
              "question_no": 27,
              "question": "He ___ finished his work.\n    (A) has\n    (B) have\n    (C) did\n    (D) is",
              "options": {
                "a": "has",
                "b": "have",
                "c": "did",
                "d": "is"
              },
              "answer": "a"
            },
            {
              "question_no": 28,
              "question": "They ___ visit us next week.\n    (A) will\n    (B) would\n    (C) can\n    (D) might",
              "options": {
                "a": "will",
                "b": "would",
                "c": "can",
                "d": "might"
              },
              "answer": "a"
            },
            {
              "question_no": 29,
              "question": "She likes ___ cakes.\n    (A) bake\n    (B) bakes\n    (C) baking\n    (D) baked",
              "options": {
                "a": "bake",
                "b": "bakes",
                "c": "baking",
                "d": "baked"
              },
              "answer": "c"
            },
            {
              "question_no": 30,
              "question": "The weather ___ cold today.\n    (A) is\n    (B) are\n    (C) am\n    (D) be",
              "options": {
                "a": "is",
                "b": "are",
                "c": "am",
                "d": "be"
              },
              "answer": "a"
            }
          ]
        },
        {
          "Section Name": "Advanced",
          "Questions": [
            {
              "question_no": 1,
              "question": "Had she known the truth, she ___ differently.\n    (A) would have acted\n    (B) would act\n    (C) will act\n    (D) had acted",
              "options": {
                "a": "would have acted",
                "b": "would act",
                "c": "will act",
                "d": "had acted"
              },
              "answer": "a"
            },
            {
              "question_no": 2,
              "question": "The company, ___ profits have soared, is expanding rapidly.\n    (A) who\n    (B) which\n    (C) whose\n    (D) that",
              "options": {
                "a": "who",
                "b": "which",
                "c": "whose",
                "d": "that"
              },
              "answer": "c"
            },
            {
              "question_no": 3,
              "question": "He denied ___ the confidential documents.\n    (A) to steal\n    (B) stealing\n    (C) having stolen\n    (D) to have stolen",
              "options": {
                "a": "to steal",
                "b": "stealing",
                "c": "having stolen",
                "d": "to have stolen"
              },
              "answer": "b"
            },
            {
              "question_no": 4,
              "question": "Hardly ___ the station when the train departed.\n    (A) he had reached\n    (B) had he reached\n    (C) he reached\n    (D) did he reach",
              "options": {
                "a": "he had reached",
                "b": "had he reached",
                "c": "he reached",
                "d": "did he reach"
              },
              "answer": "b"
            },
            {
              "question_no": 5,
              "question": "She insisted ___ paying for the entire meal.\n    (A) on\n    (B) in\n    (C) with\n    (D) by",
              "options": {
                "a": "on",
                "b": "in",
                "c": "with",
                "d": "by"
              },
              "answer": "a"
            },
            {
              "question_no": 6,
              "question": "The research suggests that regular exercise ___ cognitive decline.\n    (A) may prevent\n    (B) prevents\n    (C) will prevent\n    (D) preventing",
              "options": {
                "a": "may prevent",
                "b": "prevents",
                "c": "will prevent",
                "d": "preventing"
              },
              "answer": "a"
            },
            {
              "question_no": 7,
              "question": "Not only ___ a talented musician, but he is also an excellent painter.\n    (A) he is\n    (B) is he\n    (C) he was\n    (D) was he",
              "options": {
                "a": "he is",
                "b": "is he",
                "c": "he was",
                "d": "was he"
              },
              "answer": "b"
            },
            {
              "question_no": 8,
              "question": "If only I ___ her advice, I wouldn't be in this predicament.\n    (A) took\n    (B) had taken\n    (C) have taken\n    (D) take",
              "options": {
                "a": "took",
                "b": "had taken",
                "c": "have taken",
                "d": "take"
              },
              "answer": "b"
            },
            {
              "question_no": 9,
              "question": "The government is committed ___ poverty.\n    (A) to eradicate\n    (B) eradicating\n    (C) to eradicating\n    (D) for eradicating",
              "options": {
                "a": "to eradicate",
                "b": "eradicating",
                "c": "to eradicating",
                "d": "for eradicating"
              },
              "answer": "c"
            },
            {
              "question_no": 10,
              "question": "The manager prefers employees ___ arrive on time.\n    (A) which\n    (B) whom\n    (C) whose\n    (D) who",
              "options": {
                "a": "which",
                "b": "whom",
                "c": "whose",
                "d": "who"
              },
              "answer": "d"
            },
            {
              "question_no": 11,
              "question": "By the time he retires, he ___ for the company for thirty years.\n    (A) will work\n    (B) will have worked\n    (C) would work\n    (D) would have worked",
              "options": {
                "a": "will work",
                "b": "will have worked",
                "c": "would work",
                "d": "would have worked"
              },
              "answer": "b"
            },
            {
              "question_no": 12,
              "question": "The antique vase was accidentally ___.\n    (A) broke\n    (B) broken\n    (C) breaking\n    (D) breaked",
              "options": {
                "a": "broke",
                "b": "broken",
                "c": "breaking",
                "d": "breaked"
              },
              "answer": "b"
            },
            {
              "question_no": 13,
              "question": "___ the challenges, they managed to complete the project on time.\n    (A) Despite\n    (B) Although\n    (C) In spite\n    (D) However",
              "options": {
                "a": "Despite",
                "b": "Although",
                "c": "In spite",
                "d": "However"
              },
              "answer": "a"
            },
            {
              "question_no": 14,
              "question": "The more you practice, ___ you become.\n    (A) good\n    (B) better\n    (C) the better\n    (D) the best",
              "options": {
                "a": "good",
                "b": "better",
                "c": "the better",
                "d": "the best"
              },
              "answer": "c"
            },
            {
              "question_no": 15,
              "question": "He expressed a desire ___ improve his public speaking skills.\n    (A) to\n    (B) for\n    (C) of\n    (D) in",
              "options": {
                "a": "to",
                "b": "for",
                "c": "of",
                "d": "in"
              },
              "answer": "a"
            },
            {
              "question_no": 16,
              "question": "She was annoyed ___ him for his constant interruptions.\n    (A) with\n    (B) at\n    (C) by\n    (D) about",
              "options": {
                "a": "with",
                "b": "at",
                "c": "by",
                "d": "about"
              },
              "answer": "a"
            },
            {
              "question_no": 17,
              "question": "This is the house ___ Shakespeare was born.\n    (A) which\n    (B) where\n    (C) that\n    (D) in which",
              "options": {
                "a": "which",
                "b": "where",
                "c": "that",
                "d": "in which"
              },
              "answer": "b"
            },
            {
              "question_no": 18,
              "question": "He made her ___ the entire report.\n    (A) to rewrite\n    (B) rewrite\n    (C) rewriting\n    (D) rewrites",
              "options": {
                "a": "to rewrite",
                "b": "rewrite",
                "c": "rewriting",
                "d": "rewrites"
              },
              "answer": "b"
            },
            {
              "question_no": 19,
              "question": "The new policy is aimed ___ increasing efficiency.\n    (A) at\n    (B) for\n    (C) to\n    (D) with",
              "options": {
                "a": "at",
                "b": "for",
                "c": "to",
                "d": "with"
              },
              "answer": "a"
            },
            {
              "question_no": 20,
              "question": "___ all the evidence, he was still found guilty.\n    (A) Due to\n    (B) In spite of\n    (C) Because of\n    (D) Thanks to",
              "options": {
                "a": "Due to",
                "b": "In spite of",
                "c": "Because of",
                "d": "Thanks to"
              },
              "answer": "b"
            },
            {
              "question_no": 21,
              "question": "It's high time you ___ your responsibilities seriously.\n    (A) take\n    (B) took\n    (C) will take\n    (D) had taken",
              "options": {
                "a": "take",
                "b": "took",
                "c": "will take",
                "d": "had taken"
              },
              "answer": "b"
            },
            {
              "question_no": 22,
              "question": "The committee decided ___ the proposal.\n    (A) to accept\n    (B) accepting\n    (C) on accepting\n    (D) accept",
              "options": {
                "a": "to accept",
                "b": "accepting",
                "c": "on accepting",
                "d": "accept"
              },
              "answer": "a"
            },
            {
              "question_no": 23,
              "question": "Had I known you were coming, I ___ a cake.\n    (A) would bake\n    (B) would have baked\n    (C) will bake\n    (D) had baked",
              "options": {
                "a": "would bake",
                "b": "would have baked",
                "c": "will bake",
                "d": "had baked"
              },
              "answer": "b"
            },
            {
              "question_no": 24,
              "question": "She couldn't help ___ at his silly jokes.\n    (A) to laugh\n    (B) laughing\n    (C) laugh\n    (D) for laughing",
              "options": {
                "a": "to laugh",
                "b": "laughing",
                "c": "laugh",
                "d": "for laughing"
              },
              "answer": "b"
            },
            {
              "question_no": 25,
              "question": "The problem ___ requires immediate attention.\n    (A) itself\n    (B) oneself\n    (C) itself\n    (D) himself",
              "options": {
                "a": "itself",
                "b": "oneself",
                "c": "itself",
                "d": "himself"
              },
              "answer": "a"
            },
            {
              "question_no": 26,
              "question": "Little ___ that the secret would be revealed.\n    (A) he knew\n    (B) did he know\n    (C) he did know\n    (D) knew he",
              "options": {
                "a": "he knew",
                "b": "did he know",
                "c": "he did know",
                "d": "knew he"
              },
              "answer": "b"
            },
            {
              "question_no": 27,
              "question": "The project is due ___ completion next month.\n    (A) for\n    (B) to\n    (C) on\n    (D) at",
              "options": {
                "a": "for",
                "b": "to",
                "c": "on",
                "d": "at"
              },
              "answer": "a"
            },
            {
              "question_no": 28,
              "question": "There's no point ___ arguing with him.\n    (A) in\n    (B) on\n    (C) for\n    (D) at",
              "options": {
                "a": "in",
                "b": "on",
                "c": "for",
                "d": "at"
              },
              "answer": "a"
            },
            {
              "question_no": 29,
              "question": "He is said ___ a fortune in the stock market.\n    (A) to have made\n    (B) to make\n    (C) to be making\n    (D) having made",
              "options": {
                "a": "to have made",
                "b": "to make",
                "c": "to be making",
                "d": "having made"
              },
              "answer": "a"
            },
            {
              "question_no": 30,
              "question": "The manager suggested that the meeting ___ postponed.\n    (A) be\n    (B) is\n    (C) was\n    (D) should be",
              "options": {
                "a": "be",
                "b": "is",
                "c": "was",
                "d": "should be"
              },
              "answer": "a"
            }
          ]
        },
        {
          "Section Name": "Test",
          "Questions": [
            {
              "question_no": 1,
              "question": "If I ___ a bird, I would fly.\n    (A) am\n    (B) was\n    (C) were\n    (D) have been",
              "options": {
                "a": "am",
                "b": "was",
                "c": "were",
                "d": "have been"
              },
              "answer": "c"
            },
            {
              "question_no": 2,
              "question": "Neither John ___ his brother is coming to the party.\n    (A) or\n    (B) nor\n    (C) and\n    (D) but",
              "options": {
                "a": "or",
                "b": "nor",
                "c": "and",
                "d": "but"
              },
              "answer": "b"
            },
            {
              "question_no": 3,
              "question": "The news ___ surprising.\n    (A) is\n    (B) are\n    (C) were\n    (D) be",
              "options": {
                "a": "is",
                "b": "are",
                "c": "were",
                "d": "be"
              },
              "answer": "a"
            },
            {
              "question_no": 4,
              "question": "She looks ___ she has seen a ghost.\n    (A) like\n    (B) as\n    (C) as if\n    (D) similar",
              "options": {
                "a": "like",
                "b": "as",
                "c": "as if",
                "d": "similar"
              },
              "answer": "c"
            },
            {
              "question_no": 5,
              "question": "He ___ in London for ten years before he moved to Paris.\n    (A) lived\n    (B) has lived\n    (C) had lived\n    (D) was living",
              "options": {
                "a": "lived",
                "b": "has lived",
                "c": "had lived",
                "d": "was living"
              },
              "answer": "c"
            },
            {
              "question_no": 6,
              "question": "I wish I ___ more time to travel.\n    (A) have\n    (B) had\n    (C) will have\n    (D) had had",
              "options": {
                "a": "have",
                "b": "had",
                "c": "will have",
                "d": "had had"
              },
              "answer": "b"
            },
            {
              "question_no": 7,
              "question": "The old man, ___ was very tired, sat down on the bench.\n    (A) who\n    (B) whom\n    (C) which\n    (D) that",
              "options": {
                "a": "who",
                "b": "whom",
                "c": "which",
                "d": "that"
              },
              "answer": "a"
            },
            {
              "question_no": 8,
              "question": "They prevented us ___ entering the building.\n    (A) from\n    (B) to\n    (C) for\n    (D) with",
              "options": {
                "a": "from",
                "b": "to",
                "c": "for",
                "d": "with"
              },
              "answer": "a"
            },
            {
              "question_no": 9,
              "question": "Hard work is the key ___ success.\n    (A) of\n    (B) to\n    (C) for\n    (D) in",
              "options": {
                "a": "of",
                "b": "to",
                "c": "for",
                "d": "in"
              },
              "answer": "b"
            },
            {
              "question_no": 10,
              "question": "The children enjoyed ___ at the amusement park.\n    (A) themselves\n    (B) themself\n    (C) theirselves\n    (D) them",
              "options": {
                "a": "themselves",
                "b": "themself",
                "c": "theirselves",
                "d": "them"
              },
              "answer": "a"
            },
            {
              "question_no": 11,
              "question": "Scarcely had she finished speaking ___ the audience applauded.\n    (A) when\n    (B) than\n    (C) then\n    (D) as soon as",
              "options": {
                "a": "when",
                "b": "than",
                "c": "then",
                "d": "as soon as"
              },
              "answer": "a"
            },
            {
              "question_no": 12,
              "question": "He advised me ___ early.\n    (A) to arrive\n    (B) arriving\n    (C) arrive\n    (D) for arriving",
              "options": {
                "a": "to arrive",
                "b": "arriving",
                "c": "arrive",
                "d": "for arriving"
              },
              "answer": "a"
            },
            {
              "question_no": 13,
              "question": "The company offers a wide ___ of products.\n    (A) range\n    (B) vary\n    (C) selection\n    (D) number",
              "options": {
                "a": "range",
                "b": "vary",
                "c": "selection",
                "d": "number"
              },
              "answer": "a"
            },
            {
              "question_no": 14,
              "question": "Despite ___ rich, he lives a simple life.\n    (A) being\n    (B) is\n    (C) he is\n    (D) his",
              "options": {
                "a": "being",
                "b": "is",
                "c": "he is",
                "d": "his"
              },
              "answer": "a"
            },
            {
              "question_no": 15,
              "question": "It's imperative that he ___ the report by tomorrow.\n    (A) submit\n    (B) submits\n    (C) submitted\n    (D) will submit",
              "options": {
                "a": "submit",
                "b": "submits",
                "c": "submitted",
                "d": "will submit"
              },
              "answer": "a"
            }
          ]
        }
      ]
    }
  ]
}