{
  "subject": "English Language",
  "topics": [
    {
      "name": "Word Usage",
      "questions": [
        {
          "id": "WU01",
          "question": "Choose the correct word usage in the sentence: 'The new policy will ____ to all employees, regardless of their position.'",
          "options": {
            "A": "apply",
            "B": "imply",
            "C": "comply",
            "D": "reply"
          },
          "correct_option": "A"
        },
        {
          "id": "WU02",
          "question": "Choose the correct word usage in the sentence: 'The museum houses a ____ collection of Renaissance paintings.'",
          "options": {
            "A": "priceless",
            "B": "worthless",
            "C": "priced",
            "D": "worthy"
          },
          "correct_option": "A"
        },
        {
          "id": "WU03",
          "question": "Choose the correct word usage in the sentence: 'She tried to ____ her nervousness during the interview.'",
          "options": {
            "A": "excel",
            "B": "expel",
            "C": "conceal",
            "D": "reveal"
          },
          "correct_option": "C"
        },
        {
          "id": "WU04",
          "question": "Choose the correct word usage in the sentence: 'His comments were completely ____ to the discussion at hand.'",
          "options": {
            "A": "irrelevant",
            "B": "irrevocable",
            "C": "irregular",
            "D": "irresponsible"
          },
          "correct_option": "A"
        },
        {
          "id": "WU05",
          "question": "Choose the correct word usage in the sentence: 'The accident led to a ____ delay in the project completion.'",
          "options": {
            "A": "temporarily",
            "B": "temporally",
            "C": "temporal",
            "D": "temporary"
          },
          "correct_option": "D"
        },
        {
          "id": "WU06",
          "question": "Choose the correct word usage in the sentence: 'The company will ____ a new marketing strategy next month.'",
          "options": {
            "A": "adapt",
            "B": "adopt",
            "C": "adept",
            "D": "adept at"
          },
          "correct_option": "B"
        },
        {
          "id": "WU07",
          "question": "Choose the correct word usage in the sentence: 'The professor's ____ explanation helped clarify the complex theory.'",
          "options": {
            "A": "lucid",
            "B": "lucrative",
            "C": "ludicrous",
            "D": "luminous"
          },
          "correct_option": "A"
        },
        {
          "id": "WU08",
          "question": "Choose the correct word usage in the sentence: 'The mountain climbers had to ____ severe weather conditions during their expedition.'",
          "options": {
            "A": "endure",
            "B": "induce",
            "C": "ensure",
            "D": "insure"
          },
          "correct_option": "A"
        },
        {
          "id": "WU09",
          "question": "Choose the correct word usage in the sentence: 'The government has implemented several measures to ____ economic growth.'",
          "options": {
            "A": "stumble",
            "B": "stimulate",
            "C": "stipulate",
            "D": "strangle"
          },
          "correct_option": "B"
        },
        {
          "id": "WU10",
          "question": "Choose the correct word usage in the sentence: 'The patient showed remarkable ____ after the surgery.'",
          "options": {
            "A": "recovery",
            "B": "discovery",
            "C": "uncovery",
            "D": "covering"
          },
          "correct_option": "A"
        }
      ]
    },
    {
      "name": "Grammar (Tenses, Prepositions, Articles)",
      "questions": [
        {
          "id": "GR01",
          "question": "Choose the correct form: 'If I ____ the lottery, I would buy a house by the beach.'",
          "options": {
            "A": "win",
            "B": "won",
            "C": "had won",
            "D": "would win"
          },
          "correct_option": "B"
        },
        {
          "id": "GR02",
          "question": "Choose the correct preposition: 'The book was written ____ Charles Dickens ____ the 19th century.'",
          "options": {
            "A": "by ... in",
            "B": "with ... at",
            "C": "from ... during",
            "D": "of ... within"
          },
          "correct_option": "A"
        },
        {
          "id": "GR03",
          "question": "Choose the correct article: 'I saw ____ UFO in the sky last night.'",
          "options": {
            "A": "a",
            "B": "an",
            "C": "the",
            "D": "no article needed"
          },
          "correct_option": "A"
        },
        {
          "id": "GR04",
          "question": "Choose the correct tense: 'By the time you read this message, I ____ the country.'",
          "options": {
            "A": "will leave",
            "B": "will have left",
            "C": "have left",
            "D": "am leaving"
          },
          "correct_option": "B"
        },
        {
          "id": "GR05",
          "question": "Choose the correct preposition: 'The painting is hanging ____ the wall ____ the fireplace.'",
          "options": {
            "A": "on ... above",
            "B": "at ... over",
            "C": "by ... across",
            "D": "in ... upon"
          },
          "correct_option": "A"
        },
        {
          "id": "GR06",
          "question": "Choose the correct article: 'She plays ____ piano beautifully.'",
          "options": {
            "A": "a",
            "B": "an",
            "C": "the",
            "D": "no article needed"
          },
          "correct_option": "C"
        },
        {
          "id": "GR07",
          "question": "Choose the correct tense: 'We ____ in this neighborhood since 2010.'",
          "options": {
            "A": "live",
            "B": "are living",
            "C": "have lived",
            "D": "had lived"
          },
          "correct_option": "C"
        },
        {
          "id": "GR08",
          "question": "Choose the correct preposition: 'The children were warned ____ playing ____ the busy road.'",
          "options": {
            "A": "against ... near",
            "B": "from ... by",
            "C": "about ... on",
            "D": "of ... with"
          },
          "correct_option": "A"
        },
        {
          "id": "GR09",
          "question": "Choose the correct article: 'I'd like to become ____ engineer when I graduate.'",
          "options": {
            "A": "a",
            "B": "an",
            "C": "the",
            "D": "no article needed"
          },
          "correct_option": "B"
        },
        {
          "id": "GR10",
          "question": "Choose the correct tense: 'The train ____ by the time we reached the station.'",
          "options": {
            "A": "leaves",
            "B": "left",
            "C": "has left",
            "D": "had left"
          },
          "correct_option": "D"
        }
      ]
    },
    {
      "name": "Vocabulary (Contextual Meaning)",
      "questions": [
        {
          "id": "VC01",
          "question": "What is the meaning of 'engage' in the sentence: 'The company decided to engage an external consultant to review their procedures.'?",
          "options": {
            "A": "To marry someone",
            "B": "To participate in something",
            "C": "To hire or employ",
            "D": "To fight with someone"
          },
          "correct_option": "C"
        },
        {
          "id": "VC02",
          "question": "What is the meaning of 'field' in the sentence: 'The journalist tried to field questions about the controversial report.'?",
          "options": {
            "A": "An area of land",
            "B": "A subject or area of expertise",
            "C": "To handle or respond to",
            "D": "To participate in a sporting event"
          },
          "correct_option": "C"
        },
        {
          "id": "VC03",
          "question": "What is the meaning of 'charge' in the sentence: 'The new manager is in charge of the department.'?",
          "options": {
            "A": "To ask for payment",
            "B": "To rush forward",
            "C": "To accuse of a crime",
            "D": "Responsibility for"
          },
          "correct_option": "D"
        },
        {
          "id": "VC04",
          "question": "What is the meaning of 'run' in the sentence: 'The newspaper will run a story about the local elections tomorrow.'?",
          "options": {
            "A": "To move quickly on foot",
            "B": "To operate or manage",
            "C": "To publish or broadcast",
            "D": "To compete in a race"
          },
          "correct_option": "C"
        },
        {
          "id": "VC05",
          "question": "What is the meaning of 'light' in the sentence: 'Recent discoveries have shed light on this previously misunderstood phenomenon.'?",
          "options": {
            "A": "Illumination from the sun or a lamp",
            "B": "Something that makes things visible",
            "C": "Understanding or clarification",
            "D": "Not heavy"
          },
          "correct_option": "C"
        },
        {
          "id": "VC06",
          "question": "What is the meaning of 'table' in the sentence: 'The committee decided to table the discussion until next meeting.'?",
          "options": {
            "A": "A piece of furniture",
            "B": "To present for consideration",
            "C": "To postpone or delay",
            "D": "To arrange data in rows and columns"
          },
          "correct_option": "C"
        },
        {
          "id": "VC07",
          "question": "What is the meaning of 'stand' in the sentence: 'The old building still stands despite the earthquake.'?",
          "options": {
            "A": "To be on one's feet",
            "B": "To remain upright",
            "C": "To tolerate",
            "D": "To be located"
          },
          "correct_option": "B"
        },
        {
          "id": "VC08",
          "question": "What is the meaning of 'catch' in the sentence: 'I didn't catch what you said; could you repeat it?'?",
          "options": {
            "A": "To grab or seize",
            "B": "To become infected",
            "C": "To hear or understand",
            "D": "To trap or ensnare"
          },
          "correct_option": "C"
        },
        {
          "id": "VC09",
          "question": "What is the meaning of 'play' in the sentence: 'Emotions play an important role in decision-making.'?",
          "options": {
            "A": "To engage in games",
            "B": "To perform music",
            "C": "To act in a drama",
            "D": "To have influence or function"
          },
          "correct_option": "D"
        },
        {
          "id": "VC10",
          "question": "What is the meaning of 'draw' in the sentence: 'The fascinating exhibition continues to draw large crowds.'?",
          "options": {
            "A": "To create a picture",
            "B": "To pull or drag",
            "C": "To attract or entice",
            "D": "To select randomly"
          },
          "correct_option": "C"
        }
      ]
    },
    {
      "name": "Reading Comprehension (Short passages)",
      "questions": [
        {
          "id": "RC01",
          "question": "Read the passage and answer the question: 'The Great Barrier Reef, the world's largest coral reef system, is facing unprecedented threats from climate change. Rising ocean temperatures have caused repeated mass coral bleaching events, while increased acidity from carbon dioxide absorption weakens coral structures. Scientists predict that without immediate intervention, over 90% of the reef could be lost by 2050.' What is the primary threat to the Great Barrier Reef mentioned in the passage?",
          "options": {
            "A": "Overfishing",
            "B": "Tourism",
            "C": "Climate change",
            "D": "Oil drilling"
          },
          "correct_option": "C"
        },
        {
          "id": "RC02",
          "question": "Read the passage and answer the question: 'Democracy's strength lies not in the uniformity of opinion but in the diversity of voices. The marketplace of ideas thrives when citizens engage in respectful debate, challenge prevailing narratives, and consider perspectives different from their own. The greatest threat to this system is not disagreement but the unwillingness to acknowledge the possibility that one's own views may be incomplete or incorrect.' According to the passage, what is essential for democracy to function well?",
          "options": {
            "A": "Uniform opinions",
            "B": "Diversity of voices",
            "C": "Government control of information",
            "D": "Limiting debate"
          },
          "correct_option": "B"
        },
        {
          "id": "RC03",
          "question": "Read the passage and answer the question: 'The invention of the printing press in the 15th century by Johannes Gutenberg revolutionized the spread of information. Previously, books were painstakingly copied by hand, making them rare and expensive. The printing press enabled mass production of texts, dramatically reducing their cost and increasing accessibility. This technological innovation contributed significantly to the Renaissance, the Reformation, and the Scientific Revolution by allowing ideas to spread more quickly and widely than ever before.' According to the passage, what was a major impact of the printing press?",
          "options": {
            "A": "Reduced literacy rates",
            "B": "Increased cost of books",
            "C": "Faster and wider spread of ideas",
            "D": "Decreased interest in reading"
          },
          "correct_option": "C"
        },
        {
          "id": "RC04",
          "question": "Read the passage and answer the question: 'Honeybees communicate through an elaborate dance language. When a worker bee discovers a rich food source, it returns to the hive and performs a waggle dance. The direction of the dance indicates the direction of the food source relative to the sun, while the duration of the waggling indicates the distance. Other bees observe this performance and can then locate the food source with remarkable precision.' What information does the duration of waggling in a honeybee's dance convey?",
          "options": {
            "A": "Type of food",
            "B": "Quality of food",
            "C": "Distance to food",
            "D": "Time of day"
          },
          "correct_option": "C"
        },
        {
          "id": "RC05",
          "question": "Read the passage and answer the question: 'Despite common perception, the Great Wall of China is not visible from space with the naked eye. This myth has persisted for decades, but astronauts have consistently reported that the wall is difficult to see even from low Earth orbit. The wall is relatively narrow and built from materials that blend with the surrounding landscape when viewed from a great distance. Many other human structures, such as highways and city lights, are actually more visible from space.' According to the passage, why is the Great Wall difficult to see from space?",
          "options": {
            "A": "It's too old",
            "B": "It's not long enough",
            "C": "It's narrow and blends with surroundings",
            "D": "It's covered by clouds"
          },
          "correct_option": "C"
        },
        {
          "id": "RC06",
          "question": "Read the passage and answer the question: 'Research suggests that bilingualism may delay the onset of dementia symptoms by approximately four to five years. The theory is that regularly switching between languages exercises the brain's executive function, building what scientists call 'cognitive reserve.' This doesn't prevent dementia pathology but appears to help the brain compensate for damage, allowing it to function normally for longer despite underlying disease progression.' According to the passage, how does bilingualism potentially benefit brain health?",
          "options": {
            "A": "It prevents dementia entirely",
            "B": "It builds cognitive reserve",
            "C": "It reverses existing brain damage",
            "D": "It eliminates the need for medication"
          },
          "correct_option": "B"
        },
        {
          "id": "RC07",
          "question": "Read the passage and answer the question: 'The placebo effect is a remarkable phenomenon in which a patient's symptoms improve after receiving a treatment with no active medicinal ingredients, simply because the patient believes the treatment will work. Recent research suggests the placebo effect involves complex neurobiological mechanisms, including the release of endorphins\u00e2\u20ac\u201dthe body's natural painkillers. This highlights the powerful connection between mind and body in healing processes.' What does the passage suggest is responsible for the placebo effect?",
          "options": {
            "A": "Undiscovered medicinal properties",
            "B": "Psychological deception",
            "C": "The mind-body connection",
            "D": "Doctor-patient relationships"
          },
          "correct_option": "C"
        },
        {
          "id": "RC08",
          "question": "Read the passage and answer the question: 'Venice, Italy, has been slowly sinking into the lagoon it was built upon, a problem exacerbated by rising sea levels due to climate change. The city experiences regular flooding, known locally as 'acqua alta,' which has become more frequent and severe in recent decades. In 2019, Venice implemented a flood barrier system called MOSE, consisting of 78 mobile gates that can temporarily separate the lagoon from the Adriatic Sea during high tides.' What is the main issue facing Venice described in this passage?",
          "options": {
            "A": "Tourism overcrowding",
            "B": "Structural decay",
            "C": "Economic decline",
            "D": "Sinking and flooding"
          },
          "correct_option": "D"
        },
        {
          "id": "RC09",
          "question": "Read the passage and answer the question: 'Contrary to popular belief, the primary purpose of yawning may not be to increase oxygen intake. Research has found that people don't yawn more in low-oxygen environments, and exercise, which increases oxygen needs, doesn't trigger yawning. Instead, some scientists believe that yawning helps cool the brain by increasing blood flow and air intake. This cooling may help maintain optimal brain functioning, particularly when we're tired or transitioning between different states of alertness.' According to the passage, what might be the main purpose of yawning?",
          "options": {
            "A": "Social signaling",
            "B": "Increasing oxygen",
            "C": "Brain cooling",
            "D": "Muscle stretching"
          },
          "correct_option": "C"
        },
        {
          "id": "RC10",
          "question": "Read the passage and answer the question: 'The 'farm-to-table' movement emphasizes locally grown produce and direct relationships between farmers and consumers. Proponents argue that this approach offers numerous benefits: fresher, more nutritious food; reduced environmental impact due to shorter transportation distances; support for local economies; and greater transparency in food production. Critics, however, point out that local isn't always more sustainable, as farming methods matter more than distance traveled, and that such systems may not scale efficiently to feed large urban populations.' What is one benefit of the farm-to-table movement mentioned in the passage?",
          "options": {
            "A": "Lower food prices",
            "B": "Fresher food",
            "C": "Increased crop yields",
            "D": "Longer shelf life"
          },
          "correct_option": "B"
        }
      ]
    },
    {
      "name": "Synonyms & Antonyms",
      "questions": [
        {
          "id": "SA01",
          "question": "Choose the synonym of 'Benevolent':",
          "options": {
            "A": "Malicious",
            "B": "Charitable",
            "C": "Hostile",
            "D": "Indifferent"
          },
          "correct_option": "B"
        },
        {
          "id": "SA02",
          "question": "Choose the antonym of 'Frugal':",
          "options": {
            "A": "Economical",
            "B": "Thrifty",
            "C": "Extravagant",
            "D": "Prudent"
          },
          "correct_option": "C"
        },
        {
          "id": "SA03",
          "question": "Choose the synonym of 'Ephemeral':",
          "options": {
            "A": "Permanent",
            "B": "Transient",
            "C": "Enduring",
            "D": "Stable"
          },
          "correct_option": "B"
        },
        {
          "id": "SA04",
          "question": "Choose the antonym of 'Audacious':",
          "options": {
            "A": "Timid",
            "B": "Bold",
            "C": "Daring",
            "D": "Brave"
          },
          "correct_option": "A"
        },
        {
          "id": "SA05",
          "question": "Choose the synonym of 'Pernicious':",
          "options": {
            "A": "Beneficial",
            "B": "Harmless",
            "C": "Harmful",
            "D": "Advantageous"
          },
          "correct_option": "C"
        },
        {
          "id": "SA06",
          "question": "Choose the antonym of 'Laconic':",
          "options": {
            "A": "Verbose",
            "B": "Brief",
            "C": "Concise",
            "D": "Terse"
          },
          "correct_option": "A"
        },
        {
          "id": "SA07",
          "question": "Choose the synonym of 'Recalcitrant':",
          "options": {
            "A": "Obedient",
            "B": "Compliant",
            "C": "Stubborn",
            "D": "Acquiescent"
          },
          "correct_option": "C"
        },
        {
          "id": "SA08",
          "question": "Choose the antonym of 'Taciturn':",
          "options": {
            "A": "Silent",
            "B": "Reserved",
            "C": "Garrulous",
            "D": "Quiet"
          },
          "correct_option": "C"
        },
        {
          "id": "SA09",
          "question": "Choose the synonym of 'Ameliorate':",
          "options": {
            "A": "Worsen",
            "B": "Improve",
            "C": "Deteriorate",
            "D": "Aggravate"
          },
          "correct_option": "B"
        },
        {
          "id": "SA10",
          "question": "Choose the antonym of 'Venerate':",
          "options": {
            "A": "Respect",
            "B": "Honor",
            "C": "Despise",
            "D": "Admire"
          },
          "correct_option": "C"
        }
      ]
    },
    {
      "name": "Sentence Completion",
      "questions": [
        {
          "id": "SC01",
          "question": "Despite her best efforts to remain __________, the news of her promotion brought a smile to her face.",
          "options": {
            "A": "animated",
            "B": "stoic",
            "C": "verbose",
            "D": "empathetic"
          },
          "correct_option": "B"
        },
        {
          "id": "SC02",
          "question": "The professor's lecture was so __________ that several students fell asleep during the presentation.",
          "options": {
            "A": "engaging",
            "B": "stimulating",
            "C": "tedious",
            "D": "concise"
          },
          "correct_option": "C"
        },
        {
          "id": "SC03",
          "question": "The mountain climber's __________ was evident as he prepared to scale the treacherous peak despite numerous warnings.",
          "options": {
            "A": "trepidation",
            "B": "intrepidity",
            "C": "hesitation",
            "D": "diffidence"
          },
          "correct_option": "B"
        },
        {
          "id": "SC04",
          "question": "The critic's __________ review of the play caused ticket sales to plummet almost immediately.",
          "options": {
            "A": "laudatory",
            "B": "ambivalent",
            "C": "favorable",
            "D": "scathing"
          },
          "correct_option": "D"
        },
        {
          "id": "SC05",
          "question": "After years of drought, the farmers welcomed the __________ rainfall that promised to revitalize their crops.",
          "options": {
            "A": "meager",
            "B": "sparse",
            "C": "copious",
            "D": "insufficient"
          },
          "correct_option": "C"
        },
        {
          "id": "SC06",
          "question": "The CEO's __________ leadership style created an atmosphere of trust and collaboration within the company.",
          "options": {
            "A": "authoritarian",
            "B": "capricious",
            "C": "inclusive",
            "D": "erratic"
          },
          "correct_option": "C"
        },
        {
          "id": "SC07",
          "question": "The historical novel was praised for its __________ attention to period details and authentic dialogue.",
          "options": {
            "A": "superficial",
            "B": "meticulous",
            "C": "cursory",
            "D": "negligent"
          },
          "correct_option": "B"
        },
        {
          "id": "SC08",
          "question": "Despite the __________ evidence against him, the defendant maintained his innocence throughout the trial.",
          "options": {
            "A": "exonerating",
            "B": "inconclusive",
            "C": "compelling",
            "D": "favorable"
          },
          "correct_option": "C"
        },
        {
          "id": "SC09",
          "question": "The diplomat's __________ remarks at the conference helped ease tensions between the two rival nations.",
          "options": {
            "A": "inflammatory",
            "B": "divisive",
            "C": "conciliatory",
            "D": "provocative"
          },
          "correct_option": "C"
        },
        {
          "id": "SC10",
          "question": "The ancient text was written in such __________ language that even expert linguists struggled to translate it.",
          "options": {
            "A": "straightforward",
            "B": "accessible",
            "C": "lucid",
            "D": "abstruse"
          },
          "correct_option": "D"
        }
      ]
    },
    {
      "name": "Error Spotting / Sentence Correction",
      "questions": [
        {
          "id": "ES01",
          "question": "Identify the error in the sentence: 'Neither the students nor the teacher were able to solve the complex problem.'",
          "options": {
            "A": "Neither",
            "B": "the students",
            "C": "were able",
            "D": "complex problem"
          },
          "correct_option": "C"
        },
        {
          "id": "ES02",
          "question": "Identify the error in the sentence: 'The committee have decided to postpone the meeting until next week.'",
          "options": {
            "A": "The committee",
            "B": "have decided",
            "C": "to postpone",
            "D": "until next week"
          },
          "correct_option": "B"
        },
        {
          "id": "ES03",
          "question": "Identify the error in the sentence: 'She is one of the only student who completed the assignment before the deadline.'",
          "options": {
            "A": "She is",
            "B": "one of the only",
            "C": "student who",
            "D": "before the deadline"
          },
          "correct_option": "C"
        },
        {
          "id": "ES04",
          "question": "Identify the error in the sentence: 'The data shows that inflation has risen dramatically over the past six months.'",
          "options": {
            "A": "The data",
            "B": "shows that",
            "C": "has risen",
            "D": "past six months"
          },
          "correct_option": "B"
        },
        {
          "id": "ES05",
          "question": "Identify the error in the sentence: 'Everyone must bring their own lunch to the field trip.'",
          "options": {
            "A": "Everyone",
            "B": "must bring",
            "C": "their own lunch",
            "D": "to the field trip"
          },
          "correct_option": "C"
        },
        {
          "id": "ES06",
          "question": "Identify the error in the sentence: 'If I would have known about the party, I would have attended it.'",
          "options": {
            "A": "If I",
            "B": "would have known",
            "C": "would have attended",
            "D": "it"
          },
          "correct_option": "B"
        },
        {
          "id": "ES07",
          "question": "Identify the error in the sentence: 'Between you and I, this project might not be completed on time.'",
          "options": {
            "A": "Between",
            "B": "you and I",
            "C": "might not be",
            "D": "on time"
          },
          "correct_option": "B"
        },
        {
          "id": "ES08",
          "question": "Identify the error in the sentence: 'The reason why he left early was because he felt ill.'",
          "options": {
            "A": "The reason why",
            "B": "he left",
            "C": "was because",
            "D": "he felt ill"
          },
          "correct_option": "C"
        },
        {
          "id": "ES09",
          "question": "Identify the error in the sentence: 'She returned back to her hometown after living abroad for ten years.'",
          "options": {
            "A": "She",
            "B": "returned back",
            "C": "to her hometown",
            "D": "for ten years"
          },
          "correct_option": "B"
        },
        {
          "id": "ES10",
          "question": "Identify the error in the sentence: 'The manager along with his team members are planning a strategy for the upcoming project.'",
          "options": {
            "A": "The manager",
            "B": "along with",
            "C": "his team members",
            "D": "are planning"
          },
          "correct_option": "D"
        }
      ]
    },
    {
      "name": "Fill in the Blanks",
      "questions": [
        {
          "id": "FB01",
          "question": "The museum's latest exhibition features artifacts that __________ the cultural heritage of ancient civilizations.",
          "options": {
            "A": "denounce",
            "B": "showcase",
            "C": "contradict",
            "D": "minimize"
          },
          "correct_option": "B"
        },
        {
          "id": "FB02",
          "question": "The company's financial situation has __________ in recent months due to poor management decisions.",
          "options": {
            "A": "deteriorated",
            "B": "flourished",
            "C": "stabilized",
            "D": "neutralized"
          },
          "correct_option": "A"
        },
        {
          "id": "FB03",
          "question": "Scientists have __________ that this species of butterfly may become extinct within the next decade.",
          "options": {
            "A": "denounced",
            "B": "predicted",
            "C": "celebrated",
            "D": "overlooked"
          },
          "correct_option": "B"
        },
        {
          "id": "FB04",
          "question": "Despite the heavy rain, the hikers were __________ to reach the summit before nightfall.",
          "options": {
            "A": "reluctant",
            "B": "determined",
            "C": "hesitant",
            "D": "forbidden"
          },
          "correct_option": "B"
        },
        {
          "id": "FB05",
          "question": "The politician's speech was deliberately __________, leaving the audience unsure about his actual position on the issue.",
          "options": {
            "A": "transparent",
            "B": "ambiguous",
            "C": "precise",
            "D": "definitive"
          },
          "correct_option": "B"
        },
        {
          "id": "FB06",
          "question": "The discovery of new evidence __________ the researcher's original hypothesis about the ancient civilization.",
          "options": {
            "A": "confirmed",
            "B": "disputed",
            "C": "validated",
            "D": "corroborated"
          },
          "correct_option": "B"
        },
        {
          "id": "FB07",
          "question": "The company offered a generous __________ package to employees who had been with the firm for more than ten years.",
          "options": {
            "A": "retirement",
            "B": "disciplinary",
            "C": "recruitment",
            "D": "probationary"
          },
          "correct_option": "A"
        },
        {
          "id": "FB08",
          "question": "The documentary film aims to __________ awareness about environmental issues affecting marine ecosystems.",
          "options": {
            "A": "diminish",
            "B": "raise",
            "C": "overlook",
            "D": "reduce"
          },
          "correct_option": "B"
        },
        {
          "id": "FB09",
          "question": "The chef is known for creating dishes that __________ traditional recipes with modern cooking techniques.",
          "options": {
            "A": "abandon",
            "B": "reject",
            "C": "fuse",
            "D": "disregard"
          },
          "correct_option": "C"
        },
        {
          "id": "FB10",
          "question": "After several failed attempts, the team finally managed to __________ a solution to the complex technical problem.",
          "options": {
            "A": "complicate",
            "B": "devise",
            "C": "misunderstand",
            "D": "overlook"
          },
          "correct_option": "B"
        }
      ]
    },
    {
      "name": "Para Jumbles (Sentence Rearrangement)",
      "questions": [
        {
          "id": "PJ01",
          "question": "Arrange the following sentences in the correct order:\nP: This is because they contain natural chemicals that can trigger allergic reactions.\nQ: However, some people need to be careful when consuming certain foods.\nR: Food allergies affect approximately 5% of adults and 8% of children.\nS: Most people can enjoy a wide variety of foods without any problems.",
          "options": {
            "A": "SQPR",
            "B": "SRQP",
            "C": "QRPS",
            "D": "SPRQ"
          },
          "correct_option": "A"
        },
        {
          "id": "PJ02",
          "question": "Arrange the following sentences in the correct order:\nP: These devices have transformed how we communicate, work, and access information.\nQ: Mobile phones have become an essential part of modern life.\nR: However, this constant connectivity has also led to concerns about digital addiction and privacy.\nS: Today, smartphones allow users to perform tasks that once required multiple separate devices.",
          "options": {
            "A": "QPSR",
            "B": "PQRS",
            "C": "QSPR",
            "D": "SPQR"
          },
          "correct_option": "A"
        },
        {
          "id": "PJ03",
          "question": "Arrange the following sentences in the correct order:\nP: The industrial revolution in the 18th century accelerated this process.\nQ: Cities have been centers of trade, culture, and innovation for thousands of years.\nR: Today, more than half of the world's population lives in urban areas.\nS: Urbanization increased dramatically as people moved from rural areas to find work in factories.",
          "options": {
            "A": "QPSR",
            "B": "RSPQ",
            "C": "QRPS",
            "D": "SPRQ"
          },
          "correct_option": "A"
        },
        {
          "id": "PJ04",
          "question": "Arrange the following sentences in the correct order:\nP: Regular physical activity also improves mental health by reducing stress and anxiety.\nQ: Exercise is an essential component of a healthy lifestyle.\nR: Additionally, it helps maintain a healthy weight and reduces the risk of chronic diseases.\nS: It strengthens muscles and bones, enhances cardiovascular fitness, and boosts energy levels.",
          "options": {
            "A": "QSRP",
            "B": "SRPQ",
            "C": "PQRS",
            "D": "RSPQ"
          },
          "correct_option": "A"
        },
        {
          "id": "PJ05",
          "question": "Arrange the following sentences in the correct order:\nP: Despite these challenges, renewable energy capacity continues to grow globally.\nQ: However, they face obstacles such as intermittency and storage limitations.\nR: Solar and wind power are increasingly cost-competitive with fossil fuels.\nS: Renewable energy sources are crucial for addressing climate change.",
          "options": {
            "A": "SRQP",
            "B": "RSPQ",
            "C": "QPRS",
            "D": "SPRQ"
          },
          "correct_option": "A"
        },
        {
          "id": "PJ06",
          "question": "Arrange the following sentences in the correct order:\nP: This network revolutionized how information is shared and accessed.\nQ: The internet began as a project funded by the U.S. Department of Defense in the 1960s.\nR: Initially connecting just a few research computers, it has since grown to link billions of devices worldwide.\nS: Today, it has become an indispensable part of daily life for people around the globe.",
          "options": {
            "A": "QRPS",
            "B": "RPSQ",
            "C": "SPRQ",
            "D": "QPRS"
          },
          "correct_option": "A"
        },
        {
          "id": "PJ07",
          "question": "Arrange the following sentences in the correct order:\nP: These ancient structures were built as tombs for pharaohs and their consorts.\nQ: The Great Pyramid of Giza is the oldest and largest of the three pyramids in the Giza pyramid complex.\nR: The pyramids of Egypt are among the most recognizable monuments in the world.\nS: Construction of these massive structures required advanced engineering knowledge and organizational skills.",
          "options": {
            "A": "RPSQ",
            "B": "QRPS",
            "C": "PQRS",
            "D": "RPQS"
          },
          "correct_option": "D"
        },
        {
          "id": "PJ08",
          "question": "Arrange the following sentences in the correct order:\nP: However, they can lead to health problems if consumed in excess.\nQ: Coffee and tea are among the most popular beverages worldwide.\nR: Both drinks contain caffeine, which can improve alertness and concentration.\nS: Many people start their day with one of these beverages for their stimulating effects.",
          "options": {
            "A": "QSRP",
            "B": "RSPQ",
            "C": "SQPR",
            "D": "PQRS"
          },
          "correct_option": "A"
        },
        {
          "id": "PJ09",
          "question": "Arrange the following sentences in the correct order:\nP: The human brain is constantly changing and adapting throughout our lives.\nQ: This ability to change is known as neuroplasticity.\nR: These changes can be influenced by our experiences, environment, and lifestyle choices.\nS: Learning new skills or recovering from brain injuries are examples of neuroplasticity in action.",
          "options": {
            "A": "PQRS",
            "B": "RSPQ",
            "C": "QPRS",
            "D": "PQSR"
          },
          "correct_option": "A"
        },
        {
          "id": "PJ10",
          "question": "Arrange the following sentences in the correct order:\nP: Artificial intelligence systems can now perform tasks that once required human intelligence.\nQ: The rapid advancement of AI raises important ethical and societal questions.\nR: Machine learning algorithms enable computers to improve their performance over time without explicit programming.\nS: Artificial intelligence has made significant progress in recent decades.",
          "options": {
            "A": "SPRQ",
            "B": "RSPQ",
            "C": "QPRS",
            "D": "SPQR"
          },
          "correct_option": "A"
        }
      ]
    }
  ]
}