{
  "Subject": "Quantitative Aptitude",
  "Chapters": [
    {
      "Chapter Name": "Ages",
      "Sections": [
        {
          "Section Name": "Basic",
          "Questions": [
            {
              "question_no": 1,
              "question": "The ratio of the present ages of a mother and her \ndaughter is 7 : 1. Four years ago, the ratio of their \nages was 19 : 1. What will be the mother’s age four \nyears from now? (S.B.I. P.O., 2010)",
              "options": {
                "a": "42 years",
                "b": "38 years",
                "c": "46 years",
                "d": "36 years",
                "e": "None of these"
              },
              "answer": "c"
            },
            {
              "question_no": 2,
              "question": "The ages of Nishi and Vinnee are in the ratio 6 : 5\nrespectively. After 9 years, the ratio of their ages \nwill be 9 : 8. What is the difference in their ages \nnow ? (Bank P.O., 2008)",
              "options": {
                "a": "3 years",
                "b": "5 years",
                "c": "7 years",
                "d": "9 years",
                "e": "None of these"
              },
              "answer": "a"
            },
            {
              "question_no": 3,
              "question": "The present ages of Amit and his father are in the \nratio 2 : 5 respectively. Four years hence, the ratio \nof their ages becomes 5 : 11 respectively. What was \nthe father’s age five years ago? (Bank P.O., 2009)",
              "options": {
                "a": "30 years",
                "b": "35 years",
                "c": "40 years",
                "d": "45 years",
                "e": "None of these"
              },
              "answer": "b"
            },
            {
              "question_no": 4,
              "question": "The ratio of the ages of a father and his son is\n17 : 7 respectively. Six years ago, the ratio of their \nages was 3 : 1 respectively. What is the father’s \npresent age ? (Bank P.O., 2009)",
              "options": {
                "a": "64 years",
                "b": "51 years",
                "c": "48 years",
                "d": "Cannot be determined",
                "e": "None of these"
              },
              "answer": "b"
            },
            {
              "question_no": 5,
              "question": "The ages of Shakti and Kanti are in the ratio of\n8 : 7 respectively. After 10 years, the ratio of their \nages will be 13 : 12. What is the difference between \ntheir ages ? (Bank P.O., 2008)",
              "options": {
                "a": "2 years",
                "b": "4 years",
                "c": "8 years",
                "d": "6 years",
                "e": "None of these"
              },
              "answer": "a"
            },
            {
              "question_no": 6,
              "question": "The ages of A and B are in the ratio 6 : 5 and the \nsum of their ages is 44 years. What will be the ratio \nof their ages after 8 years? (P.C.S., 2008)",
              "options": {
                "a": "7 : 6",
                "b": "8 : 7",
                "c": "9 : 8",
                "d": "3 : 4"
              },
              "answer": "b"
            },
            {
              "question_no": 7,
              "question": "Farah got married 8 years ago. Today her age is \n2 1\n7 times her age at the time of her marriage. At \npresent her daughter‘s age is one-sixth of her age. \nWhat was her daughter’s age 3 years ago?\n (Bank P.O., 2009)",
              "options": {
                "a": "4 years",
                "b": "3 years",
                "c": "6 years",
                "d": "Cannot be determined",
                "e": "None of these"
              },
              "answer": "b"
            },
            {
              "question_no": 8,
              "question": "The age of a mother today is thrice that of her \ndaughter. After 12 years, the age of the mother will \nbe twice that of her daughter. The present age of the \ndaughter is: (S.S.C., 2006)",
              "options": {
                "a": "12 years",
                "b": "14 years",
                "c": "16 years",
                "d": "18 years"
              },
              "answer": "a"
            },
            {
              "question_no": 9,
              "question": "The present age of Mr. Sanyal is three times the age \nof his son. Six years hence, the ratio of their ages \nwill be 5 : 2. What is the present age of Mr. Sanyal?\n (L.I.C., 2007)",
              "options": {
                "a": "48 years",
                "b": "50 years",
                "c": "54 years",
                "d": "60 years",
                "e": "None of these"
              },
              "answer": "c"
            },
            {
              "question_no": 10,
              "question": "The average of the ages of a man and his daughter \nis 34 years. If the respective ratio of their ages four \nyears from now is 14 : 5, what is daughter’s present \nage? (Bank P.O., 2008)",
              "options": {
                "a": "10 years",
                "b": "12 years",
                "c": "18 years",
                "d": "Cannot be determined",
                "e": "None of these"
              },
              "answer": "e"
            },
            {
              "question_no": 11,
              "question": "Ratio of Rani’s and Komal’s ages is 3 : 5 respectively. \nRatio of Komal’s and Pooja’s ages is 2 : 3 respectively. \n266 QUANTITATIVE APTITUDE\nIf Rani is two-fifth of Pooja’s age, what is Rani’s \nage? (Bank P.O., 2009)",
              "options": {
                "a": "10 years",
                "b": "15 years",
                "c": "14 years",
                "d": "Cannot be determined",
                "e": "None of these"
              },
              "answer": "d"
            },
            {
              "question_no": 12,
              "question": "The age of a father 10 years ago was thrice the age of \nhis son. 10 years hence, the father’s age will be twice \nthat of his son. The ratio of their present ages is \n (P.C.S., 2009)",
              "options": {
                "a": "8 : 5",
                "b": "7 : 3",
                "c": "9 : 5",
                "d": "5 : 2"
              },
              "answer": "b"
            },
            {
              "question_no": 13,
              "question": "The ratio between the ages of Ram and Mohan is \n4 : 5 and that between the ages of Ram and Anil is \n5 : 6. If the sum of the ages of the three is 69 years, \nwhat is Mohan’s age? (Railways, 2008)",
              "options": {
                "a": "20 years",
                "b": "24 years",
                "c": "25 years",
                "d": "30 years"
              },
              "answer": "c"
            },
            {
              "question_no": 14,
              "question": "At present, Suresh’s age is twice the age of his \ndaughter. After 6 years from now, the ratio of the \nages of Suresh and his daughter will be 23 : 13. \nWhat is the present age of Suresh? (Bank P.O., 2008)",
              "options": {
                "a": "36 years",
                "b": "40 years",
                "c": "46 years",
                "d": "Cannot be determined",
                "e": "None of these"
              },
              "answer": "b"
            },
            {
              "question_no": 15,
              "question": "The difference between the present ages of Arun \nand Deepak is 14 years. Seven years ago, the ratio \nof their ages was 5 : 7 respectively. What is Deepak’s \npresent age? (Bank P.O., 2008)",
              "options": {
                "a": "35 years",
                "b": "42 years",
                "c": "49 years",
                "d": "56 years",
                "e": "None of these"
              },
              "answer": "d"
            },
            {
              "question_no": 16,
              "question": "Ten years ago, a man was seven times as old as his \nson. Two years hence, twice his age will be equal \nto five times the age of his son. What is the present \nage of the son? (Railways, 2006)",
              "options": {
                "a": "12 years",
                "b": "13 years",
                "c": "14 years",
                "d": "15 years"
              },
              "answer": "c"
            },
            {
              "question_no": 17,
              "question": "The ages of Samina and Suhana are in the ratio of 7 \n: 3 respectively. After 6 years, the ratio of their ages \nwill be 5 : 3. What is the difference in their ages? \n (Bank P.O., 2008)",
              "options": {
                "a": "6 years",
                "b": "8 years",
                "c": "10 years",
                "d": "12 years",
                "e": "None of these"
              },
              "answer": "b"
            },
            {
              "question_no": 18,
              "question": "The ages of Sulekha and Arunima are in the ratio \nof 9 : 8 respectively. After 5 years, the ratio of their \nages will be 10 : 9. What is the difference in their \nages? (Bank P.O., 2008)",
              "options": {
                "a": "4 years",
                "b": "5 years",
                "c": "6 years",
                "d": "7 years",
                "e": "None of these"
              },
              "answer": "b"
            },
            {
              "question_no": 19,
              "question": "The ages of A and B are presently in the ratio of 5 : \n6 respectively. Six years hence, this ratio will become \n6 : 7 respectively. What was B’s age 5 years ago?\n (Bank P.O., 2009)",
              "options": {
                "a": "25 years",
                "b": "30 years",
                "c": "31 years",
                "d": "36 years",
                "e": "None of these"
              },
              "answer": "c"
            },
            {
              "question_no": 20,
              "question": "The age of the mother today is thrice that of her \ndaughter. After 12 years, the age of the mother \nwill be twice that of her daughter. The age of the \ndaughter today is (S.S.C., 2006)",
              "options": {
                "a": "12 years",
                "b": "14 years",
                "c": "16 years",
                "d": "18 years"
              },
              "answer": "a"
            },
            {
              "question_no": 21,
              "question": "The sum of the ages of a daughter and her mother \nis 56 years. After four years, the age of the mother \nwill be three times that of the daughter. At present \ntheir ages are (S.S.C., 2006)",
              "options": {
                "a": "10 years, 46 years",
                "b": "12 years, 44 years",
                "c": "11 years, 45 years",
                "d": "13 years, 43 years"
              },
              "answer": "b"
            },
            {
              "question_no": 22,
              "question": "The present age of son is half of the present age of his \nmother. Ten years ago, his mother’s age was thrice the \nage of her son. What is the present age of the son? \n (Railways, 2006)",
              "options": {
                "a": "20 years",
                "b": "25 years",
                "c": "30 years",
                "d": "40 years"
              },
              "answer": "a"
            },
            {
              "question_no": 23,
              "question": "Ram’s son’s age is \n1\n3 of Ram’s wife’s age. Ram’s \nwife’s age is 4\n5 of Ram’s age and Ram’s age is 3\n5\nof Ram’s father’s age. Find the age of Ram’s son, if \nRam’s father is 50 years old. (Railways, 2005)",
              "options": {
                "a": "6 years",
                "b": "8 years",
                "c": "10 years",
                "d": "12 years"
              },
              "answer": "b"
            },
            {
              "question_no": 24,
              "question": "Ratio between the ages of Subhash, Prasad and \nAmar is 3 : 6 : 7. If the difference between the \nages of Prasad and Amar is 10 years, then what \nis the difference between the ages of Subhash and \nPrasad? (Railways, 2006)",
              "options": {
                "a": "5 years",
                "b": "10 years",
                "c": "20 years",
                "d": "30 years"
              },
              "answer": "d"
            },
            {
              "question_no": 25,
              "question": "Rajan got married 8 years ago. His present age is \n6\n5 times his age at the time of his marriage. Rajan’s \nsister was 10 years younger to him at the time of \nhis marriage. The age of Rajan’s sister is\n (M.A.T., 2005)",
              "options": {
                "a": "32 years",
                "b": "36 years",
                "c": "38 years",
                "d": "40 years"
              },
              "answer": "c"
            }
          ]
        },
        {
          "Section Name": "Advanced",
          "Questions": [
            {
              "question_no": 1,
              "question": "The ages of two persons differ by 20 years. If 5 years \nago, the older one be 5 times as old as the younger \none, then their present ages are (M.A.T., 2004)",
              "options": {
                "a": "25 years, 5 years",
                "b": "30 years, 10 years",
                "c": "35 years, 15 years",
                "d": "50 years, 30 years"
              },
              "answer": "b"
            },
            {
              "question_no": 2,
              "question": "A couple has a son and a daughter. The age of the \nfather is four times that of the son and the age of the \ndaughter is one-third of that of her mother. The wife \nis 6 years younger to her husband and the sister is 3 \nyears older than her brother. The mother’s age is \n (P.C.S., 2008)",
              "options": {
                "a": "42 years",
                "b": "48 years",
                "c": "54 years",
                "d": "63 years"
              },
              "answer": "c"
            },
            {
              "question_no": 3,
              "question": "The present ages of three persons are in the propor￾tion 4 : 7 : 9. Eight years ago, the sum of their ages \nwas 56 years. The present age of the eldest person is",
              "options": {
                "a": "28 years",
                "b": "36 years",
                "c": "45 years",
                "d": "None of these"
              },
              "answer": "b"
            },
            {
              "question_no": 4,
              "question": "In 10 years, A will be twice as old as B was 10 years \nago. If A is now 9 years older than B, the present \nage of B is",
              "options": {
                "a": "19 years",
                "b": "29 years",
                "c": "39 years",
                "d": "49 years",
                "e": "None of these"
              },
              "answer": "c"
            },
            {
              "question_no": 5,
              "question": "Reenu’s father was 38 years of age when she was \nborn while her mother was 36 years old when her \nbrother 4 years younger to her was born. What is \nthe difference between the ages of her parents?",
              "options": {
                "a": "2 years",
                "b": "4 years",
                "c": "6 years",
                "d": "8 years",
                "e": "None of these"
              },
              "answer": "c"
            },
            {
              "question_no": 6,
              "question": "The sum of the ages of 5 children born at the intervals \nof 3 years each is 50 years. What is the age of the \nyoungest child?",
              "options": {
                "a": "4 years",
                "b": "6 years",
                "c": "8 years",
                "d": "10 years",
                "e": "None of these"
              },
              "answer": "a"
            },
            {
              "question_no": 7,
              "question": "A man was asked to state his age in years. His reply \nwas, “Take my age 3 years hence, multiply it by 3 \nand then subtract 3 times my age 3 years ago and \nyou will know how old I am.” What is the age of \nthe man? (S.S.C., 2004)",
              "options": {
                "a": "18 years",
                "b": "20 years",
                "c": "24 years",
                "d": "32 years"
              },
              "answer": "a"
            },
            {
              "question_no": 8,
              "question": "The sum of the ages of Jayant, Prem and Paras is \n93 years. Ten years ago, the ratio of their ages was \n2 : 3 : 4. What is the present age of Paras?",
              "options": {
                "a": "24 years",
                "b": "28 years",
                "c": "32 years",
                "d": "34 years",
                "e": "38 years"
              },
              "answer": "e"
            },
            {
              "question_no": 9,
              "question": "The sum of the ages of a man and his son is 45 \nyears. Five years ago, the product of their ages was",
              "options": {},
              "answer": null
            },
            {
              "question_no": 10,
              "question": "The man’s age is",
              "options": {
                "a": "40 years",
                "b": "45 years",
                "c": "50 years",
                "d": "55 years",
                "e": "None of these"
              },
              "answer": "e"
            },
            {
              "question_no": 11,
              "question": "The ratio of a man’s age and his son’s age is 7 : 3 \nand the product of their ages is 756. The ratio of \ntheir ages after 6 years will be",
              "options": {
                "a": "5 : 2",
                "b": "2 : 1",
                "c": "11 : 7",
                "d": "13 : 9",
                "e": "None of these"
              },
              "answer": "b"
            },
            {
              "question_no": 12,
              "question": "Sonal is 40 years old and Nitya is 60 years old. How \nmany years ago was the ratio of their ages 3 : 5?",
              "options": {
                "a": "5 years",
                "b": "10 years",
                "c": "20 years",
                "d": "37 years",
                "e": "None of these"
              },
              "answer": "b"
            },
            {
              "question_no": 13,
              "question": "The ratio between the present ages of A and B is 5 \n: 3 respectively. The ratio between A’s age 4 years \nago and B’s age 4 years hence is 1 : 1. What is the \nratio between A’s age 4 years hence and B’s age 4 \nyears ago?",
              "options": {
                "a": "1 : 3",
                "b": "3 : 1",
                "c": "2 : 1",
                "d": "4 : 1",
                "e": "None of these"
              },
              "answer": "b"
            },
            {
              "question_no": 14,
              "question": "The ratio of the ages of a man and his wife is 4 : 3. \nAfter 4 years, this ratio will be 9 : 7. If at the time \nof their marriage, the ratio of their ages was 5 : 3, \nthen how many years ago were they married?",
              "options": {
                "a": "8 years",
                "b": "10 years",
                "c": "12 years",
                "d": "15 years",
                "e": "None of these"
              },
              "answer": "c"
            },
            {
              "question_no": 15,
              "question": "The ratio between the ages of Neelam and Shiny is \n5 : 6 respectively. If the ratio between the one-third \nage of Neelam and half of Shiny’s age is 5 : 9, then \nwhat is Shiny’s age? (Bank P.O., 2002)",
              "options": {
                "a": "25 years",
                "b": "30 years",
                "c": "36 years",
                "d": "Cannot be determined",
                "e": "None of these"
              },
              "answer": "d"
            },
            {
              "question_no": 16,
              "question": "18 years ago, a man was three times as old as his son. \nNow, the man is twice as old as his son. The sum of \nthe present ages of the man and his son is\n (S.S.C., 2003)",
              "options": {
                "a": "54 years",
                "b": "72 years",
                "c": "105 years",
                "d": "108 years"
              },
              "answer": "d"
            },
            {
              "question_no": 17,
              "question": "A man is aged three times more than his son Ronit. \nAfter 8 years, he would be two anda half times of \nRonit’s age. After further 8 years, how many times \nwould he be of Ronit’s age?",
              "options": {
                "a": "2 times",
                "b": "1 2 times\n2\n268 QUANTITATIVE APTITUDE",
                "c": "3 2 times\n4",
                "d": "3 times"
              },
              "answer": "a"
            },
            {
              "question_no": 18,
              "question": "One year ago, Promila was four times as old as her \ndaughter Sakshi. Six years hence, Promila’s age will \nexceed her daughter’s age by 9 years. The ratio of \nthe present ages of Promila and her daughter is",
              "options": {
                "a": "9 : 2",
                "b": "11 : 3",
                "c": "12 : 5",
                "d": "13 : 4",
                "e": "None of these"
              },
              "answer": "d"
            },
            {
              "question_no": 19,
              "question": "The age of a man 10 years ago was thrice the age \nof his son. 10 years hence, the man’s age will be \ntwice the age of his son. The ratio of their present \nages is (L.I.C., 2003)",
              "options": {
                "a": "5 : 2",
                "b": "7 : 3",
                "c": "9 : 2",
                "d": "13 : 4"
              },
              "answer": "b"
            },
            {
              "question_no": 20,
              "question": "Tanya’s grandfather was 8 times older to her 16 \nyears ago. He would be 3 times of her age 8 years \nfrom now. 8 years ago, what was the ratio of Tanya’s \nage to that of her grandfather? (S.S.C., 2003)",
              "options": {
                "a": "1 : 2",
                "b": "1 : 5",
                "c": "3 : 8",
                "d": "None of these"
              },
              "answer": "d"
            },
            {
              "question_no": 21,
              "question": "The difference between the ages of two men is 10 \nyears. 15 years ago, the elder one was twice as old \nas the younger one. The present age of the elder \nman is",
              "options": {
                "a": "25 years",
                "b": "35 years",
                "c": "45 years",
                "d": "52 years",
                "e": "55 years"
              },
              "answer": "b"
            },
            {
              "question_no": 22,
              "question": "6 years ago, the ratio of the ages of Kunal and Sagar \nwas 6 : 5. Four years hence, the ratio of their ages will \nbe 11 : 10. What is Sagar’s age at present?\n (Bank P.O., 2009)",
              "options": {
                "a": "16 years",
                "b": "18 years",
                "c": "20 years",
                "d": "Cannot be determined",
                "e": "None of these"
              },
              "answer": "a"
            },
            {
              "question_no": 23,
              "question": "Sneh’s age is 1\n6\nth of her father’s age. Sneh’s father’s \nage will be twice of Vimal’s age after 10 years. If \nVimal’s 8th birthday was celebrated 2 years ago, \nthen what is Sneh’s present age?",
              "options": {
                "a": "2 6 years\n3",
                "b": "10 years",
                "c": "12 years",
                "d": "15 years",
                "e": "None of these"
              },
              "answer": "a"
            },
            {
              "question_no": 24,
              "question": "The ages of Samina and Suhana are in the ratio of \n7 : 3 respectively. After 6 years, the ratio of their \nages will be 5 : 3. What is the difference in their \nages? (Bank P.O., 2008)",
              "options": {
                "a": "6 years",
                "b": "8 years",
                "c": "10 years",
                "d": "12 years",
                "e": "None of these"
              },
              "answer": "b"
            },
            {
              "question_no": 25,
              "question": "The ages of Sulekha and Arunima are in the ratio \n9 : 8 respectively. After 5 years, the ratio of their \nages will be 10 : 9. What is the difference in their \nages? (Bank P.O., 2008)",
              "options": {
                "a": "4 years",
                "b": "5 years",
                "c": "6 years",
                "d": "7 years",
                "e": "None of these"
              },
              "answer": "b"
            },
            {
              "question_no": 26,
              "question": "Three years ago, the ratio of the ages of \nAmisha and Nimisha was 8 : 9 respectively.\n3 years hence, the ratio of their ages will be 11 : 12 \nrespectively. What is the present age of Amisha? \n (Bank P.O., 2009)",
              "options": {
                "a": "16 years",
                "b": "19 years",
                "c": "21 years",
                "d": "Cannot be determined",
                "e": "None of these"
              },
              "answer": "b"
            }
          ]
        },
        {
          "Section Name": "Test",
          "Questions": [
            {
              "question_no": 1,
              "question": "If 10 years are subtracted from the present age of \nMr. Roy and the remainder divided by 14, then you \nwould get the present age of his grandson Sachin. \nIf Sachin is 9 years younger to Saloni whose age is \n14 years, then what is the present age of Mr. Roy?",
              "options": {
                "a": "60 years",
                "b": "70 years",
                "c": "74 years",
                "d": "80 years",
                "e": "None of these"
              },
              "answer": "d"
            },
            {
              "question_no": 2,
              "question": "X’s age 3 years ago was three times the present age \nof Y. At present, Z’s age is twice the age of Y. Also \nZ is 12 years younger than X. What is the present \nage of Z?\n[IBPS—RRB Officer’s Gr. ‘B’ Exam, 2015]",
              "options": {
                "a": "15 year",
                "b": "24 year",
                "c": "12 year",
                "d": "18 year",
                "e": "6 year"
              },
              "answer": "d"
            },
            {
              "question_no": 3,
              "question": "Eight year ago, Poorvi’s age was equal to the sum of \nthe present ages of her one son and one daughter. \nFive years hence, the respective ratio between the \nages of her daughter and her son that time will be \n7 : 6. If Poorvi’s husband is 7 years elder to her and \nhis present age is three times the present age of \ntheir son, what is the present age of the daughter? \n(in years) [RBI Gr. ‘B’ (Phase I) Exam, 2015]",
              "options": {
                "a": "15 years",
                "b": "23 years",
                "c": "19 years",
                "d": "27 years",
                "e": "13 years"
              },
              "answer": "b"
            },
            {
              "question_no": 4,
              "question": "The sum of present ages of a father and his son is \n8 years more than the present age of the mother. \nThe mother is 22 years older than the son. What \nwill be the age of the father after 4 years?\n[United India Insurance Co. Ltd.,\n(UIICL) Assistant (Online) Exam, 2015]\nPROBLEMS ON AGES 269",
              "options": {
                "a": "34 years",
                "b": "36 years",
                "c": "40 years",
                "d": "38 years",
                "e": "28 years"
              },
              "answer": "a"
            },
            {
              "question_no": 5,
              "question": "Rahul is as much younger than Sagar as he is older \nthan Purav. If the sum of the ages of Purav and \nSagar is 66 years, and Sagar’s age is 48 years, then \nwhat is Purav’s age? (in years)\n[NICL—AAO Exam, 2015]",
              "options": {
                "a": "18",
                "b": "cannot be determined",
                "c": "16",
                "d": "20",
                "e": "12"
              },
              "answer": "a"
            },
            {
              "question_no": 6,
              "question": "4 years ago, the ratio of 1/2 of A’s age at that time \nand four times of B’s age at the time was 5 : 12. \nEight years hence, 1/2 of A’s age at that time will \nbe less than B’s age at that time by 2 years. What \nis B’s present age?\n[IBPS—RRB Officers Exam, 2015]",
              "options": {
                "a": "10 years",
                "b": "14 years",
                "c": "12 years",
                "d": "5 years",
                "e": "8 years"
              },
              "answer": "a"
            },
            {
              "question_no": 7,
              "question": "Ten years hence, the respective ratio between Simmi’s \nage and Niti’s age will be 7 : 9. Two years ago, the \nrespective ratio between Simmi’s age and Niti’s age \nwas 1 : 3. If Abhay is 4 years older to his sister Niti, \nwhat is Abhay’s present age? (in years)\n[CET—Maharashtra (MBA) Exam, 2016]",
              "options": {
                "a": "8",
                "b": "4",
                "c": "16",
                "d": "12",
                "e": "20"
              },
              "answer": "d"
            }
          ]
        }
      ]
    }
  ]
}