{
  "Subject": "Quantitative Aptitude",
  "Chapters": [
    {
      "Chapter Name": "Compound Interest",
      "Sections": [
        {
          "Section Name": "Basic",
          "Questions": [
            {
              "question_no": 1,
              "question": "What would be the compound interest accrued on \nan amount of ` 8000 at the rate of 15 p.c.p.a. in 3 \nyears? (Bank P.O., 2009)",
              "options": {
                "a": "` 4051",
                "b": "` 4167",
                "c": "` 4283",
                "d": "` 4325",
                "e": "None of these"
              },
              "answer": "b"
            },
            {
              "question_no": 2,
              "question": "What would be the compound interest accrued on \nan amount of ` 8400 @ 12.5 p.c.p.a. at the end of 3 \nyears? (Bank P.O., 2010)",
              "options": {
                "a": "` 2584.16",
                "b": "` 3560.16",
                "c": "` 3820.14",
                "d": "` 4205.62",
                "e": "None of these"
              },
              "answer": "b"
            },
            {
              "question_no": 3,
              "question": "The compound interest on ` 2800 for 18 months at \n10% p.a. is (L.I.C.A.D.O., 2008)",
              "options": {
                "a": "` 420",
                "b": "` 434",
                "c": "` 436.75",
                "d": "` 441.35"
              },
              "answer": "b"
            },
            {
              "question_no": 4,
              "question": "The compound interest on ` 20,480 at 6\n1\n4 % per \nannum for 2 years 73 days, is",
              "options": {
                "a": "` 2929",
                "b": "` 3000",
                "c": "` 3131",
                "d": "` 3636"
              },
              "answer": "a"
            },
            {
              "question_no": 5,
              "question": "A man saves ` 200 at the end of each year and \nlends the money at 5% compound interest. How \nmuch will it become at the end of 3 years ?",
              "options": {
                "a": "` 565.25",
                "b": "` 635",
                "c": "` 662.02",
                "d": "` 666.50"
              },
              "answer": "c"
            },
            {
              "question_no": 6,
              "question": "If the rate of interest be 4% per annum for first \nyear, 5% per annum for second year and 6% per \nannum for third year, then the compound interest \nof ` 10000 for 3 years will be (C.P.O., 2006)",
              "options": {
                "a": "` 1575.20",
                "b": "` 1600",
                "c": "` 1625.80",
                "d": "` 2000"
              },
              "answer": "a"
            },
            {
              "question_no": 7,
              "question": "What will be the compound interest accrued on an \namount of ` 10000 @ 20 p.c.p.a. in 2 years if the \ninterest is compounded half-yearly? (Bank P.O., 2009)",
              "options": {
                "a": "` 4400",
                "b": "` 4600",
                "c": "` 4641",
                "d": "` 4680",
                "e": "None of these"
              },
              "answer": "c"
            },
            {
              "question_no": 8,
              "question": "A bank offers 5% compound interest calculated on \nhalf-yearly basis. A customer deposits ` 1600 each \non 1st January and 1st July of a year. At the end \nof the year, the amount he would have gained by \nway of interest is:",
              "options": {
                "a": "` 120",
                "b": "` 121",
                "c": "` 122",
                "d": "` 123\nCOMPOUND INTEREST 669"
              },
              "answer": "b"
            },
            {
              "question_no": 9,
              "question": "What is the difference between the compound \ninterests on ` 5000 for 1 1\n2 years at 4% per annum \ncompounded yearly and half-yearly?",
              "options": {
                "a": "` 2.04",
                "b": "` 3.06",
                "c": "` 4.80",
                "d": "` 8.30"
              },
              "answer": "a"
            },
            {
              "question_no": 10,
              "question": "Mr Duggal invested ` 20000 with rate of interest \n@ 20 p.c.p.a. The interest was compounded half￾yearly for first one year and in the next year it was \ncompounded yearly. What will be the total interest \nearned at the end of 2 years? (Bank P.O., 2009)\n (a ` 8040 (b) ` 8800\n (c) ` 9040 (d) ` 9800\n (e) None of these",
              "options": {
                "b": "` 8800",
                "c": "` 9040",
                "d": "` 9800",
                "e": "None of these"
              },
              "answer": "c"
            },
            {
              "question_no": 11,
              "question": "Find the compound interest on ` 15625 for 9 months \nat 16% per annum compounded quarterly.",
              "options": {
                "a": "` 1851",
                "b": "` 1941",
                "c": "` 1951",
                "d": "` 1961"
              },
              "answer": "c"
            },
            {
              "question_no": 12,
              "question": "A man gets a simple interest of ` 1000 on a certain \nprincipal at the rate of 5 p.c.p.a. in 4 years. What \ncompound interest will the man get on twice the \nprincipal in 2 years at the same rate?\n(Bank P.O., 2010)",
              "options": {
                "a": "` 1000",
                "b": "` 1005",
                "c": "` 10125",
                "d": "` 11025",
                "e": "None of these"
              },
              "answer": "e"
            },
            {
              "question_no": 13,
              "question": "The simple interest accrued on an amount of ` 20000 \nat the end of 3 years is ` 7200. What would be the \ncompound interest accrued on the same amount at \nthe same rate in the same period? (Bank P.O., 2008)",
              "options": {
                "a": "` 8098.56",
                "b": "` 8112.86",
                "c": "` 8246.16",
                "d": "` 8342.36",
                "e": "None of these"
              },
              "answer": "a"
            },
            {
              "question_no": 14,
              "question": "The difference between simple interest and\ncompound interest on ` P at R% p.a. in 2 years is\t\t\n(Compus Recruitment, 2010)",
              "options": {
                "a": "` \n100\nPR",
                "b": "` 2\n100\nPR",
                "c": "` \n2\n100\nPR",
                "d": "` \n2"
              },
              "answer": "d"
            },
            {
              "question_no": 15,
              "question": "What will be the difference between the simple\ninterest and compound interest accrued on an \namount of ` 19200 at the end of 3 years @ 12 p.c.p.a.?\n (S.B.I.P.O., 2008)",
              "options": {
                "a": "` 722.6826",
                "b": "` 798.1824",
                "c": "` 802.5144",
                "d": "` 862.6176",
                "e": "None of these"
              },
              "answer": "d"
            },
            {
              "question_no": 16,
              "question": "What will be the difference between S.I. and C.I. on \na sum of ` 15000 for 2 years at the same rate of \ninterest of 12 1\n2 % per annum? (R.R.B., 2006)",
              "options": {
                "a": "` 230.550",
                "b": "` 234.375",
                "c": "` 250.129",
                "d": "` 324.357"
              },
              "answer": "b"
            },
            {
              "question_no": 17,
              "question": "The difference between simple interest and \ncompound interest on ` 1200 for one year at 10% \nper annum reckoned half-yearly is",
              "options": {
                "a": "` 2.50",
                "b": "` 3",
                "c": "` 3.75",
                "d": "` 4",
                "e": "None of these"
              },
              "answer": "b"
            },
            {
              "question_no": 18,
              "question": "A man borrows ` 4000 at 15% compound rate \nof interest. At the end of each year he pays back\n` 1500. How much amount should be pay at the \nend of the third year to clear all his dues?\n (N.M.A.T., 2005)",
              "options": {
                "a": "` 874.75",
                "b": "` 824.50",
                "c": "` 924.25",
                "d": "` 974.25"
              },
              "answer": "a"
            },
            {
              "question_no": 19,
              "question": "A man invests ` 5000 for 3 years at 5% p.a. compound \ninterest reckoned yearly. Income tax at the rate of \n20% on the interest earned is deducted at the end of \neach year. Find the amount at the end of the third \nyear. (M.A.T., 2004)",
              "options": {
                "a": "` 5624.32",
                "b": "` 5627.20",
                "c": "` 5630.50",
                "d": "` 5788.125"
              },
              "answer": "a"
            },
            {
              "question_no": 20,
              "question": "The compound interest on ` 30,000 at 7% per annum \nis ` 4347. The period (in years) is (L.I.C.A.A.O., 2003)",
              "options": {
                "a": "2 years",
                "b": "2 1\n2 years",
                "c": "3 years",
                "d": "4 years"
              },
              "answer": "a"
            },
            {
              "question_no": 21,
              "question": "Compound interest accrued on an amount of\n` 26500 in two years is ` 9775.85. What is the rate \nof interest p.c.p.a?\t\t(Bank P.O., 2010)",
              "options": {
                "a": "12%",
                "b": "15%",
                "c": "17%",
                "d": "22%",
                "e": "None of these"
              },
              "answer": "e"
            },
            {
              "question_no": 22,
              "question": "` 2000 amounts to ` 2226.05 in 2 years at compound \ninterest. What will be the rate of interest?\n (E.S.I.C., 2006)",
              "options": {
                "a": "5%",
                "b": "5.25%",
                "c": "5.5%",
                "d": "6%"
              },
              "answer": "c"
            },
            {
              "question_no": 23,
              "question": "A man invests ` 4000 for 3 years at compound \ninterest. After one year the money amounts to `",
              "options": {},
              "answer": null
            },
            {
              "question_no": 24,
              "question": "What will be the amount (to the nearest rupee) \ndue at the end of 3 years?\t\t(R.R.B., 2006)",
              "options": {
                "a": "` 4939",
                "b": "` 5039",
                "c": "` 5789",
                "d": "` 6129"
              },
              "answer": null
            },
            {
              "question_no": 25,
              "question": "An amount of ` 10000 becomes ` 14641 in 2 years \nif the interest is compounded half-yearly. What is \nthe rate of compound interest p.c.p.a.?\n (Bank P.O. 2009)",
              "options": {
                "a": "10%",
                "b": "12%",
                "c": "16%",
                "d": "20%",
                "e": "None of these"
              },
              "answer": "d"
            },
            {
              "question_no": 26,
              "question": "The principal that amounts to ` 4913 in 3 years at \n6\n1\n4 % per annum compound interest compounded \nannually, is (S.S.C., 2005)",
              "options": {
                "a": "` 3096",
                "b": "` 4076",
                "c": "` 4085",
                "d": "` 4096"
              },
              "answer": "d"
            }
          ]
        },
        {
          "Section Name": "Advanced",
          "Questions": [
            {
              "question_no": 1,
              "question": "The present worth of ` 169 due in 2 years at 4% \nper annum compound interest  is",
              "options": {
                "a": "` 150.50",
                "b": "` 154.75",
                "c": "` 156.25",
                "d": "` 158"
              },
              "answer": "c"
            },
            {
              "question_no": 2,
              "question": "The compound interest accrued on an amount at \nthe end of 3 years @ 15 p.c.p.a. is ` 6500.52. What \nis the amount? (S.B.I.P.O., 2008)",
              "options": {
                "a": "` 10500",
                "b": "` 12480",
                "c": "` 13620",
                "d": "` 14800",
                "e": "None of these"
              },
              "answer": "b"
            },
            {
              "question_no": 3,
              "question": "In how many years will a sum of ` 800 at 10% per\nannum compounded semi-annually become ` 926.10?\n (S.S.C., 2010)",
              "options": {
                "a": "1\n1\n3 years",
                "b": "1 1\n2 years",
                "c": "2 1\n3 years",
                "d": "2 1\n2 years"
              },
              "answer": "b"
            },
            {
              "question_no": 4,
              "question": "If the compound interest on a sum for 2 years at \n12\n1\n2 % per annum is ` 510, the simple interest on \nthe same sum at the same rate for the same period \nof time is : (S.S.C., 2004)",
              "options": {
                "a": "` 400",
                "b": "` 450",
                "c": "` 460",
                "d": "` 480"
              },
              "answer": "d"
            },
            {
              "question_no": 5,
              "question": "The compound interest on a certain sum for 2 years \nat 10% per annum is ` 525. The simple interest on \nthe same sum for double the time at half the rate \npercent per annum is",
              "options": {
                "a": "` 400",
                "b": "` 500",
                "c": "` 600",
                "d": "` 800"
              },
              "answer": "b"
            },
            {
              "question_no": 6,
              "question": "The simple interest on a certain sum of money for\n3 years at 8% per annum is half the compound \ninterest on ` 4000 for 2 years at 10% per annum. \nThe sum placed on simple interest is",
              "options": {
                "a": "` 1550",
                "b": "` 1650",
                "c": "` 1750",
                "d": "` 2000"
              },
              "answer": "c"
            },
            {
              "question_no": 7,
              "question": "There is 60% increase in an amount in 6 years at \nsimple interest. What will be the compound interest \nof ` 12,000 after 3 years at the same rate?",
              "options": {
                "a": "` 2160",
                "b": "` 3120",
                "c": "` 3972",
                "d": "` 6240",
                "e": "None of these"
              },
              "answer": "c"
            },
            {
              "question_no": 8,
              "question": "The compound interest earned by Sachin on a cer￾tain amount at the end of two years at the rate of \n8 p.c.p.a. was ` 1414.40. What was the total amount \nthat Sachin got back at the end of 2 years in the \nform of principal plus interest earned\n (S.B.I.P.O., 2010)",
              "options": {
                "a": "` 8914.40",
                "b": "` 9014.40",
                "c": "` 9414.40",
                "d": "` 9914.40",
                "e": "None of these"
              },
              "answer": "d"
            },
            {
              "question_no": 9,
              "question": "The compound interest accrued on an amount of\n` 25500 at the end of 3 years is ` 8440.50. What \nwould be the simple interest accrued on the same \namount at the same rate in the same period?\n(Bank P.O., 2009)",
              "options": {
                "a": "` 4650",
                "b": "` 5650",
                "c": "` 6650",
                "d": "` 7650",
                "e": "None of these"
              },
              "answer": "d"
            },
            {
              "question_no": 10,
              "question": "Sriram invested equal sums of money in two schemes. \nUnder scheme X, the compound interest rate was 10 \np.c.p.a. and under scheme Y, the compound interest \nrate was 12 p.c.p.a. The interest after 2 years on the \nsum invested in scheme X was ` 63. How much is \nthe interest earned under scheme Y after 2 years?\t\t\n (Bank P.O., 2006)",
              "options": {
                "a": "` 70.56",
                "b": "` 76.32",
                "c": "` 79.0272",
                "d": "` Cannot be determined",
                "e": "None of these"
              },
              "answer": "b"
            },
            {
              "question_no": 11,
              "question": "The difference between the amount the amount \nof compound interest and simple interest accrued \non an amount of ` 26000 at the end of 3 years is\n` 2994.134. What is the rate of interest p.c.p.a.?\n (Bank P.O., 2005)",
              "options": {
                "a": "17%",
                "b": "19%",
                "c": "22%",
                "d": "Cannot be determined",
                "e": "None of these"
              },
              "answer": "b"
            },
            {
              "question_no": 12,
              "question": "The difference between compound interest and \nsimple interest on a sum for 2 years at 8 per cent \nis ` 768. The sum is",
              "options": {
                "a": "` 100000",
                "b": "` 110000",
                "c": "` 120000",
                "d": "` 170000"
              },
              "answer": "c"
            },
            {
              "question_no": 13,
              "question": "The compound interest on a sum of money for 2 \nyears is ` 832 and the simple interest on the same \nsum for the same period is ` 800. The difference \nbetween the compound interest and the simple \ninterest for 3 years will be",
              "options": {
                "a": "` 48",
                "b": "` 66.56",
                "c": "` 98.56",
                "d": "None of these"
              },
              "answer": "c"
            },
            {
              "question_no": 14,
              "question": "The difference between the simple interest on a \ncertain sum at the rate of 10% per annum for 2 years \nand compound interest which is compounded every \n6 months is ` 124.05. What is the principal sum?",
              "options": {
                "a": "` 6000",
                "b": "` 8000",
                "c": "` 10,000",
                "d": "` 12,000",
                "e": "None of these"
              },
              "answer": "b"
            },
            {
              "question_no": 15,
              "question": "The difference between compound interest and \nsimple interest on a sum for 2 years at 10% per\nannum, when the interest is compounded annually \nis ` 16. If the interest were compounded half-yearly, \nthe difference in two interests would be",
              "options": {
                "a": "` 24.81",
                "b": "` 26.90",
                "c": "` 31.61",
                "d": "` 32.40"
              },
              "answer": "a"
            },
            {
              "question_no": 16,
              "question": "A money-lender borrows money at 4% per annum \nand pays the interest at the end of the year. He lends \nit at 6% per annum compound interest compounded \nhalf-yearly and receives the interest at the end of \nthe year. In this way, he gains ` 104.50 a year. The \namount of money be borrows, is (S.S.C., 2007)",
              "options": {
                "a": "` 4500",
                "b": "` 5000",
                "c": "` 5500",
                "d": "` 6000"
              },
              "answer": "b"
            },
            {
              "question_no": 17,
              "question": "A sum of money lent at compound interest for\n2 years at 20% per annum would fetch ` 482 more, \nif the interest was payable half-yearly than if it was \npayable annually. The sum is :",
              "options": {
                "a": "` 10,000",
                "b": "` 20,000",
                "c": "` 40,000",
                "d": "` 50,000"
              },
              "answer": "b"
            },
            {
              "question_no": 18,
              "question": "On a sum of money, the simple interest for 2 years \nis ` 660, while the compound interest is ` 696.30, \nthe rate of interest being the same in both the cases. \nThe rate of interest is",
              "options": {
                "a": "10%",
                "b": "10.5%",
                "c": "12%",
                "d": "None of these"
              },
              "answer": "d"
            },
            {
              "question_no": 19,
              "question": "The effective annual rate of interest corresponding \nto a nominal rate of 6% per annum payable half\u0002yearly is (S.S.C., 2005)",
              "options": {
                "a": "6.06%",
                "b": "6.07%",
                "c": "6.08%",
                "d": "6.09%"
              },
              "answer": "d"
            },
            {
              "question_no": 20,
              "question": "A person lent out a certain sum on simple interest \nand the same sum on compound interest at a certain \nrate of interest per annum. He noticed that the ratio \nbetween the difference of compound interest and \nsimple interest of 3 years and that of 2 years is\n25 : 8. The rate of interest per annum is\n(M.A.T., 2005)",
              "options": {
                "a": "10%",
                "b": "11%",
                "c": "12%",
                "d": "12 2\n1 %"
              },
              "answer": "d"
            },
            {
              "question_no": 21,
              "question": "A father left a will of ` 16400 for his two sons aged \n17 and 18 years. They must get equal amounts when \nthey are 20 years, at 5% compound interest. Find \nthe present share of the younger son. (R.R.B., 2008)",
              "options": {
                "a": "` 8000",
                "b": "` 8200",
                "c": "` 8400",
                "d": "` 8800"
              },
              "answer": "a"
            },
            {
              "question_no": 22,
              "question": "Divide ` 8840 between A and B so that the amount \nreceived by A at the end of 8 years may be equal \nto the amount received by B at the end of 10 years, \ncompound interest being at 10% per annum.\n (S.S.C., 2007)",
              "options": {
                "a": "` 4640, ` 4200",
                "b": "` 4840, ` 4000",
                "c": "` 5000, ` 3840",
                "d": "` 5240, ` 3600"
              },
              "answer": "b"
            },
            {
              "question_no": 23,
              "question": "Mr. Dua invested money in two schemes A and B \noffering compound interest @ 8 p.c.p.a. and 9 p.c.p.a. \nrespectively. If the total amount of interest accrued \nthrough two schemes together in two years was\n` 4818.30 and the total amount invested was ` 27,000, \nwhat was the amount invested in Scheme A?",
              "options": {
                "a": "` 12,000",
                "b": "` 13,500",
                "c": "` 15,000",
                "d": "Cannot be determined",
                "e": "None of these"
              },
              "answer": "a"
            },
            {
              "question_no": 24,
              "question": "A sum of money put at compound interest amounts \nin 2 years to ` 672 and in 3 years to ` 714. The rate \nof interest per annum is\t\t(P.C.S., 2009)",
              "options": {
                "a": "5.5%",
                "b": "6.0%",
                "c": "6.25%",
                "d": "6.75%"
              },
              "answer": "c"
            },
            {
              "question_no": 25,
              "question": "A sum of money invested at compound interest \namounts to ` 4624 in 2 years and to ` 4913 in\n3 years. The sum of money is :",
              "options": {
                "a": "` 4096",
                "b": "` 4260",
                "c": "` 4335",
                "d": "` 4360"
              },
              "answer": "a"
            }
          ]
        },
        {
          "Section Name": "Test",
          "Questions": [
            {
              "question_no": 1,
              "question": "A sum of ` 12,000 deposited at compound interest \nbecomes double after 5 years. After 20 years, it will \nbecome : (S.S.C., 2010)",
              "options": {
                "a": "` 96,000",
                "b": "` 1,20,000",
                "c": "` 1,24,000",
                "d": "` 1,92,000"
              },
              "answer": "d"
            },
            {
              "question_no": 2,
              "question": "A sum of money at compound interest doubles itself \nin 15 years. It will become eight times of itself in\t\t\n (S.S.C., 2010)",
              "options": {
                "a": "45 years",
                "b": "48 years",
                "c": "54 years",
                "d": "60 years"
              },
              "answer": "a"
            },
            {
              "question_no": 3,
              "question": "A finance company declares that, at a certain\ncompound interest rate, a sum of money deposited \nby anyone will become 8 times in 3 years. If the same \namount is deposited at the same compound rate of \ninterest, then in how many years will it become 16 \ntimes? (M.A.T., 2007)",
              "options": {
                "a": "4 years",
                "b": "5 years",
                "c": "6 years",
                "d": "7 years"
              },
              "answer": "a"
            },
            {
              "question_no": 4,
              "question": "A sum of money lent out at compound interest\nincreases in value by 50% in 5 years. A person wants \nto lend three different sums x, y and z for 10, 15 \nand 20 years respectively at the above rate in such \na way that he gets back equal sums at the end of \ntheir respective periods. The ratio x : y : z is\n (A.O. Exam, 2010)",
              "options": {
                "a": "6 : 9 : 4",
                "b": "9 : 4 : 6",
                "c": "9 : 6 : 4",
                "d": "6 : 4 : 9"
              },
              "answer": "c"
            },
            {
              "question_no": 5,
              "question": "The least number of complete years in which a sum \nof money put out at 20% compound interest will be \nmore than doubled is \t\t(N.I.F.T., 2003)",
              "options": {
                "a": "3",
                "b": "4",
                "c": "5",
                "d": "6"
              },
              "answer": "b"
            },
            {
              "question_no": 6,
              "question": "A man borrows ` 2550 to be paid back with \ncompound interest at the rate of 4% per annum by \nthe end of 2 years in two equal yearly instalments. \nHow much will each instalment be?",
              "options": {
                "a": "` 1275",
                "b": "` 1283",
                "c": "` 1352",
                "d": "` 1377"
              },
              "answer": "c"
            },
            {
              "question_no": 7,
              "question": "Under the Rural Housing Scheme, the Delhi Develop\u0002ment Authority (DDA) allotted a house to Kamal Raj \nfor ` 1,26,100. This payment is to be made in three \nequal annual instalments. If the money is reckoned at \n5% per annum compound interest, then how much \nis to be paid by Kamal Raj in each instalment?\t\t\n (M.A.T., 2006)",
              "options": {
                "a": "` 45205",
                "b": "` 46305",
                "c": "` 47405",
                "d": "` 48505"
              },
              "answer": "b"
            },
            {
              "question_no": 8,
              "question": "A taperecorder is sold for ` 3500 cash, or ` 1000 cash \ndown payment and the balance in three equal easy \ninstalments. If 12 1\n2 % is the rate of interest compounded \nannually, find the amount of instalment. (R.R.B., 2005)",
              "options": {
                "a": "` 1000.35",
                "b": "` 1049.85",
                "c": "` 1050.65",
                "d": "` 1100.45"
              },
              "answer": "b"
            },
            {
              "question_no": 9,
              "question": "One can purchase a flat from a house building society \nfor ` 55000 cash or on the terms that he should pay \n` 4275 as cash down payment and the rest in three \nequal instalments. The society charges interest at the \nrate of 16% per annum compounded half-yearly. If \nthe flat is purchased under instalment plan, find the \nvalue of each instalment.\t\t(N.M.A.T., 2005)",
              "options": {
                "a": "` 18756",
                "b": "` 19292",
                "c": "` 19683",
                "d": "` 20285"
              },
              "answer": "c"
            },
            {
              "question_no": 10,
              "question": "What annual payment will discharge a debt of\n` 1025 due in 2 years at the rate of 5% compound \ninterest?",
              "options": {
                "a": "` 550",
                "b": "` 551.25",
                "c": "` 560",
                "d": "` 560.75"
              },
              "answer": "b"
            }
          ]
        }
      ]
    }
  ]
}