{
  "Subject": "Quantitative Aptitude",
  "Chapters": [
    {
      "Chapter Name": "Number System",
      "Sections": [
        {
          "Section Name": "Basic",
          "Questions": [
            {
              "question_no": 1,
              "question": "Find the factors of 330. (CLAT, 2010)",
              "options": {
                "a": "2 × 4 × 5 × 11",
                "b": "2 × 3 × 7 × 13",
                "c": "2 × 3 × 5 × 13",
                "d": "2 × 3 × 5 × 11"
              },
              "answer": "d"
            },
            {
              "question_no": 2,
              "question": "Find the factors of 1122. (CLAT, 2010)",
              "options": {
                "a": "3 × 9 × 17 × 2",
                "b": "3 × 11 × 17 × 2",
                "c": "9 × 9 × 17 × 2",
                "d": "3 × 11 × 17 × 3"
              },
              "answer": "b"
            },
            {
              "question_no": 3,
              "question": "252 can be expressed as a product of primes as \n(IGNOU, 2002)",
              "options": {
                "a": "2 × 2 × 3 × 3 × 7",
                "b": "2 × 2 × 2 × 3 × 7",
                "c": "3 × 3 × 3 × 3 × 7",
                "d": "2 × 3 × 3 × 3 × 7"
              },
              "answer": "a"
            },
            {
              "question_no": 4,
              "question": "Which of the following has most number of divisors?\n(M.B.A. 2002)",
              "options": {
                "a": "99",
                "b": "101",
                "c": "176",
                "d": "182"
              },
              "answer": "c"
            },
            {
              "question_no": 5,
              "question": "A number n is said to be perfect if the sum of all \nits divisors (excluding n itself) is equal to n. An \nexample of perfect number is",
              "options": {
                "a": "6",
                "b": "9",
                "c": "15",
                "d": "21"
              },
              "answer": "a"
            },
            {
              "question_no": 6,
              "question": "1095\n1168 when expressed in simplest form is \nEXERCISE\n(OBJECTIVE TYPE QUESTIONS)\n56 QUANTITATIVE APTITUDE",
              "options": {
                "a": "13\n16",
                "b": "15\n16",
                "c": "17\n26",
                "d": "25\n26"
              },
              "answer": "b"
            },
            {
              "question_no": 7,
              "question": "Reduce 128352\n238368\n to its lowest terms. (IGNOU, 2003)",
              "options": {
                "a": "3\n4",
                "b": "5\n13",
                "c": "7\n13",
                "d": "9\n13"
              },
              "answer": "c"
            },
            {
              "question_no": 8,
              "question": "The simplest reduction to the lowest terms of \n116, 690,151\n427, 863, 887 is (SNAP, 2004)",
              "options": {
                "a": "3\n11",
                "b": "7\n11",
                "c": "11\n3",
                "d": "None of these"
              },
              "answer": "a"
            },
            {
              "question_no": 9,
              "question": "The highest common factor of 0 and 6 is\n(P.C.S., 2008)",
              "options": {
                "a": "0",
                "b": "3",
                "c": "6",
                "d": "Undefined"
              },
              "answer": "d"
            },
            {
              "question_no": 10,
              "question": "The H.C.F. of 22 × 33 × 55, 23 × 32 × 52 × 7 and \n24 × 34 × 5 × 72 × 11 is",
              "options": {
                "a": "22 × 32 × 5",
                "b": "22 × 32 × 5 × 7 × 11",
                "c": "24 × 34 × 55",
                "d": "24 × 34 × 55 × 7 × 11"
              },
              "answer": "a"
            },
            {
              "question_no": 11,
              "question": "The H.C.F. of 24 × 32 × 53 × 7, 23 × 33 × 52 × 72 and \n3 × 5 × 7 × 11 is",
              "options": {
                "a": "105",
                "b": "1155",
                "c": "2310",
                "d": "27720"
              },
              "answer": "a"
            },
            {
              "question_no": 12,
              "question": "H.C.F. of 4 × 27 × 3125, 8 × 9 × 25 × 7 & 16 × 81 \n× 5 × 11 × 49 is",
              "options": {
                "a": "180",
                "b": "360",
                "c": "540",
                "d": "1260"
              },
              "answer": "a"
            },
            {
              "question_no": 13,
              "question": "Find the highest common factor of 36 and 84.\n(R.R.B., 2003)",
              "options": {
                "a": "4",
                "b": "6",
                "c": "12",
                "d": "18"
              },
              "answer": "c"
            },
            {
              "question_no": 14,
              "question": "Even numbers are formed by taking at \nleast two at a time from the numbers \n0, 4, 8, 9. Their H.C.F. is (Hotel Management, 2007)",
              "options": {
                "a": "2",
                "b": "4",
                "c": "10",
                "d": "None of these"
              },
              "answer": "a"
            },
            {
              "question_no": 15,
              "question": "The H.C.F. of 204, 1190 and 1445 is",
              "options": {
                "a": "17",
                "b": "18",
                "c": "19",
                "d": "21"
              },
              "answer": "a"
            },
            {
              "question_no": 16,
              "question": "Which of the following is a pair of co-primes?",
              "options": {
                "a": "",
                "b": "",
                "c": "",
                "d": ""
              },
              "answer": "b"
            },
            {
              "question_no": 17,
              "question": "The H.C.F. of 2923 and 3239 is",
              "options": {
                "a": "37",
                "b": "47",
                "c": "73",
                "d": "79"
              },
              "answer": "d"
            },
            {
              "question_no": 18,
              "question": "The H.C.F. of 3556 and 3444 is",
              "options": {
                "a": "23",
                "b": "25",
                "c": "26",
                "d": "28"
              },
              "answer": "d"
            },
            {
              "question_no": 19,
              "question": "The L.C.M. of 23 × 32 × 5 × 11, 24 × 34 × 52 × 7 and \n25 × 33 × 53 × 72 × 11 is",
              "options": {
                "a": "23 × 32 × 5",
                "b": "25 × 34 × 53",
                "c": "23 × 32 × 5 × 7 × 11",
                "d": "25 × 34 × 53 × 72 × 11"
              },
              "answer": "d"
            },
            {
              "question_no": 20,
              "question": "Find the lowest common multiple of 24, 36 and 40.",
              "options": {
                "a": "120",
                "b": "240",
                "c": "360",
                "d": "480"
              },
              "answer": "c"
            },
            {
              "question_no": 21,
              "question": "The L.C.M. of 22, 54, 108, 135 and 198 is",
              "options": {
                "a": "330",
                "b": "1980",
                "c": "5940",
                "d": "11880"
              },
              "answer": "c"
            },
            {
              "question_no": 22,
              "question": "The L.C.M. of 148 and 185 is",
              "options": {
                "a": "680",
                "b": "740",
                "c": "2960",
                "d": "3700"
              },
              "answer": "b"
            },
            {
              "question_no": 23,
              "question": "The H.C.F. of ac e , ,\nbd f is equal to (I.A.M. 2007)",
              "options": {
                "a": "L.C.M. of , , \nH.C.F. of , , \nace\nbdf",
                "b": "H.C.F. of , , \nL.C.M. of , , \na ce\nbdf",
                "c": "H.C.F. of , , \nH.C.F. of , , \nace\nbdf",
                "d": "ace\nbdf"
              },
              "answer": "b"
            },
            {
              "question_no": 24,
              "question": "The H.C.F. of 2 8 64 10 , , and is :\n3 9 81 27",
              "options": {
                "a": "2\n3",
                "b": "2\n81",
                "c": "160\n3",
                "d": "160\n81"
              },
              "answer": "b"
            },
            {
              "question_no": 25,
              "question": "The H.C.F. of 9 12 18 21 , , and is 10 25 35 40",
              "options": {
                "a": "3\n5",
                "b": "252\n5",
                "c": "3\n1400",
                "d": "63\n700"
              },
              "answer": "c"
            },
            {
              "question_no": 26,
              "question": "The L.C.M. of 152 4 , , , is\n3 6 9 27",
              "options": {
                "a": "1\n54",
                "b": "10\n27",
                "c": "20\n3",
                "d": "None of these"
              },
              "answer": "c"
            },
            {
              "question_no": 27,
              "question": "The L.C.M. of 234 9 , , , is\n3 5 7 13",
              "options": {
                "a": "36",
                "b": "1\n36",
                "c": "1\n1365",
                "d": "12\n455\nH.C.F. AND L.C.M. OF NUMBERS 57"
              },
              "answer": "a"
            },
            {
              "question_no": 28,
              "question": "The L.C.M. of 369 , ,\n478\n is (L.I.C.A.D.O., 2008)",
              "options": {
                "a": "3",
                "b": "6",
                "c": "9",
                "d": "18"
              },
              "answer": "d"
            },
            {
              "question_no": 29,
              "question": "The H.C.F. of 1.75, 5.6 and 7 is",
              "options": {
                "a": "0.07",
                "b": "0.7",
                "c": "3.5",
                "d": "0.35"
              },
              "answer": "d"
            },
            {
              "question_no": 30,
              "question": "The G.C.D. of 1.08, 0.36 and 0.9 is\n(Hotel Management, 2002)",
              "options": {
                "a": "0.03",
                "b": "0.9",
                "c": "0.18",
                "d": "0.108"
              },
              "answer": "c"
            },
            {
              "question_no": 31,
              "question": "The H.C.F. of 0.54, 1.8 and 7.2 is",
              "options": {
                "a": "1.8",
                "b": "0.18",
                "c": "0.018",
                "d": "18"
              },
              "answer": "b"
            },
            {
              "question_no": 32,
              "question": "The L.C.M. of 3, 2.7 and 0.09 is",
              "options": {
                "a": "2.7",
                "b": "0.27",
                "c": "0.027",
                "d": "27"
              },
              "answer": "d"
            },
            {
              "question_no": 33,
              "question": "If A, B and C are three numbers, such that the \nL.C.M. of A and B is B and the L.C.M of B and C \nis C, then the L.C.M. of A, B and C is",
              "options": {
                "a": "A",
                "b": "B",
                "c": "C",
                "d": "3\nABC + +"
              },
              "answer": "c"
            },
            {
              "question_no": 34,
              "question": "H.C.F. of 3240, 3600 and a third number is 36 and \ntheir L.C.M. is\n 24 × 35 × 52 × 72. The third number is (M.A.T., 2005)",
              "options": {
                "a": "22 × 35 × 72",
                "b": "22 × 53 × 72",
                "c": "25 × 52 × 72",
                "d": "23 × 35 × 72"
              },
              "answer": "a"
            },
            {
              "question_no": 35,
              "question": "Three numbers are in the ratio 1: 2: 3 and their\nH.C.F. is 12. The numbers are",
              "options": {
                "a": "4, 8, 12",
                "b": "5, 10, 15",
                "c": "10, 20, 30",
                "d": "12, 24, 36"
              },
              "answer": "d"
            },
            {
              "question_no": 36,
              "question": "The ratio of two numbers is 3: 4 and their H.C.F.\nis 4. Their L.C.M. is",
              "options": {
                "a": "12",
                "b": "16",
                "c": "24",
                "d": "48"
              },
              "answer": "d"
            },
            {
              "question_no": 37,
              "question": "The sum of two numbers is 216 and their H.C.F. is",
              "options": {},
              "answer": null
            },
            {
              "question_no": 38,
              "question": "The numbers are",
              "options": {
                "a": "27, 189",
                "b": "81, 189",
                "c": "108, 108",
                "d": "154, 162"
              },
              "answer": "a"
            },
            {
              "question_no": 39,
              "question": "The sum of two numbers is 528 and their H.C.F. is",
              "options": {},
              "answer": null
            },
            {
              "question_no": 40,
              "question": "The number of pairs of numbers satisfying the \nabove conditions is",
              "options": {
                "a": "4",
                "b": "6",
                "c": "8",
                "d": "12"
              },
              "answer": "c"
            },
            {
              "question_no": 41,
              "question": "The number of number-pairs lying between 40 and \n100 with their H.C.F. as 15 is",
              "options": {
                "a": "3",
                "b": "4",
                "c": "5",
                "d": "6"
              },
              "answer": "b"
            },
            {
              "question_no": 42,
              "question": "The H.C.F. of two numbers is 12 and their difference \nis 12. The numbers are",
              "options": {
                "a": "66, 78",
                "b": "70, 82",
                "c": "94, 106",
                "d": "84, 96"
              },
              "answer": "d"
            },
            {
              "question_no": 43,
              "question": "The product of two numbers is 4107. If the H.C.F. \nof these numbers is 37, then the greater number is",
              "options": {
                "a": "101",
                "b": "107",
                "c": "111",
                "d": "185"
              },
              "answer": "c"
            },
            {
              "question_no": 44,
              "question": "The product of two numbers is 2028 and their H.C.F. \nis 13. The number of such pairs is \n(A.A.O., 2010; P.C.S., 2009)",
              "options": {
                "a": "1",
                "b": "2",
                "c": "3",
                "d": "4"
              },
              "answer": "b"
            },
            {
              "question_no": 45,
              "question": "Three numbers which are co-prime to each other \nare such that the product of the first two is 551 and\nthat of the last two is 1073. The sum of the three \nnumbers is",
              "options": {
                "a": "75",
                "b": "81",
                "c": "85",
                "d": "89"
              },
              "answer": "c"
            },
            {
              "question_no": 46,
              "question": "The ratio of two numbers is 13: 15 and their L.C.M.\nis 39780. The numbers are (P.C.S., 2009)",
              "options": {
                "a": "884, 1020",
                "b": "884, 1040",
                "c": "670, 1340",
                "d": "2652, 3060"
              },
              "answer": "d"
            },
            {
              "question_no": 47,
              "question": "Three numbers are in the ratio of 3: 4: 5 and their\nL.C.M. is 2400. Their H.C.F. is",
              "options": {
                "a": "40",
                "b": "80",
                "c": "120",
                "d": "200"
              },
              "answer": "a"
            },
            {
              "question_no": 48,
              "question": "The L.C.M. and ratio of four numbers are 630 and \n2: 3: 5: 7 respectively. The difference between the\ngreatest and least numbers is (I.A.M., 2007)",
              "options": {
                "a": "6",
                "b": "14",
                "c": "15",
                "d": "21"
              },
              "answer": "c"
            },
            {
              "question_no": 49,
              "question": "The H.C.F. and L.C.M. of two numbers are 12 and \n336 respectively. If one of the numbers is 84, the \nother is (S.S.C., 2010)",
              "options": {
                "a": "36",
                "b": "48",
                "c": "72",
                "d": "96"
              },
              "answer": "b"
            },
            {
              "question_no": 50,
              "question": "If the product of two numbers is 324 and their H.C.F. \nis 3, then their L.C.M. will be (P.C.S., 2008)",
              "options": {
                "a": "972",
                "b": "327",
                "c": "321",
                "d": "108"
              },
              "answer": "d"
            },
            {
              "question_no": 51,
              "question": "If H.C.F. of p and q is x and q = xy, then the L.C.M. \nof p and q is (C.D.S., 2004)",
              "options": {
                "a": "pq",
                "b": "qy",
                "c": "xy",
                "d": "py"
              },
              "answer": "d"
            },
            {
              "question_no": 52,
              "question": "The sum of two numbers is 2000 and their L.C.M. \nis 21879. The two numbers are",
              "options": {
                "a": "1993, 7",
                "b": "1991, 9",
                "c": "1989, 11",
                "d": "1987, 13"
              },
              "answer": "c"
            }
          ]
        },
        {
          "Section Name": "Advanced",
          "Questions": [
            {
              "question_no": 1,
              "question": "A milkman has 3 jars containing 57 litres, 129 litres \nand 177 litres of pure milk respectively. A measuring \ncan, after a different number of exact measurements \nof milk in each jar, leaves the same amount of milk \nunmeasured in each jar. What is the volume of the \nlargest such can? (J.M.E.T., 2004)",
              "options": {
                "a": "12 litres",
                "b": "16 litres",
                "c": "24 litres",
                "d": "None of these"
              },
              "answer": "c"
            },
            {
              "question_no": 2,
              "question": "The greatest number which can divide 1356, 1868 \nand 2764 leaving the same remainder 12 in each \ncase is",
              "options": {
                "a": "64",
                "b": "124",
                "c": "156",
                "d": "260"
              },
              "answer": "a"
            },
            {
              "question_no": 3,
              "question": "Which greatest number will divide 3026 and 5053 \nleaving remainders 11 and 13 respectively?\n(C.P.O., 2006)",
              "options": {
                "a": "15",
                "b": "30",
                "c": "45",
                "d": "60"
              },
              "answer": "c"
            },
            {
              "question_no": 4,
              "question": "Find the greatest number that will divide 964, \n1238 and 1400 leaving remainders 41, 31 and 51 \nrespectively. (I.I.F.T., 2005)",
              "options": {
                "a": "61",
                "b": "71",
                "c": "73",
                "d": "81"
              },
              "answer": "b"
            },
            {
              "question_no": 5,
              "question": "Which of the following fractions is the largest?",
              "options": {
                "a": "7\n8",
                "b": "13\n16",
                "c": "31\n40",
                "d": "63\n80"
              },
              "answer": "a"
            },
            {
              "question_no": 6,
              "question": "What is the least natural number which leaves no \nremainder when divided by all the digits from 1 to \n9? (C.D.S., 2004)",
              "options": {
                "a": "1800",
                "b": "1920",
                "c": "2520",
                "d": "5040"
              },
              "answer": "c"
            },
            {
              "question_no": 7,
              "question": "What will be the least number which when doubled \nwill be exactly divisible by 12, 18, 21 and 30?",
              "options": {
                "a": "196",
                "b": "630",
                "c": "1260",
                "d": "2520"
              },
              "answer": "b"
            },
            {
              "question_no": 8,
              "question": "The sum of two numbers is 45. Their difference is \n1\n9\n of their sum. Their L.C.M. is (S.S.C., 2007)",
              "options": {
                "a": "100",
                "b": "150",
                "c": "200",
                "d": "250"
              },
              "answer": "a"
            },
            {
              "question_no": 9,
              "question": "The smallest fraction, which each of 6 5 10 , ,\n7 14 21\n will \ndivide exactly is",
              "options": {
                "a": "30\n7",
                "b": "30\n98",
                "c": "60\n147",
                "d": "50\n294"
              },
              "answer": "a"
            },
            {
              "question_no": 10,
              "question": "The least number of five digits which is exactly\ndivisible by 12, 15 and 18 is",
              "options": {
                "a": "10010",
                "b": "10015",
                "c": "10020",
                "d": "10080"
              },
              "answer": "d"
            },
            {
              "question_no": 11,
              "question": "The greatest number of four digits which is divisible \nby 15, 25, 40 and 75 is",
              "options": {
                "a": "9000",
                "b": "9400",
                "c": "9600",
                "d": "9800\n60 QUANTITATIVE APTITUDE"
              },
              "answer": "c"
            },
            {
              "question_no": 12,
              "question": "The number between 4000 and 5000 which is divisible \nby 12, 18, 21 and 32 is (P.C.S., 2006)",
              "options": {
                "a": "4023",
                "b": "4032",
                "c": "4203",
                "d": "4302"
              },
              "answer": "b"
            },
            {
              "question_no": 13,
              "question": "The number nearest to 43582 divisible by each of \n25, 50 and 75 is (C.P.O., 2007)",
              "options": {
                "a": "43500",
                "b": "43550",
                "c": "43600",
                "d": "43650"
              },
              "answer": "d"
            },
            {
              "question_no": 14,
              "question": "The least number which should be added to 2497 \nso that the sum is exactly divisible by 5, 6, 4 and 3 \nis",
              "options": {
                "a": "3",
                "b": "13",
                "c": "23",
                "d": "33"
              },
              "answer": "c"
            },
            {
              "question_no": 15,
              "question": "The greatest number which when subtracted from \n5834, gives a number exactly divisible by each of \n20, 28, 32 and 35 is (S.S.C., 2010)",
              "options": {
                "a": "1120",
                "b": "4714",
                "c": "5200",
                "d": "5600"
              },
              "answer": "b"
            },
            {
              "question_no": 16,
              "question": "The least number which is a perfect square and is \ndivisible by each of the numbers 16, 20 and 24, is",
              "options": {
                "a": "1600",
                "b": "3600",
                "c": "6400",
                "d": "14400"
              },
              "answer": "b"
            },
            {
              "question_no": 17,
              "question": "The smallest number which when diminished by 7, \nis divisible by 12, 16, 18, 21 and 28 is",
              "options": {
                "a": "1008",
                "b": "1015",
                "c": "1022",
                "d": "1032"
              },
              "answer": "b"
            },
            {
              "question_no": 18,
              "question": "The least number which when increased by 5 is \ndivisible by each one of 24, 32, 36 and 54 is",
              "options": {
                "a": "427",
                "b": "859",
                "c": "869",
                "d": "4320"
              },
              "answer": "b"
            },
            {
              "question_no": 19,
              "question": "The least number, which when divided by 12, 15, \n20 and 54 leaves in each case a remainder of 8 is",
              "options": {
                "a": "504",
                "b": "536",
                "c": "544",
                "d": "548"
              },
              "answer": "d"
            },
            {
              "question_no": 20,
              "question": "A number less than 500, when divided by 4, 5, 6, \n7 leaves remainder 1 in each case. The number is\n(Hotel Management, 2007)",
              "options": {
                "a": "211",
                "b": "420",
                "c": "421",
                "d": "441"
              },
              "answer": "c"
            },
            {
              "question_no": 21,
              "question": "What is the greatest number of 3 digits which when \ndivided by 6, 9 and 12 leaves a remainder of 3 in \neach case? (M.B.A., 2007)",
              "options": {
                "a": "903",
                "b": "939",
                "c": "975",
                "d": "996"
              },
              "answer": "c"
            },
            {
              "question_no": 22,
              "question": "The largest four-digit number which when divided \nby 4, 7 or 13 leaves a remainder of 3 in each case, \nis",
              "options": {
                "a": "8739",
                "b": "9831",
                "c": "9834",
                "d": "9893"
              },
              "answer": "b"
            },
            {
              "question_no": 23,
              "question": "Let the least number of six digits, which when \ndivided by 4, 6, 10 and 15, leaves in each case the \nsame remainder of 2, be N. The sum of the digits \nin N is (S.S.C., 2007)",
              "options": {
                "a": "3",
                "b": "4",
                "c": "5",
                "d": "6"
              },
              "answer": "c"
            },
            {
              "question_no": 24,
              "question": "The least multiple of 13, which on dividing by 4, 5, \n6, 7 and 8 leaves remainder 2 in each case is",
              "options": {
                "a": "840",
                "b": "842",
                "c": "2520",
                "d": "2522"
              },
              "answer": "d"
            },
            {
              "question_no": 25,
              "question": "Find the least number which when divided by 12, \nleaves a remainder of 7; when divided by 15, leaves \na remainder of 10 and when divided by 16, leaves \na remainder of 11. (L.D.C., 2006)",
              "options": {
                "a": "115",
                "b": "235",
                "c": "247",
                "d": "475"
              },
              "answer": "b"
            },
            {
              "question_no": 26,
              "question": "The least number, which when divided by 48, 60, \n72, 108 and 140 leaves 38, 50, 62, 98 and 130 as \nremainders respectively is (P.C.S., 2011)",
              "options": {
                "a": "11115",
                "b": "15110",
                "c": "15120",
                "d": "15210"
              },
              "answer": "b"
            },
            {
              "question_no": 27,
              "question": "Find the least multiple of 23, which when divided \nby 18, 21 and 24 leaves remainders 7, 10 and 13 \nrespectively.",
              "options": {
                "a": "3002",
                "b": "3013",
                "c": "3024",
                "d": "3036"
              },
              "answer": "b"
            },
            {
              "question_no": 28,
              "question": "What is the third term in a sequence of numbers \nthat leave remainders of 1, 2 and 3 when divided \nby 2, 3 and 4 respectively? (M.A.T., 2004)",
              "options": {
                "a": "11",
                "b": "17",
                "c": "19",
                "d": "35"
              },
              "answer": "d"
            },
            {
              "question_no": 29,
              "question": "Find the greatest number of 4 digits which when \ndivided by 4, 5, 6, 7 and 8 leaves 1, 2, 3, 4 and 5 \nas remainders. (M.C.A., 2005)",
              "options": {
                "a": "9237",
                "b": "9240",
                "c": "9840",
                "d": "9999"
              },
              "answer": "a"
            },
            {
              "question_no": 30,
              "question": "The least number which when divided by 5, 6, 7 \nand 8 leaves a remainder 3, but when divided by 9 \nleaves no remainder, is(Section Officers’, 2005; L.I.C., 2007)",
              "options": {
                "a": "1677",
                "b": "1683",
                "c": "2523",
                "d": "3363"
              },
              "answer": "b"
            },
            {
              "question_no": 31,
              "question": "Find the least number which when divided by 16, \n18, 20 and 25 leaves 4 as remainder in each case, \nbut when divided by 7 leaves no remainder.",
              "options": {
                "a": "17004",
                "b": "18000",
                "c": "18002",
                "d": "18004"
              },
              "answer": "d"
            },
            {
              "question_no": 32,
              "question": "A gardener has to plant trees in rows containing \nequal number of trees. If he plants in rows of 6, 8, \n10 or 12, then five trees are left unplanted. But if\nhe plants in rows of 13 trees each, then no tree is \nleft. What is the number of trees that the gardener \nplants? (J.M.E.T., 2004)",
              "options": {
                "a": "485",
                "b": "725",
                "c": "845",
                "d": "None of these"
              },
              "answer": "c"
            },
            {
              "question_no": 33,
              "question": "When Seeta made necklaces of either 16 beads, 20 \nbeads or 36 beads, not a single bead was left over. \nWhat could be the least number of beads Seeta had?\n(Bank Recruitment, 2008)",
              "options": {
                "a": "700",
                "b": "720",
                "c": "750",
                "d": "780\nH.C.F. AND L.C.M. OF NUMBERS 61"
              },
              "answer": "b"
            },
            {
              "question_no": 34,
              "question": "An electronic device makes a beep after every\n60 sec. Another device makes a beep after every\n62 sec. They beeped together at 10 a.m. The next \ntime, when they would beep together at the earliest is\n(M.B.A., 2007)",
              "options": {
                "a": "10.30 a.m.",
                "b": "10.31 a.m.",
                "c": "10.59 a.m.",
                "d": "11 a.m."
              },
              "answer": "b"
            },
            {
              "question_no": 35,
              "question": "Six bells commence tolling together and toll at \nintervals of 2, 4, 6, 8, 10 and 12 seconds respectively. \nIn 30 minutes, how many times do they toll together?\n(M.B.A., 2006)",
              "options": {
                "a": "4",
                "b": "10",
                "c": "15",
                "d": "16"
              },
              "answer": "d"
            },
            {
              "question_no": 36,
              "question": "Four bells begin to toll together and toll respectively \nat intervals of 6, 7, 8 and 9 seconds. In 1.54 hours, \nhow many times do they toll together and in what \ninterval (seconds)? (R.R.B., 2006)",
              "options": {
                "a": "14, 504",
                "b": "14, 480",
                "c": "12, 504",
                "d": "16, 580"
              },
              "answer": "c"
            },
            {
              "question_no": 37,
              "question": "Four different electronic devices make a beep after \nevery 30 minutes, 1 hour, 1 1\n2\n hour and 1 hour 45 \nminutes respectively. All the devices beeped together \nat 12 noon. They will again beep together at",
              "options": {
                "a": "12 midnight",
                "b": "3 a.m.",
                "c": "6 a.m.",
                "d": "9 a.m."
              },
              "answer": "d"
            },
            {
              "question_no": 38,
              "question": "Three girls start jogging from the same point \naround a circular track and each one completes one \nround in 24 seconds, 36 seconds and 48 seconds \nrespectively. After how much time will they meet \nat one point? (Specialist Officers’, 2009)",
              "options": {
                "a": "2 minutes 20 seconds",
                "b": "2 minutes 24 seconds",
                "c": "3 minutes 36 seconds",
                "d": "4 minutes 12 seconds"
              },
              "answer": "b"
            },
            {
              "question_no": 39,
              "question": "Three persons walking around a circular track \ncomplete their respective single revolutions in 1 15\n6\nseconds, 1 16\n4\n seconds and 2 18\n3 seconds respectively.\n They will be again together at the common starting \npoint after an hour and",
              "options": {
                "a": "10 seconds",
                "b": "20 seconds",
                "c": "30 seconds",
                "d": "40 seconds"
              },
              "answer": "d"
            },
            {
              "question_no": 40,
              "question": "A, B and C start at the same time in the same direction \nto run around a circular stadium. A completes a \nround in 252 seconds, B in 308 seconds and C in\n198 seconds, all starting at the same point. After \nwhat time will they meet again at the starting point?",
              "options": {
                "a": "26 minutes 18 seconds",
                "b": "42 minutes 36 seconds",
                "c": "45 minutes",
                "d": "46 minutes 12 seconds"
              },
              "answer": "d"
            },
            {
              "question_no": 41,
              "question": "Three wheels can complete 40, 24 and 16 revolutions \nper minute respectively. There is a red spot on each \nwheel that touches the ground at time zero. After \nhow much time, all these spots will simultaneously \ntouch the ground again?",
              "options": {
                "a": "1 7 sec\n2",
                "b": "18 sec",
                "c": "1 7 min\n2",
                "d": "18 min"
              },
              "answer": "a"
            },
            {
              "question_no": 42,
              "question": "A pendulum strikes 5 times in 3 seconds and \nanother pendulum strikes 7 times in 4 seconds. If \nboth pendulums start striking at the same time, how \nmany clear strikes can be listened in 1 minute?",
              "options": {
                "a": "195",
                "b": "199",
                "c": "200",
                "d": "205"
              },
              "answer": "b"
            },
            {
              "question_no": 43,
              "question": "Find the HCF of 132, 204 and 228.\n[Indian Railways—Gr. ‘D’ Exam, 2014]",
              "options": {
                "a": "12",
                "b": "18",
                "c": "6",
                "d": "21"
              },
              "answer": "a"
            },
            {
              "question_no": 44,
              "question": "If three numbers are 2a, 5a and 7a, what will be their \nLCM?\n[Indian Railways—Gr. ‘D’ Exam, 2014]",
              "options": {
                "a": "70a",
                "b": "65a",
                "c": "75a",
                "d": "70a3"
              },
              "answer": "a"
            },
            {
              "question_no": 45,
              "question": "The product of two whole numbers is 1500 and their \nHCF is 10. Find the LCM.\n[Indian Railways—Gr. ‘D’ Exam, 2014]",
              "options": {
                "a": "15000",
                "b": "150",
                "c": "150",
                "d": "15"
              },
              "answer": "b"
            },
            {
              "question_no": 46,
              "question": "A number x is divided by 7. When this number is \ndivided by 8, 12 and 16. It leaves a remainder 3 in \neach case. The least value of x is:\n[SSC—CHSL (10 + 2) Exam, 2015]",
              "options": {
                "a": "148",
                "b": "149",
                "c": "150",
                "d": "147"
              },
              "answer": "d"
            },
            {
              "question_no": 47,
              "question": "The number of pair of positive integers whose sum \nis 99 and HCF is 9 is\n[SSC—CHSL (10 + 2) Exam, 2015]",
              "options": {
                "a": "5",
                "b": "4",
                "c": "3",
                "d": "2"
              },
              "answer": "a"
            },
            {
              "question_no": 48,
              "question": "The ratio of two numbers is 3 : 4 and their LCM is",
              "options": {},
              "answer": null
            },
            {
              "question_no": 49,
              "question": "The sum of numbers is \n[SSC—CHSL (10 + 2) Exam, 2015]",
              "options": {
                "a": "70",
                "b": "140",
                "c": "35",
                "d": "105"
              },
              "answer": "d"
            },
            {
              "question_no": 50,
              "question": "The greatest four digit number which is exactly \ndivisible by each one of the numbers 12, 18, 21 and 28\n[SSC—CHSL (10 + 2) Exam, 2015]",
              "options": {
                "a": "9288",
                "b": "9882",
                "c": "9828",
                "d": "9928"
              },
              "answer": "c"
            },
            {
              "question_no": 51,
              "question": "The traffic lights at three different signal points\nchange after every 45 seconds, 75 seconds and 90 \nseconds respectively. If all change simultaneously \nat 7 : 20 : 15 hours, then they will change again\nsimultaneously at [CLAT, 2016]",
              "options": {
                "a": "7 : 28 : 00 hours",
                "b": "7 : 27 : 45 hours",
                "c": "7 : 27 : 30 hours",
                "d": "7 : 27 : 50 hours"
              },
              "answer": "b"
            }
          ]
        },
        {
          "Section Name": "Test",
          "Questions": [
            {
              "question_no": 1,
              "question": "The H.C.F. and L.C.M. of two numbers are 84 and \n21 respectively. If the ratio of the two numbers is\n1: 4, then the larger of the two numbers is",
              "options": {
                "a": "12",
                "b": "48",
                "c": "84",
                "d": "108\n58 QUANTITATIVE APTITUDE"
              },
              "answer": "c"
            },
            {
              "question_no": 2,
              "question": "The L.C.M. of two numbers is 495 and their H.C.F. \nis 5. If the sum of the numbers is 10, then their \ndifference is",
              "options": {
                "a": "10",
                "b": "46",
                "c": "70",
                "d": "90"
              },
              "answer": "a"
            },
            {
              "question_no": 3,
              "question": "The product of the L.C.M. and H.C.F. of two numbers \nis 24. The difference of two numbers is 2. Find the \nnumbers.",
              "options": {
                "a": "2 and 4",
                "b": "6 and 4",
                "c": "8 and 6",
                "d": "8 and 10"
              },
              "answer": "b"
            },
            {
              "question_no": 4,
              "question": "If the sum of two numbers is 36 and their H.C.F. \nand L.C.M. are 3 and 105 respectively, the sum of \nthe reciprocals of the two numbers is (S.S.C., 2010)",
              "options": {
                "a": "2\n35",
                "b": "3\n35",
                "c": "4\n35",
                "d": "None of these"
              },
              "answer": "c"
            },
            {
              "question_no": 5,
              "question": "The L.C.M. of two numbers is 12 times their H.C.F. \nThe sum of H.C.F. and L.C.M. is 403. If one number \nis 93, find the other.\t \t (M.B.A., 2007)",
              "options": {
                "a": "124",
                "b": "128",
                "c": "134",
                "d": "None of these"
              },
              "answer": "a"
            },
            {
              "question_no": 6,
              "question": "The H.C.F. and L.C.M. of two numbers are 50 and \n250 respectively. If the first number is divided by\n2, the quotient is 50. The second number is",
              "options": {
                "a": "50",
                "b": "100",
                "c": "125",
                "d": "250"
              },
              "answer": "c"
            },
            {
              "question_no": 7,
              "question": "The product of two numbers is 1320 and their H.C.F. \nis 6. The L.C.M. of the numbers is",
              "options": {
                "a": "220",
                "b": "1314",
                "c": "1326",
                "d": "7920"
              },
              "answer": "a"
            },
            {
              "question_no": 8,
              "question": "Product of two co-prime numbers is 117. Their \nL.C.M. should be",
              "options": {
                "a": "1",
                "b": "117",
                "c": "equal to their H.C.F.",
                "d": "cannot be calculated"
              },
              "answer": "b"
            },
            {
              "question_no": 9,
              "question": "The L.C.M. of three different numbers is 120. Which \nof the following cannot be their H.C.F.?\n(Campus Recruitment, 2010)",
              "options": {
                "a": "8",
                "b": "12",
                "c": "24",
                "d": "35"
              },
              "answer": "d"
            },
            {
              "question_no": 10,
              "question": "The H.C.F. of two numbers is 8. Which one of the \nfollowing can never be their L.C.M.?",
              "options": {
                "a": "24",
                "b": "48",
                "c": "56",
                "d": "60"
              },
              "answer": "d"
            },
            {
              "question_no": 11,
              "question": "If the L.C.M. of three numbers is 9570, then their \nH.C.F. can be",
              "options": {
                "a": "11",
                "b": "12",
                "c": "19",
                "d": "21"
              },
              "answer": "a"
            },
            {
              "question_no": 12,
              "question": "The H.C.F. of two numbers is 23 and the other two \nfactors of their L.C.M. are 13 and 14. The larger of \nthe two numbers is",
              "options": {
                "a": "276",
                "b": "299",
                "c": "322",
                "d": "345"
              },
              "answer": "c"
            },
            {
              "question_no": 13,
              "question": "About the number of pairs which have 16 as their \nH.C.F. and 136 as their L.C.M., we can definitely\nsay that",
              "options": {
                "a": "no such pair exists",
                "b": "only one such pair exists",
                "c": "only two such pairs exist",
                "d": "many such pairs exist"
              },
              "answer": "a"
            },
            {
              "question_no": 14,
              "question": "The H.C.F. and L.C.M. of two numbers are 21 and \n4641 respectively. If one of the numbers lies between \n200 and 300, the two numbers are (M.A.T., 2006)",
              "options": {
                "a": "273, 357",
                "b": "273, 359",
                "c": "273, 361",
                "d": "273, 363"
              },
              "answer": "a"
            },
            {
              "question_no": 15,
              "question": "Two numbers, both greater than 29, have H.C.F. 29 \nand L.C.M. 4147. The sum of the numbers is",
              "options": {
                "a": "666",
                "b": "669",
                "c": "696",
                "d": "966"
              },
              "answer": "c"
            },
            {
              "question_no": 16,
              "question": "L.C.M. of two prime numbers x and y (x > y) is 161. \nThe value of 3y – x is",
              "options": {
                "a": "– 2",
                "b": "– 1",
                "c": "1",
                "d": "2"
              },
              "answer": "a"
            },
            {
              "question_no": 17,
              "question": "The greatest number that exactly divides 105, 1001 \nand 2436 is",
              "options": {
                "a": "3",
                "b": "7",
                "c": "11",
                "d": "21"
              },
              "answer": "b"
            },
            {
              "question_no": 18,
              "question": "21 mango trees, 42 apple trees and 56 orange trees \nhave to be planted in rows such that each row \ncontains the same number of trees of one variety \nonly. Minimum number of rows in which the trees \nmay be planted is (M.B.A., 2005)",
              "options": {
                "a": "3",
                "b": "15",
                "c": "17",
                "d": "20"
              },
              "answer": "c"
            },
            {
              "question_no": 19,
              "question": "The greatest possible length which can be used to \nmeasure exactly the lengths 7 m, 3 m 85 cm, 12 m \n95 cm is (R.R.B., 2008)",
              "options": {
                "a": "15 cm",
                "b": "25 cm",
                "c": "35 cm",
                "d": "42 cm"
              },
              "answer": "c"
            },
            {
              "question_no": 20,
              "question": "The capacity of two pots is 120 litres and 56 litres \nrespectively. Find the capacity of a container which \ncan exactly measure the contents of the two pots.\n(R.R.B., 2005)",
              "options": {
                "a": "7500 cc",
                "b": "7850 cc",
                "c": "8000 cc",
                "d": "9500 cc"
              },
              "answer": "c"
            },
            {
              "question_no": 21,
              "question": "A daily wage labourer was engaged for a certain \nnumber of days for ` 5750, but being absent on \nsome of those days he was paid only ` 5000. What \nwas his maximum possible daily wage? (C.P.O., 2006)",
              "options": {
                "a": "` 125",
                "b": "` 250",
                "c": "` 375",
                "d": "` 500"
              },
              "answer": "b"
            }
          ]
        }
      ]
    }
  ]
}