{
  "Subject": "Quantitative Aptitude",
  "Chapters": [
    {
      "Chapter Name": "Number System",
      "Sections": [
        {
          "Section Name": "Basic",
          "Questions": [
            {
              "question_no": 1,
              "question": "What is the place value of 5 in 3254710? (CLAT, 2010)",
              "options": {
                "a": "5",
                "b": "10000",
                "c": "50000",
                "d": "54710"
              },
              "answer": "c"
            },
            {
              "question_no": 2,
              "question": "The face value of 8 in the number\n 458926 is (R.R.B., 2006)",
              "options": {
                "a": "8",
                "b": "1000",
                "c": "8000",
                "d": "8926"
              },
              "answer": "a"
            },
            {
              "question_no": 3,
              "question": "The sum of the place values of 3 in the number \n503535 is (M.B.A., 2005)",
              "options": {
                "a": "6",
                "b": "60",
                "c": "3030",
                "d": "3300"
              },
              "answer": "c"
            },
            {
              "question_no": 4,
              "question": "The difference between the place values of 7 and 3 \nin the number 527435 is",
              "options": {
                "a": "4",
                "b": "5",
                "c": "45",
                "d": "6970"
              },
              "answer": "d"
            },
            {
              "question_no": 5,
              "question": "The difference between the local value and the face \nvalue of 7 in the numeral 32675149 is",
              "options": {
                "a": "5149",
                "b": "64851",
                "c": "69993",
                "d": "75142",
                "e": "None of these"
              },
              "answer": "c"
            },
            {
              "question_no": 6,
              "question": "The sum of the greatest and smallest number of five\ndigits is (M.C.A., 2005)",
              "options": {
                "a": "11,110",
                "b": "10,999",
                "c": "109,999",
                "d": "111,110"
              },
              "answer": "c"
            },
            {
              "question_no": 7,
              "question": "If the largest three-digit number is subtracted from \nthe smallest five-digit number, then the remainder is",
              "options": {
                "a": "1",
                "b": "9000",
                "c": "9001",
                "d": "90001"
              },
              "answer": "c"
            },
            {
              "question_no": 8,
              "question": "The smallest number of 5 digits beginning with 3 \nand ending with 5 will be (R.R.B., 2006)",
              "options": {
                "a": "31005",
                "b": "30015",
                "c": "30005",
                "d": "30025"
              },
              "answer": "c"
            },
            {
              "question_no": 9,
              "question": "What is the minimum number of four digits formed \nby using the digits 2, 4, 0, 7 ? (P.C.S., 2007)",
              "options": {
                "a": "2047",
                "b": "2247",
                "c": "2407",
                "d": "2470"
              },
              "answer": "a"
            },
            {
              "question_no": 10,
              "question": "All natural numbers and 0 are called the ......... \nnumbers. (R.R.B., 2006)",
              "options": {
                "a": "rational",
                "b": "integer",
                "c": "whole",
                "d": "prime"
              },
              "answer": "c"
            },
            {
              "question_no": 11,
              "question": "Consider the following statements about natural \nnumbers:\n (1) There exists a smallest natural number.\n (2) There exists a largest natural number.\n (3) Between two natural numbers, there is always \na natural number.\n Which of the above statements is/are correct?",
              "options": {
                "1": "There exists a smallest natural number.",
                "2": "There exists a largest natural number.",
                "3": "Between two natural numbers, there is always \na natural number.\n Which of the above statements is/are correct?",
                "a": "None",
                "b": "Only 1",
                "c": "1 and 2",
                "d": "2 and 3"
              },
              "answer": "b"
            },
            {
              "question_no": 12,
              "question": "Every rational number is also",
              "options": {
                "a": "an integer",
                "b": "a real number",
                "c": "a natural number",
                "d": "a whole number"
              },
              "answer": "b"
            },
            {
              "question_no": 13,
              "question": "The number p is (R.R.B., 2005)",
              "options": {
                "a": "a fraction",
                "b": "a recurring decimal",
                "c": "a rational number",
                "d": "an irrational number"
              },
              "answer": "d"
            },
            {
              "question_no": 14,
              "question": "2 is a/an",
              "options": {
                "a": "rational number",
                "b": "natural number",
                "c": "irrational number",
                "d": "integer"
              },
              "answer": "c"
            },
            {
              "question_no": 15,
              "question": "The number 3 is",
              "options": {
                "a": "a finite decimal",
                "b": "an infinite recurring decimal",
                "c": "equal to 1.732",
                "d": "an infinite non-recurring decimal"
              },
              "answer": "d"
            },
            {
              "question_no": 16,
              "question": "There are just two ways in which 5 may be expressed \nas the sum of two different positive (non-zero) \nintegers, namely 5 = 4 + 1 = 3 + 2. In how many \nways, 9 can be expressed as the sum of two different \npositive (non-zero) integers?",
              "options": {
                "a": "3",
                "b": "4",
                "c": "5",
                "d": "6"
              },
              "answer": "b"
            },
            {
              "question_no": 17,
              "question": "P and Q are two positive integers such that \nPQ = 64. Which of the following cannot be the \nvalue of P + Q?",
              "options": {
                "a": "16",
                "b": "20",
                "c": "35",
                "d": "65"
              },
              "answer": "c"
            },
            {
              "question_no": 18,
              "question": "If x + y + z = 9 and both y and z are positive integers \ngreater than zero, then the maximum value x can \ntake is (Campus Recruitment, 2006)",
              "options": {
                "a": "3",
                "b": "7",
                "c": "8",
                "d": "Data insufficient"
              },
              "answer": "b"
            },
            {
              "question_no": 19,
              "question": "What is the sum of the squares of the digits from \n1 to 9?",
              "options": {
                "a": "105",
                "b": "260",
                "c": "285",
                "d": "385"
              },
              "answer": "c"
            },
            {
              "question_no": 20,
              "question": "If n is an integer between 20 and 80, then any of \nthe following could be n + 7 except",
              "options": {
                "a": "47",
                "b": "58",
                "c": "84",
                "d": "88"
              },
              "answer": "d"
            },
            {
              "question_no": 21,
              "question": "Which one of the following is the correct sequence \nin respect of the Roman numerals: C, D, L and M?\n(Civil Services, 2008)",
              "options": {
                "a": "C > D > L > M",
                "b": "M > L > D > C",
                "c": "M > D > C > L",
                "d": "L > C > D > M"
              },
              "answer": "c"
            },
            {
              "question_no": 22,
              "question": "If the numbers from 1 to 24, which are divisible by \n2 are arranged in descending order, which number \nwill be at the 8th place from the bottom? (CLAT, 2010)\nNUMBER SYSTEM 15",
              "options": {
                "a": "10",
                "b": "12",
                "c": "16",
                "d": "18"
              },
              "answer": "c"
            },
            {
              "question_no": 23,
              "question": "2 – 2 + 2 – 2 + .......... 101 terms =? (P.C.S., 2008)",
              "options": {
                "a": "– 2",
                "b": "0",
                "c": "2",
                "d": "None of these"
              },
              "answer": "c"
            },
            {
              "question_no": 24,
              "question": "98th term of the infinite series 1, 2, 3, 4, 1, 2, 3, 4,\n1, 2, ........ is (M.C.A., 2005)",
              "options": {
                "a": "1",
                "b": "2",
                "c": "3",
                "d": "4"
              },
              "answer": "b"
            },
            {
              "question_no": 25,
              "question": "If x, y, z be the digits of a number beginning from \nthe left, the number is",
              "options": {
                "a": "xyz",
                "b": "x + 10y + 100z",
                "c": "10x + y + 100z",
                "d": "100x + 10y + z"
              },
              "answer": "d"
            },
            {
              "question_no": 26,
              "question": "If x, y, z and w be the digits of a number beginning \nfrom the left, the number is",
              "options": {
                "a": "xyzw",
                "b": "wzyx",
                "c": "x + 10y + 100z + 1000w",
                "d": "103x + 102y + 10z + w"
              },
              "answer": "d"
            },
            {
              "question_no": 27,
              "question": "If n and p are both odd numbers, which of the \nfollowing is an even number?",
              "options": {
                "a": "n + p",
                "b": "n + p + 1",
                "c": "np + 2",
                "d": "np"
              },
              "answer": "a"
            },
            {
              "question_no": 28,
              "question": "For the integer n, if n3 is odd, then which of the \nfollowing statements are true?\n I. n is odd. II. n2 is odd.\n III. n2 is even.",
              "options": {
                "a": "I only",
                "b": "II only",
                "c": "I and II only",
                "d": "I and III only"
              },
              "answer": "c"
            },
            {
              "question_no": 29,
              "question": "If (n – 1) is an odd number, what are the two other \nodd numbers nearest to it?",
              "options": {
                "a": "n, n – 1",
                "b": "n, n – 2",
                "c": "n – 3, n + 1",
                "d": "n – 3, n + 5"
              },
              "answer": "c"
            },
            {
              "question_no": 30,
              "question": "Which of the following is always odd?",
              "options": {
                "a": "Sum of two odd numbers",
                "b": "Difference of two odd numbers",
                "c": "Product of two odd numbers",
                "d": "None of these"
              },
              "answer": "c"
            },
            {
              "question_no": 31,
              "question": "If x is an odd integer, then which of the following \nis true?",
              "options": {
                "a": "5x – 2 is even",
                "b": "5x2 + 2 is odd",
                "c": "5x2 + 3 is odd",
                "d": "None of these"
              },
              "answer": "b"
            },
            {
              "question_no": 32,
              "question": "If a and b are two numbers such that ab = 0, then \n(R.R.B., 2006)",
              "options": {
                "a": "a = 0 and b = 0",
                "b": "a = 0 or b = 0 or both",
                "c": "a = 0 and b ≠ 0",
                "d": "b = 0 and a ≠ 0"
              },
              "answer": "b"
            },
            {
              "question_no": 33,
              "question": "If A, B, C, D are numbers in increasing order and \nD, B, E are numbers in decreasing order, then which \none of the following sequences need neither be in \na decreasing nor in an increasing order?",
              "options": {
                "a": "E, C, D",
                "b": "E, B, C",
                "c": "D, B, A",
                "d": "A, E, C"
              },
              "answer": "d"
            },
            {
              "question_no": 34,
              "question": "If m, n, o, p and q are integers, then m (n + o) (p – q) \nmust be even when which of the following is even?",
              "options": {
                "a": "m",
                "b": "p",
                "c": "m + n",
                "d": "n + p"
              },
              "answer": "a"
            },
            {
              "question_no": 35,
              "question": "If n is a negative number, then which of the following \nis the least?",
              "options": {
                "a": "0",
                "b": "– n",
                "c": "2n",
                "d": "n2"
              },
              "answer": "c"
            },
            {
              "question_no": 36,
              "question": "If x – y = 8, then which of the following must be \ntrue?\n I. Both x and y are positive.\n II. If x is positive, y must be positive.\n III. If x is negative, y must be negative.",
              "options": {
                "a": "I only",
                "b": "II only",
                "c": "I and II",
                "d": "III only"
              },
              "answer": "d"
            },
            {
              "question_no": 37,
              "question": "If x and y are negative, then which of the following \nstatements is/are always true?\n I. x + y is positive.\n II. xy is positive.\n III. x – y is positive.",
              "options": {
                "a": "I only",
                "b": "II only",
                "c": "III only",
                "d": "I and III only"
              },
              "answer": "b"
            },
            {
              "question_no": 38,
              "question": "If n = 1 + x, where x is the product of four consecu￾tive positive integers, then which of the following \nis/are true?\n I. n is odd. II. n is prime.\n III. n is a perfect square.",
              "options": {
                "a": "I only",
                "b": "I and II only",
                "c": "I and III only",
                "d": "None of these"
              },
              "answer": "c"
            },
            {
              "question_no": 39,
              "question": "If x = 2\n+ 3, 5 y how does y change when x increases \nfrom 1 to 2?",
              "options": {
                "a": "y increases from – 5 to – 5\n2",
                "b": "y increases from 2\n5\nto 5",
                "c": "y increases from 5\n2\nto 5",
                "d": "y decreases from – 5 to – 5\n2"
              },
              "answer": "a"
            },
            {
              "question_no": 40,
              "question": "If x is a rational number and y is an irrational \nnumber, then",
              "options": {
                "a": "both x + y and xy are necessarily rational",
                "b": "both x + y and xy are necessarily irrational",
                "c": "xy is necessarily irrational, but x + y can be either \nrational or irrational",
                "d": "x + y is necessarily irrational, but xy can be either \nrational or irrational"
              },
              "answer": "d"
            },
            {
              "question_no": 41,
              "question": "The difference between the square of any two con￾secutive integers is equal to",
              "options": {
                "a": "sum of two numbers",
                "b": "difference of two numbers",
                "c": "an even number",
                "d": "product of two numbers\n16 QUANTITATIVE APTITUDE"
              },
              "answer": "a"
            },
            {
              "question_no": 42,
              "question": "Between two distinct rational numbers a and b, there \nexists another rational number which is (P.C.S., 2006)",
              "options": {
                "a": "2\na",
                "b": "2\nb",
                "c": "2\nab",
                "d": "+\n2\na b"
              },
              "answer": "d"
            },
            {
              "question_no": 43,
              "question": "If B > A, then which expression will have the highest \nvalue (given that A and B are positive integers)? \n (Campus Recruitment, 2007)",
              "options": {
                "a": "A – B",
                "b": "AB",
                "c": "A + B",
                "d": "Can't say"
              },
              "answer": "d"
            },
            {
              "question_no": 44,
              "question": "If 0 < x < 1, which of the following is greatest?\n(Campus Recruitment, 2007)",
              "options": {
                "a": "x",
                "b": "x2",
                "c": "1\nx",
                "d": "2\n1\nx"
              },
              "answer": "d"
            },
            {
              "question_no": 45,
              "question": "If p is a positive fraction less than 1, then",
              "options": {
                "a": "1 is less than 1\np",
                "b": "1 is a positive integer\np",
                "c": "p2 is less than p",
                "d": "2 – is a positive number p\np"
              },
              "answer": "d"
            },
            {
              "question_no": 46,
              "question": "If x is a real number, then x2 + x + 1 is",
              "options": {
                "a": "less than 3\n4",
                "b": "zero for at least one value of x",
                "c": "always negative",
                "d": "greater than or equal to 3\n4"
              },
              "answer": "d"
            },
            {
              "question_no": 47,
              "question": "Let n be a natural number such that 111 1\n+ ++\n2 37 n\nis also a natural number. Which of the following \nstatements is not true? (A.A.O. Exam, 2009)",
              "options": {
                "a": "2 divides n",
                "b": "3 divides n",
                "c": "7 divides n",
                "d": "n > 84"
              },
              "answer": "d"
            },
            {
              "question_no": 48,
              "question": "If n is an integer, how many values of n will give \nan integral value of   + +    \n16 7 6 2\n? n n\nn",
              "options": {
                "a": "2",
                "b": "3",
                "c": "4",
                "d": "None of these"
              },
              "answer": "c"
            },
            {
              "question_no": 49,
              "question": "If p > q and r < 0, then which is true?",
              "options": {
                "a": "pr < qr",
                "b": "p – r < q – r",
                "c": "p + r < q + r",
                "d": "None of these"
              },
              "answer": "a"
            },
            {
              "question_no": 50,
              "question": "If X < Z and X < Y, which of the following is \nnecessarily true?\n I. Y < Z II. X2 < YZ\n III. ZX < Y + Z",
              "options": {
                "a": "Only I",
                "b": "Only II",
                "c": "Only III",
                "d": "None of these"
              },
              "answer": "b"
            }
          ]
        },
        {
          "Section Name": "Advanced",
          "Questions": [
            {
              "question_no": 1,
              "question": "In doing a question of division with zero remainder, \na candidate took 12 as divisor instead of 21. The \nquotient obtained by him was 35. The correct \nquotient is",
              "options": {
                "a": "0",
                "b": "12",
                "c": "13",
                "d": "20"
              },
              "answer": "d"
            },
            {
              "question_no": 2,
              "question": "In a division problem, the divisor is 7 times of quotient \nand 5 times of remainder. If the dividend is 6 times \nof remainder, then the quotient is equal to",
              "options": {
                "a": "0",
                "b": "1",
                "c": "7",
                "d": "None of these"
              },
              "answer": "b"
            },
            {
              "question_no": 3,
              "question": "On dividing a number by 19, the difference between \nquotient and remainder is 9. The number is",
              "options": {
                "a": "352",
                "b": "361",
                "c": "370",
                "d": "371"
              },
              "answer": "d"
            },
            {
              "question_no": 4,
              "question": "A number when divided by 136 leaves remainder 36. \nIf the same number is divided by 17, the remainder \nwill be (S.S.C., 2010)",
              "options": {
                "a": "2",
                "b": "3",
                "c": "7",
                "d": "9"
              },
              "answer": "a"
            },
            {
              "question_no": 5,
              "question": "A number when divided by 195 leaves a remainder",
              "options": {},
              "answer": null
            },
            {
              "question_no": 6,
              "question": "If the same number is divided by 15, the \nremainder will be (Hotel Management, 2010)",
              "options": {
                "a": "1",
                "b": "2",
                "c": "3",
                "d": "4"
              },
              "answer": null
            },
            {
              "question_no": 7,
              "question": "A certain number when divided by 899 gives a \nremainder 63. What is the remainder when the same \nnumber is divided by 29? (R.R.B., 2008)",
              "options": {
                "a": "5",
                "b": "25",
                "c": "27",
                "d": "None of these"
              },
              "answer": "a"
            },
            {
              "question_no": 8,
              "question": "A number when divided by 5 leaves the remainder",
              "options": {},
              "answer": null
            },
            {
              "question_no": 9,
              "question": "What is the remainder when the square of the \nsame number is divided by 5?",
              "options": {
                "a": "0",
                "b": "3",
                "c": "4",
                "d": "9"
              },
              "answer": null
            },
            {
              "question_no": 10,
              "question": "The difference between two numbers is 1365. When \nthe larger number is divided by the smaller one, the \nquotient is 6 and the remainder is 15. What is the \nsmaller number?",
              "options": {
                "a": "240",
                "b": "270",
                "c": "295",
                "d": "360"
              },
              "answer": "b"
            },
            {
              "question_no": 11,
              "question": "When n is divided by 4, the remainder is 3. What \nis the remainder when 2n is divided by 4?",
              "options": {
                "a": "1",
                "b": "2",
                "c": "3",
                "d": "6"
              },
              "answer": "b"
            },
            {
              "question_no": 12,
              "question": "When a number is divided by 13, the remainder is",
              "options": {},
              "answer": null
            },
            {
              "question_no": 13,
              "question": "When the same number is divided by 17, the \nremainder is 9. What is the number?\n28 QUANTITATIVE APTITUDE",
              "options": {
                "a": "339",
                "b": "349",
                "c": "369",
                "d": "Data inadequate",
                "e": "None of these"
              },
              "answer": null
            },
            {
              "question_no": 14,
              "question": "In a division sum, the remainder was 71. With the \nsame divisor but twice the dividend, the remainder \nis 43. Which one of the following is the divisor?",
              "options": {
                "a": "86",
                "b": "93",
                "c": "99",
                "d": "104"
              },
              "answer": "c"
            },
            {
              "question_no": 15,
              "question": "When a certain positive integer P is divided by \nanother positive integer, the remainder is r1. When \na second positive integer Q is divided by the same \ninteger, the remainder is r2 and when (P + Q) is \ndivided by the same divisor, the remainder is r3. \nThen the divisor may be",
              "options": {
                "a": "r1 r2 r3",
                "b": "r1 + r2 + r3",
                "c": "r1 – r2 + r3",
                "d": "r1 + r2 – r3",
                "e": "Cannot be determined"
              },
              "answer": "d"
            },
            {
              "question_no": 16,
              "question": "Two numbers when divided by a certain divisor \nleave the remainders 4375 and 2986 respectively \nbut when the sum of two numbers is divided by \nthe same divisor, the remainder is 2361. The divisor \nin question is",
              "options": {
                "a": "4675",
                "b": "4900",
                "c": "5000",
                "d": "None of these"
              },
              "answer": "c"
            },
            {
              "question_no": 17,
              "question": "A number divided by 13 leaves a remainder 1 and \nif the quotient, thus obtained, is divided by 5, we \nget a remainder of 3. What will be the remainder \nif the number is divided by 65?",
              "options": {
                "a": "16",
                "b": "18",
                "c": "28",
                "d": "40"
              },
              "answer": "d"
            },
            {
              "question_no": 18,
              "question": "The numbers 2272 and 875 are divided by a three￾digit number N, giving the same remainder. The \nsum of the digits of N is",
              "options": {
                "a": "10",
                "b": "11",
                "c": "12",
                "d": "13"
              },
              "answer": "a"
            },
            {
              "question_no": 19,
              "question": "A number when divided by three consecutive \nnumbers 9, 11, 13 leaves the remainders 8, 9 and 8 \nrespectively. If the order of divisors is reversed, the \nremainders will be (R.R.B., 2008)",
              "options": {
                "a": "10, 8, 9",
                "b": "10, 1, 6",
                "c": "8, 9, 8",
                "d": "9, 8, 8"
              },
              "answer": "b"
            },
            {
              "question_no": 20,
              "question": "After the division of a number successively by 3, \n4 and 7, the remainders obtained are 2, 1 and 4 \nrespectively. What will be the remainder if 84 divides \nthe same number?",
              "options": {
                "a": "41",
                "b": "53",
                "c": "75",
                "d": "80"
              },
              "answer": "b"
            },
            {
              "question_no": 21,
              "question": "A number is successively divided by 8, 7 and 3 \ngiving residues 3, 4 and 2 respectively and quotient",
              "options": {},
              "answer": null
            },
            {
              "question_no": 22,
              "question": "The number is",
              "options": {
                "a": "3555",
                "b": "5355",
                "c": "5535",
                "d": "5553"
              },
              "answer": null
            },
            {
              "question_no": 23,
              "question": "A number when divided by 3 leaves a remainder",
              "options": {},
              "answer": null
            },
            {
              "question_no": 24,
              "question": "When the quotient is divided by 2, it leaves a \nremainder 1. What will be the remainder when the \nnumber is divided by 6?",
              "options": {
                "a": "2",
                "b": "3",
                "c": "4",
                "d": "5"
              },
              "answer": null
            },
            {
              "question_no": 25,
              "question": "When the square of any odd number, greater than \n1, is divided by 8, it always leaves remainder \n (I.A.M., 2007)",
              "options": {
                "a": "1",
                "b": "6",
                "c": "8",
                "d": "Cannot be determined"
              },
              "answer": "a"
            },
            {
              "question_no": 26,
              "question": "The numbers from 1 to 29 are written side by side \nas follows:\n 1234567891011121314...........2829\n If this number is divided by 9, then what is the \nremainder? (M.A.T., 2006)",
              "options": {
                "a": "0",
                "b": "1",
                "c": "3",
                "d": "None of these"
              },
              "answer": "c"
            },
            {
              "question_no": 27,
              "question": "If 17200 is divided by 18, the remainder is",
              "options": {
                "a": "1",
                "b": "2",
                "c": "16",
                "d": "17"
              },
              "answer": "a"
            },
            {
              "question_no": 28,
              "question": "What is the remainder when 231 is divided by 5?",
              "options": {
                "a": "1",
                "b": "2",
                "c": "3",
                "d": "4"
              },
              "answer": "c"
            },
            {
              "question_no": 29,
              "question": "Consider the following statements:\n (1) an + bn is divisible by a + b if n = 2k + 1, where \nk is a positive integer.\n (2) an – bn is divisible by a – b if n = 2k, where k is \na positive integer.\n Which of the statements given above is/are correct?",
              "options": {
                "1": "an + bn is divisible by a + b if n = 2k + 1, where \nk is a positive integer.",
                "2": "an – bn is divisible by a – b if n = 2k, where k is \na positive integer.\n Which of the statements given above is/are correct?",
                "a": "1 only",
                "b": "2 only",
                "c": "Both 1 and 2",
                "d": "Neither 1 nor 2"
              },
              "answer": "c"
            },
            {
              "question_no": 30,
              "question": "(719 + 2) is divided by 6. The remainder is",
              "options": {
                "a": "1",
                "b": "2",
                "c": "3",
                "d": "5"
              },
              "answer": "c"
            },
            {
              "question_no": 31,
              "question": "If (1012 + 25)2 – (1012 – 25)2 = 10n, then the value of \nn is",
              "options": {
                "a": "5",
                "b": "10",
                "c": "14",
                "d": "20"
              },
              "answer": "c"
            },
            {
              "question_no": 32,
              "question": "(325 + 326 + 327 + 328) is divisible by",
              "options": {
                "a": "11",
                "b": "16",
                "c": "25",
                "d": "30"
              },
              "answer": "d"
            },
            {
              "question_no": 33,
              "question": "(461 + 462 + 463 + 464) is divisible by",
              "options": {
                "a": "3",
                "b": "11",
                "c": "13",
                "d": "17"
              },
              "answer": "d"
            },
            {
              "question_no": 34,
              "question": "(96 + 1) when divided by 8, would leave a remainder of",
              "options": {
                "a": "0",
                "b": "1",
                "c": "2",
                "d": "3"
              },
              "answer": "c"
            },
            {
              "question_no": 35,
              "question": "If n is even, (6n – 1) is divisible by",
              "options": {
                "a": "6",
                "b": "30",
                "c": "35",
                "d": "37"
              },
              "answer": "c"
            },
            {
              "question_no": 36,
              "question": "If (12n + 1) is divisible by 13, then n is",
              "options": {
                "a": "1 only",
                "b": "12 only",
                "c": "any odd integer",
                "d": "any even integer\nNUMBER SYSTEM 29"
              },
              "answer": "c"
            },
            {
              "question_no": 37,
              "question": "2525 is divided by 26, the remainder is",
              "options": {
                "a": "1",
                "b": "2",
                "c": "24",
                "d": "25"
              },
              "answer": "d"
            },
            {
              "question_no": 38,
              "question": "If (6767 + 67) is divided by 68, the remainder is",
              "options": {
                "a": "1",
                "b": "63",
                "c": "66",
                "d": "67"
              },
              "answer": "c"
            },
            {
              "question_no": 39,
              "question": "One less than (49)15 is exactly divisible by",
              "options": {
                "a": "8",
                "b": "14",
                "c": "50",
                "d": "51"
              },
              "answer": "a"
            },
            {
              "question_no": 40,
              "question": "The remainder when 784 is divided by 342 is",
              "options": {
                "a": "0",
                "b": "1",
                "c": "49",
                "d": "341"
              },
              "answer": "b"
            },
            {
              "question_no": 41,
              "question": "The remainder when 260 is divided by 5 equals",
              "options": {
                "a": "0",
                "b": "1",
                "c": "2",
                "d": "3"
              },
              "answer": "b"
            },
            {
              "question_no": 42,
              "question": "By how many of the following numbers is 212 – 1 \ndivisible?\n 2, 3, 5, 7, 10, 11, 13, 14",
              "options": {
                "a": "4",
                "b": "5",
                "c": "6",
                "d": "7"
              },
              "answer": "a"
            },
            {
              "question_no": 43,
              "question": "The remainder when (1523 + 2323) is divided by 19, \nis",
              "options": {
                "a": "0",
                "b": "4",
                "c": "15",
                "d": "18"
              },
              "answer": "a"
            },
            {
              "question_no": 44,
              "question": "When 2256 is divided by 17, the remainder would \nbe",
              "options": {
                "a": "1",
                "b": "14",
                "c": "16",
                "d": "None of these"
              },
              "answer": "a"
            },
            {
              "question_no": 45,
              "question": "76n – 66n, where n is an integer > 0, is divisible by",
              "options": {
                "a": "13",
                "b": "127",
                "c": "559",
                "d": "All of these"
              },
              "answer": "d"
            },
            {
              "question_no": 46,
              "question": "It is given that (232 + 1) is exactly divisible by a \ncertain number. Which of the following is also \ndefinitely divisible by the same number?\n (S.S.C., 2007)",
              "options": {
                "a": "216 + 1",
                "b": "216 – 1",
                "c": "7 × 233",
                "d": "296 + 1"
              },
              "answer": "d"
            },
            {
              "question_no": 47,
              "question": "The number (248 – 1) is exactly divisible by two \nnumbers between 60 and 70. The numbers are \n (A.A.O. Exam, 2010)",
              "options": {
                "a": "63 and 65",
                "b": "63 and 67",
                "c": "61 and 65",
                "d": "65 and 67"
              },
              "answer": "a"
            },
            {
              "question_no": 48,
              "question": "n being any odd number greater than 1, n65 – n is \nalways divisible by",
              "options": {
                "a": "5",
                "b": "13",
                "c": "24",
                "d": "None of these"
              },
              "answer": "c"
            },
            {
              "question_no": 49,
              "question": "Let N = 553 + 173 – 723. Then, N is divisible by",
              "options": {
                "a": "both 7 and 13",
                "b": "both 3 and 13",
                "c": "both 17 and 7",
                "d": "both 3 and 17\nDirections"
              },
              "answer": "d"
            },
            {
              "question_no": 50,
              "question": "Find the last two digits of N.",
              "options": {
                "a": "00",
                "b": "13",
                "c": "19",
                "d": "23"
              },
              "answer": "b"
            },
            {
              "question_no": 51,
              "question": "Find the remainder when N is divided by 168.",
              "options": {
                "a": "33",
                "b": "67",
                "c": "129",
                "d": "153"
              },
              "answer": "a"
            },
            {
              "question_no": 52,
              "question": "What is the remainder when 461 is divided by 51?",
              "options": {
                "a": "20",
                "b": "41",
                "c": "50",
                "d": "None of these"
              },
              "answer": "d"
            },
            {
              "question_no": 53,
              "question": "What is the remainder when 1736 is divided by 36?",
              "options": {
                "a": "1",
                "b": "7",
                "c": "19",
                "d": "29"
              },
              "answer": "a"
            },
            {
              "question_no": 54,
              "question": "Which one of the following is the common factor \nof (4743 + 4343) and (4747 + 4347)?",
              "options": {
                "a": "",
                "b": "",
                "c": "",
                "d": "None of these"
              },
              "answer": "b"
            },
            {
              "question_no": 55,
              "question": "Find the product of all odd natural numbers less \nthan 5000.",
              "options": {
                "a": "×\n5000 !\n2500 2501",
                "b": "2500\n5000 !\n2 2500 ! ×",
                "c": "5000\n5000 !\n2",
                "d": "None of these"
              },
              "answer": "b"
            },
            {
              "question_no": 56,
              "question": "How many zeros will be required to number the \npages of a book containing 1000 pages?",
              "options": {
                "a": "168",
                "b": "184",
                "c": "192",
                "d": "216"
              },
              "answer": "c"
            }
          ]
        },
        {
          "Section Name": "Test",
          "Questions": [
            {
              "question_no": 1,
              "question": "Which is the greatest 5-digit number exactly divisible \nby 279? (R.R.B., 2006)",
              "options": {
                "a": "99603",
                "b": "99550",
                "c": "99882",
                "d": "None of these"
              },
              "answer": "c"
            },
            {
              "question_no": 2,
              "question": "The least number, which must be added to the \ngreatest 6-digit number so that the sum may be \nexactly divisible by 327 is",
              "options": {
                "a": "194",
                "b": "264",
                "c": "292",
                "d": "294"
              },
              "answer": "d"
            },
            {
              "question_no": 3,
              "question": "The least number more than 5000 which is divisible \nby 73 is",
              "options": {
                "a": "5009",
                "b": "5037",
                "c": "5073",
                "d": "5099"
              },
              "answer": "b"
            },
            {
              "question_no": 4,
              "question": "The nearest integer to 58701 which is exactly divisible \nby 567 is",
              "options": {
                "a": "55968",
                "b": "58068",
                "c": "58968",
                "d": "None of these"
              },
              "answer": "c"
            },
            {
              "question_no": 5,
              "question": "The smallest number which must be subtracted from \n8112 to make it exactly divisible by 99 is",
              "options": {
                "a": "91",
                "b": "92",
                "c": "93",
                "d": "95"
              },
              "answer": "c"
            },
            {
              "question_no": 6,
              "question": "The smallest number that must be added to 803642 \nin order to obtain a multiple of 11 is",
              "options": {
                "a": "1",
                "b": "4",
                "c": "7",
                "d": "9"
              },
              "answer": "c"
            },
            {
              "question_no": 7,
              "question": "The number of times 99 is subtracted from 1111 so \nthat the remainder is less than 99 is",
              "options": {
                "a": "10",
                "b": "11",
                "c": "12",
                "d": "13"
              },
              "answer": "b"
            },
            {
              "question_no": 8,
              "question": "The smallest number by which 66 must be multiplied \nto make the result divisible by 18 is",
              "options": {
                "a": "3",
                "b": "6",
                "c": "9",
                "d": "18"
              },
              "answer": "a"
            },
            {
              "question_no": 9,
              "question": "The smallest 6-digit number exactly divisible by 111 \nis",
              "options": {
                "a": "111111",
                "b": "110011",
                "c": "100011",
                "d": "110101",
                "e": "None of these"
              },
              "answer": "c"
            },
            {
              "question_no": 10,
              "question": "The sum of all 2-digit numbers divisible by 5 is",
              "options": {
                "a": "945",
                "b": "1035",
                "c": "1230",
                "d": "1245",
                "e": "None of these"
              },
              "answer": "a"
            },
            {
              "question_no": 11,
              "question": "How many 3-digit numbers are completely divisible \nby 6?",
              "options": {
                "a": "149",
                "b": "150",
                "c": "151",
                "d": "166"
              },
              "answer": "b"
            },
            {
              "question_no": 12,
              "question": "The number of terms between 11 and 200 which are \ndivisible by 7 but not by 3 are (C.P.F., 2008)",
              "options": {
                "a": "18",
                "b": "19",
                "c": "27",
                "d": "28"
              },
              "answer": "a"
            },
            {
              "question_no": 13,
              "question": "Out of the numbers divisible by 3 between 14 and \n95 if the numbers with 3 at unit's place are removed, \nthen how many numbers will remain? (R.R.B., 2006)",
              "options": {
                "a": "22",
                "b": "23",
                "c": "24",
                "d": "25"
              },
              "answer": "c"
            },
            {
              "question_no": 14,
              "question": "How many numbers less than 1000 are multiples of \nboth 10 and 13?",
              "options": {
                "a": "6",
                "b": "7",
                "c": "8",
                "d": "9"
              },
              "answer": "b"
            },
            {
              "question_no": 15,
              "question": "How many integers between 100 and 150, both \ninclusive, can be evenly divided by neither 3 nor 5?",
              "options": {
                "a": "26",
                "b": "27",
                "c": "28",
                "d": "33"
              },
              "answer": "b"
            },
            {
              "question_no": 16,
              "question": "If all the numbers from 501 to 700 are written, what \nis the total number of times the digit 6 appears? \n (Civil Services, 2007)",
              "options": {
                "a": "138",
                "b": "139",
                "c": "140",
                "d": "141"
              },
              "answer": "c"
            },
            {
              "question_no": 17,
              "question": "How many 3-digit numbers are there in between \n100 and 300, having first and the last digit as 2?",
              "options": {
                "a": "9",
                "b": "10",
                "c": "11",
                "d": "12"
              },
              "answer": "b"
            },
            {
              "question_no": 18,
              "question": "The total number of integers between 200 and 400, \neach of which either begins with 3 or ends with 3 \nor both is (S.S.C., 2007)",
              "options": {
                "a": "10",
                "b": "100",
                "c": "110",
                "d": "120"
              },
              "answer": "c"
            },
            {
              "question_no": 19,
              "question": "While writing all the numbers from 700 to 1000, \nhow many numbers occur in which the first digit is\ngreater than the second digit, and the second digit \nis greater than the third digit?",
              "options": {
                "a": "61",
                "b": "64",
                "c": "78",
                "d": "85\nNUMBER SYSTEM 27"
              },
              "answer": "d"
            },
            {
              "question_no": 20,
              "question": "A 9-digit number in which zero does not appear and \nno digits are repeated has the following properties:\n The number comprising the left most two digits is \ndivisible by 2, that comprising the left most three \ndigits is divisible by 3, and so on.\n The number is",
              "options": {
                "a": "183654729",
                "b": "381654729",
                "c": "983654721",
                "d": "981654723"
              },
              "answer": "b"
            },
            {
              "question_no": 21,
              "question": "If 11,109,999 is divided by 1111, then what is the \nremainder? (M.A.T., 2007)",
              "options": {
                "a": "1098",
                "b": "1010",
                "c": "1110",
                "d": "1188"
              },
              "answer": "c"
            }
          ]
        }
      ]
    }
  ]
}