{
  "Subject": "Quantitative Aptitude",
  "Chapters": [
    {
      "Chapter Name": "Partnership",
      "Sections": [
        {
          "Section Name": "Basic",
          "Questions": [
            {
              "question_no": 1,
              "question": "Rahul, Arun and Sumit started a business. Rahul \ninvested 1\n2 part, Arun \n1\n3 part and rest of the capital \nwas invested by Sumit. The ratio of their profits will\nbe (P.C.S., 2006)",
              "options": {
                "a": "2 : 3 : 1",
                "b": "3 : 2 : 1",
                "c": "2 : 3 : 6",
                "d": "3 : 2 : 5"
              },
              "answer": "b"
            },
            {
              "question_no": 2,
              "question": "P and Q started a business investing ` 85000 \nand ` 15000 respectively. In what ratio the profit\nearned after 2 years be divided between P and Q \nrespectively?",
              "options": {
                "a": "3 : 4",
                "b": "3 : 5",
                "c": "15 : 23",
                "d": "17 : 23",
                "e": "None of these"
              },
              "answer": "e"
            },
            {
              "question_no": 3,
              "question": "Anand and Deepak started a business investing\n` 22500 and ` 35000 respectively. Out of a total profit\nof ` 13800, Deepak’s share is",
              "options": {
                "a": "` 5400",
                "b": "` 7200",
                "c": "` 8400",
                "d": "` 9600"
              },
              "answer": "c"
            },
            {
              "question_no": 4,
              "question": "Samaira, Mahira and Kiara rented a set of DVDs at \na rent of ` 578. If they used it for 8 hours, 12 hours \nand 14 hours respectively, what is Kiara’s share of \nrent to be paid? (Bank P.O., 2008)",
              "options": {
                "a": "` 192",
                "b": "` 204",
                "c": "` 215",
                "d": "` 238",
                "e": "None of these"
              },
              "answer": "d"
            },
            {
              "question_no": 5,
              "question": "P, Q and R invested ` 45000, ` 70000 and ` 90000 \nrespectively to start a business. At the end of 2 years, \nthey earned a profit of ` 164000. What will be Q’s \nshare in the profit?\t \t (Bank P.O., 2009)",
              "options": {
                "a": "` 36000",
                "b": "` 56000",
                "c": "` 64000",
                "d": "` 72000",
                "e": "None of these"
              },
              "answer": "b"
            },
            {
              "question_no": 6,
              "question": "Prakash, Sachin and Anil started a business jointly \ninvesting ` 11 lakh, ` 16.5 lakh and ` 8.25 lakh re￾spectively. The profit earned by them in the business\nat the end of 3 years was ` 19.5 lakh. What will be \n50% of Anil’s share in the profit?\t (Bank P.O., 2009)",
              "options": {
                "a": "` 2.25 lakh",
                "b": "` 2.5 lakh",
                "c": "` 3.75 lakh",
                "d": "` 4.5 lakh",
                "e": "None of these"
              },
              "answer": "a"
            },
            {
              "question_no": 7,
              "question": "Two friends invested ` 1500 and ` 2500 in a business. \nThey earned a profit of ` 800. One-half of the profit\nwas divided equally between them and the other \nhalf was divided in proportion to their capitals. \nHow much did each of them receive?\n (Campus Recruitment, 2009)",
              "options": {
                "a": "` 350 and ` 450",
                "b": "` 360 and ` 440",
                "c": "` 370 and ` 430",
                "d": "` 375 and ` 425"
              },
              "answer": "a"
            },
            {
              "question_no": 8,
              "question": "Three persons stared a placement business with a \ncapital of ` 3000. B invests ` 600 less than A and \nC invests ` 300 less than B. What is B’s share in a \nprofit of ` 886? (Campus Recruitment, 2010)",
              "options": {
                "a": "` 443",
                "b": "` 354.40",
                "c": "` 265.80",
                "d": "` 177.20"
              },
              "answer": "c"
            },
            {
              "question_no": 9,
              "question": "Reena and Shaloo are partners in a business. Reena \ninvests ` 35000 for 8 months and Shaloo invests\n` 42000 for 10 months. Out of a profit of ` 31570, \nReena’s share is :",
              "options": {
                "a": "` 9471",
                "b": "` 12,628",
                "c": "` 18,040",
                "d": "` 18942"
              },
              "answer": "b"
            },
            {
              "question_no": 10,
              "question": "Shankar started a business with an investment of\n` 120,000. After three months, Aniket joined him with \nan investment of ` 190,000. They earned a profit of\n` 17,50,000 after one year. What is Aniket’s share \nin the profit?\t (Bank P.O., 2008)",
              "options": {
                "a": "` 800000",
                "b": "` 850000",
                "c": "` 900000",
                "d": "` 950000",
                "e": "None of these"
              },
              "answer": "d"
            },
            {
              "question_no": 11,
              "question": "Arun started a business investing ` 38000. After\n5 months Bakul joined him with a capital of ` 55000. \nAt the end of the year the total profit was ` 22000. \nWhat is the approximate difference between the \nshares of profits of Arun and Bakul? (Bank P.O., 2007)",
              "options": {
                "a": "` 1007",
                "b": "` 1192",
                "c": "` 1568",
                "d": "` 1857",
                "e": "` 1928\nPARTNERSHIP 481"
              },
              "answer": "d"
            },
            {
              "question_no": 12,
              "question": "Gautam started a business with a sum of ` 60000. \nJatin joined him 8 months later with a sum of\n` 35000. At what respective ratio will the two share \nthe profit after two years?\t(Bank P.O., 2008)",
              "options": {
                "a": "2 : 1",
                "b": "3 : 1",
                "c": "18 : 7",
                "d": "37 : 14",
                "e": "None of these"
              },
              "answer": "c"
            },
            {
              "question_no": 13,
              "question": "Simran started a software business by investing\n` 50000. After six months, Nanda joined her with \na capital of ` 80000. After 3 years, they earned a \nprofit of ` 24500. What was Simran’s share in the \nprofit?\t (Bank P.O., 2004)",
              "options": {
                "a": "` 9423",
                "b": "` 10,250",
                "c": "` 12500",
                "d": "` 14000",
                "e": "None of these"
              },
              "answer": "e"
            },
            {
              "question_no": 14,
              "question": "Dilip, Ram and Avtar started a shop by investing\n` 2700, ` 8100 and ` 7200 respectively. At the end of \none year, the profit earned was distributed. If Ram’s\nshare was ` 3600, what was their total profit?\t\n(R.R.B., 2006)",
              "options": {
                "a": "` 8000",
                "b": "` 10800",
                "c": "` 11600",
                "d": "Data inadequate"
              },
              "answer": "a"
            },
            {
              "question_no": 15,
              "question": "A and B started a business in partnership investing \n` 20000 and ` 15000 respectively. After six months, \nC joined them with ` 20000. What will be B’s share \nin the total profit of ` 25000 earned at the end of 2 \nyears from the starting of the business?",
              "options": {
                "a": "` 7500",
                "b": "` 9000",
                "c": "` 9500",
                "d": "` 10000",
                "e": "None of these"
              },
              "answer": "a"
            },
            {
              "question_no": 16,
              "question": "Aman started a business investing ` 70000. Rakhi \njoined him after six months with an amount of\n` 105000 and Sagar joined them with ` 1.4 lakhs after \nanother six months. The amount of profit earned\nshould be distributed in what ratio among Aman, \nRakhi and Sagar respectively, 3 years after Aman \nstarted the business?",
              "options": {
                "a": "7 : 6 : 10",
                "b": "12 : 15 : 16",
                "c": "42 : 45 : 56",
                "d": "Cannot be determined",
                "e": "None of these"
              },
              "answer": "b"
            },
            {
              "question_no": 17,
              "question": "Sonia started a business investing ` 60000. After 6 \nmonths Vivek joined him with an amount of ` 140000. \nAfter 1 year Kirti also joined them with ` 120000. \nAfter 2 years the business yielded a total profit of\n` 450000. What is the share of Vivek in the profit?\t\n (Bank P.O., 2005)",
              "options": {
                "a": "` 140000",
                "b": "` 198500",
                "c": "` 210000",
                "d": "` 215000",
                "e": "None of these"
              },
              "answer": "c"
            },
            {
              "question_no": 18,
              "question": "Arun, Kamal and Vinay invested ` 8000, ` 4000 and \n` 8000 respectively in a business. Arun left after six \nmonths. If after eight months, there was a gain of\n` 4005, then what will be the share of Kamal?",
              "options": {
                "a": "` 890",
                "b": "` 1335",
                "c": "` 1602",
                "d": "` 1780"
              },
              "answer": "a"
            },
            {
              "question_no": 19,
              "question": "P and Q started a business in the ratio of 2 : 3. After \n1 year P left the business but Q continues. After 2 \nyears he had the profit of ` 26000. What is the profit\nof Q? (Bank Recruitment, 2007)",
              "options": {
                "a": "` 10400",
                "b": "` 13000",
                "c": "` 15600",
                "d": "` 18500",
                "e": "None of these"
              },
              "answer": "e"
            },
            {
              "question_no": 20,
              "question": "A, B and C enter into a partnership. A invests some \nmoney at the beginning, B invests double the amount \nafter six months and C invests thrice the amount \nafter eight months. If the annual profit be ` 27000; \nC’s share (in `) is (G.B.O., 2007)",
              "options": {
                "a": "` 8625",
                "b": "` 9000",
                "c": "` 10800",
                "d": "` 11250"
              },
              "answer": "b"
            },
            {
              "question_no": 21,
              "question": "A, B and C enter into a partner ship. They invest\n` 40000, ` 80000 and ` 120000 respectively. At the \nend of the first year, B withdraws ` 40,000, while at \nthe end of the second year, C withdraws ` 80000. \nIn what ratio will the profit be shared at the end of\n3 years?",
              "options": {
                "a": "2 : 3 : 5",
                "b": "3 : 4 : 7",
                "c": "4 : 5 : 9",
                "d": "None of these"
              },
              "answer": "b"
            },
            {
              "question_no": 22,
              "question": "A, B and C enter into a partnership. A initially invests \n` 25 lakhs and adds another ` 10 lakhs after one \nyear. B initially invests ` 35 lakhs and withdraws \n` 10 lakhs after 2 years and C invests ` 30 lakhs. \nIn what ratio should the profits be divided at the\nend of 3 years?",
              "options": {
                "a": "10 : 10 : 9",
                "b": "20 : 20 : 19",
                "c": "20 : 19 : 18",
                "d": "None of these"
              },
              "answer": "d"
            },
            {
              "question_no": 23,
              "question": "Subhash starts a business by investing ` 25000. 6 \nmonths later Aditya joins him by investing ` 15000. \nAfter another 6 months Aditya invests an additional \namount of ` 15000. At the end of 3 years they earn \na profit of ` 247000. What is Aditya’s share in the \nprofit?\t (Bank P.O., 2006)",
              "options": {
                "a": "` 105000",
                "b": "` 111500",
                "c": "` 123000",
                "d": "` 130000",
                "e": "None of these"
              },
              "answer": "e"
            },
            {
              "question_no": 24,
              "question": "Shekhar started a business investing ` 25000 in 2009. \nIn 2010, he invested an additional amount of ` 10000 \nand Rajeev joined him with an amount of ` 35000. \nIn 2011, Shekhar invested another additional amount \nof ` 10000 and Jatin joined them with an amount of \n` 35000. What will be Rajeev’s share in the profit of\n` 150000 earned at the end of 3 years from the start \nof the business in 2009?",
              "options": {
                "a": "` 45000",
                "b": "` 50000",
                "c": "` 70000",
                "d": "` 75000",
                "e": "None of these\n482 QUANTITATIVE APTITUDE"
              },
              "answer": "b"
            },
            {
              "question_no": 25,
              "question": "A and B entered into a partnership investing\n` 16000 and ` 12000 respectively. After 3 months, \nA withdrew ` 5000 while B invested ` 5000 more. \nAfter 3 more months, C joins the business with a \ncapital of ` 21000. The share of B exceeds that of \nC, out of a total profit of ` 26,400 after one year by",
              "options": {
                "a": "` 2400",
                "b": "` 3000",
                "c": "` 3600",
                "d": "` 4800"
              },
              "answer": "c"
            }
          ]
        },
        {
          "Section Name": "Advanced",
          "Questions": [
            {
              "question_no": 1,
              "question": "A and B start a business with investments of ` 5000 \nand ` 4500 respectively. After 4 months, A takes out \nhalf of his capital. After two more months, B takes \nout one-third of his capital while C joins them with \na capital of ` 7000. At the end of a year, they earn \na profit of ` 5080. Find the share of each member \nin the profit.\t (Bank P.O., 2003)",
              "options": {
                "a": "A – ` 1400, B – ` 1900, C – ` 1780",
                "b": "A – ` 1600, B – ` 1800, C – ` 1680",
                "c": "A – ` 1800, B – ` 1500, C – ` 1780",
                "d": "A – ` 1680, B – ` 1600, C – ` 1800",
                "e": "None of these"
              },
              "answer": "b"
            },
            {
              "question_no": 2,
              "question": "A, B, C subscribe ` 50000 for a business. A subscribes \n` 4000 more than B and B ` 5000 more than C. Out \nof a total profit of ` 35000, A receives: (M.A.T., 2005)",
              "options": {
                "a": "` 8400",
                "b": "` 11900",
                "c": "` 13600",
                "d": "` 14700"
              },
              "answer": "d"
            },
            {
              "question_no": 3,
              "question": "A, B and C are three partners. They altogether \ninvested ` 14000 in business. At the end of the year, \nA got ` 337.50, B ` 1125 and C ` 637.50 as profit.\nThe difference between the investments of B and A \nwas (M.A.T., 2010)",
              "options": {
                "a": "` 2200",
                "b": "` 3200",
                "c": "` 4200",
                "d": "` 5250"
              },
              "answer": "d"
            },
            {
              "question_no": 4,
              "question": "A, B and C started a business investing amounts \nin the ratio of 5 : 6 : 8 respectively. After one year, \nC withdrew 50% of the amount and A invested an \nadditional amount of 60% of the original amount \ninvested by him. In what ratio, the profit earned at\nthe end of 2 years should be distributed among A, \nB and C respectively? (Bank P.O., 2004)",
              "options": {
                "a": "2 : 3 : 3",
                "b": "4 : 3 : 2",
                "c": "13 : 12 : 12",
                "d": "Cannot be determined",
                "e": "None of these"
              },
              "answer": "c"
            },
            {
              "question_no": 5,
              "question": "John, Mona and Gordon, three US based business \npartners, jointly invested in a business project to \nsupply nuclear fuel to India. As per their share in \nthe investment, Gordon will receive 2\n3 of the profits\nwhereas John and Mona divide the remainder \nequally. It is estimated that the income of John will \nincrease by $ 60 million when the rate of profit rises\nfrom 4% to 7%. What is Mona’s capital ? (M.B.A., 2009)",
              "options": {
                "a": "$ 2000 million",
                "b": "$ 3000 million",
                "c": "$ 5000 million",
                "d": "$ 8000 million"
              },
              "answer": "a"
            },
            {
              "question_no": 6,
              "question": "Anu is a working partner and Bimla is a sleeping \npartner in a business. Anu puts in ` 5000 and Bimla \nputs in ` 6000. Anu receives 12.5% of the profit for\nmanaging the business and the rest is divided in \nproportion to their capitals. What does each get out \nof a profit of ` 880? (M.A.T., 2010)",
              "options": {
                "a": "` 400, ` 480",
                "b": "` 450, ` 430",
                "c": "` 460, ` 420",
                "d": "` 470, ` 410"
              },
              "answer": "c"
            },
            {
              "question_no": 7,
              "question": "Two partners invested ` 125000 and ` 85000 \nrespectively in a business. They distribute 60% of the \nprofit equally and decide to distribute the remaining\n40% as the interest on their capitals. If one partner \nreceived ` 3000 more than the other, the total profit\nis",
              "options": {
                "a": "` 42250",
                "b": "` 39375",
                "c": "` 38840",
                "d": "` 36575"
              },
              "answer": "b"
            },
            {
              "question_no": 8,
              "question": "Three partners A, B, C start a business. Twice A’s \ncapital is equal to thrice B’s capital and B’s capital \nis four times C’s capital. Out of a total profit of\n` 16500 at the end of the year, B’s share is :",
              "options": {
                "a": "` 4000",
                "b": "` 6000",
                "c": "` 7500",
                "d": "` 6600"
              },
              "answer": "b"
            },
            {
              "question_no": 9,
              "question": "If 4 (A’s capital) = 6 (B’s capital) = 10 (C’s capital), \nthen out of a profit of ` 4650, C will receive",
              "options": {
                "a": "` 465",
                "b": "` 900",
                "c": "` 1550",
                "d": "` 2250"
              },
              "answer": "b"
            },
            {
              "question_no": 10,
              "question": "Ninad, Vikas and Manav enter into a partnership. \nNinad invests some amount at the beginning. Vikas \ninvests double the amount after 6 months and Manav \ninvests thrice the amount invested by Ninad after \n8 months. They earn a profit of ` 45000 at the end \nof the year. What is Manav’s share in the profit?\n(S.B.I.P.O., 2008)",
              "options": {
                "a": "` 9000",
                "b": "` 12000",
                "c": "` 15000",
                "d": "` 25000",
                "e": "None of these"
              },
              "answer": "c"
            },
            {
              "question_no": 11,
              "question": "Four milkmen rented a pasture. A grazed 15 cows \nfor 4 months, B grazed 12 cows for 2 months, C \ngrazed 18 cows for 6 months and D grazed 16 cows \nfor 5 months. If A’s share of rent is ` 1020, what is \nC’s share of rent? (Bank P.O., 2008)",
              "options": {
                "a": "` 816",
                "b": "` 1360",
                "c": "` 1836",
                "d": "Cannot be determined",
                "e": "None of these\nPARTNERSHIP 483"
              },
              "answer": "c"
            },
            {
              "question_no": 12,
              "question": "A, B and C enter into a partnership by making invest\u0002ments in the ratio 3 : 5 : 7. After a year, C invests \nanother ` 337600 while A withdraws ` 45600. The \nratio of investments then changes to 24 : 59 : 16.7. \nHow much did A invest initially?",
              "options": {
                "a": "` 45600",
                "b": "` 96000",
                "c": "` 141600",
                "d": "None of these"
              },
              "answer": "c"
            },
            {
              "question_no": 13,
              "question": "A, B and C are partners in a business. Their shares \nare in the proportion of 111\n345\n: : ⋅ A withdraws half \nof his capital after 15 months and after another 15 \nmonths, a profit of ` 4340 is divided. The share of \nC is (M.B.A., 2004)",
              "options": {
                "a": "` 1240",
                "b": "` 1245",
                "c": "` 1360",
                "d": "` 1550"
              },
              "answer": "a"
            },
            {
              "question_no": 14,
              "question": "A, B, C started a business with their investments in \nthe ratio 1 : 3 : 5. After 4 months, A invested the \nsame amount as before and B as well as C withdrew \nhalf of their investments. The ratio of their profits\nat the end of the year is : (L.I.C.A.A.O., 2007)",
              "options": {
                "a": "4 : 3 : 5",
                "b": "5 : 6 : 10",
                "c": "6 : 5 : 10",
                "d": "10 : 5 : 6"
              },
              "answer": "b"
            },
            {
              "question_no": 15,
              "question": "A and B entered into partnership with capitals in \nthe ratio 4 : 5. After 3 months, A withdrew 1\n4 of \nhis capital and B withdrew 1\n5 of his capital. The \ngain at the end of 10 months was ` 760. A’s share \nin this profit is :",
              "options": {
                "a": "` 330",
                "b": "` 360",
                "c": "` 380",
                "d": "` 430"
              },
              "answer": "a"
            },
            {
              "question_no": 16,
              "question": "In a partnership, A invests 1\n6 of the capital for 1\n6\nof the time, B invests 1\n3 of the capital for 1\n3 of the \ntime and C, the rest of the capital for the whole \ntime. Out of a profit of ` 4600, B’s share is \n(M.B.A., 2004)",
              "options": {
                "a": "` 650",
                "b": "` 800",
                "c": "` 960",
                "d": "` 1000"
              },
              "answer": "b"
            },
            {
              "question_no": 17,
              "question": "A, B and C jointly thought of engaging themselves \nin a business venture. It was agreed that A would \ninvest ` 6500 for 6 months, B, ` 8400 for 5 months \nand C, ` 10,000 for 3 months. A wants to be the \nworking member for which he was to receive 5% of \nthe profits. The profit earned was ` 7400. Calculate \nthe share of B in the profit.",
              "options": {
                "a": "` 1900",
                "b": "` 2660",
                "c": "` 2800",
                "d": "` 2840"
              },
              "answer": "b"
            },
            {
              "question_no": 18,
              "question": "Manick received ` 6000 as his share out of the total \nprofit of ` 9000 which he and Raunaq earned at \nthe end of one year. If Manick invested ` 20000 for \n6 months, whereas Raunaq invested his amount for \nthe whole year, what was the amount invested by \nRaunaq?",
              "options": {
                "a": "` 4000",
                "b": "` 5000",
                "c": "` 6000",
                "d": "` 10,000"
              },
              "answer": "b"
            },
            {
              "question_no": 19,
              "question": "A, B and C entered into a partnership. A invested\n` 2560 and B invested ` 2000. At the end of the \nyear, they gained ` 1105, out of which A got ` 320. \nC’s capital was (S.S.C., 2006)",
              "options": {
                "a": "` 2840",
                "b": "` 4028",
                "c": "` 4280",
                "d": "` 4820"
              },
              "answer": "c"
            },
            {
              "question_no": 20,
              "question": "A, B and C enter into a partnership. A contributes \none-third of the capital while B contributes as much \nas A and C together contribute. If the profit at the\nend of the year amounts to ` 900, what would C \nreceive? (P.C.S., 2008)",
              "options": {
                "a": "` 100",
                "b": "` 150",
                "c": "` 200",
                "d": "` 300"
              },
              "answer": "b"
            },
            {
              "question_no": 21,
              "question": "A and B started a business jointly. A’s investment \nwas thrice the investment of B and the period of his \ninvestment was two times the period of investment \nof B. If B received ` 4000 as profit, then their total\nprofit is:",
              "options": {
                "a": "` 16000",
                "b": "` 20000",
                "c": "` 24000",
                "d": "` 28000"
              },
              "answer": "d"
            },
            {
              "question_no": 22,
              "question": "A started a business with ` 21000 and is joined \nafterwards by B with ` 36000. After how many \nmonths did B join if the profits at the end of the\nyear are divided equally?",
              "options": {
                "a": "3",
                "b": "4",
                "c": "5",
                "d": "6"
              },
              "answer": "c"
            },
            {
              "question_no": 23,
              "question": "A began a business with ` 85000. He was joined \nafterwards by B with ` 42500. For how much period \ndoes B join, if the profits at the end of the year are\ndivided in the ratio of 3 : 1? (N.I.F.T., 2003)",
              "options": {
                "a": "4 months",
                "b": "5 months",
                "c": "6 months",
                "d": "8 months"
              },
              "answer": "d"
            },
            {
              "question_no": 24,
              "question": "A starts business with ` 3500 and after 5 months, B \njoins with A as his partner. After a year, the profit\nis divided in the ratio 2 : 3. What is B’s contribution \nin the capital?",
              "options": {
                "a": "` 7500",
                "b": "` 8000",
                "c": "` 8500",
                "d": "` 9000"
              },
              "answer": "d"
            },
            {
              "question_no": 25,
              "question": "A and B enter into a partnership with ` 50000 and \n` 60000 respectively. C joins them after x months, \ncontributing ` 70000 and B leaves x months before \nthe end of the year. If they share the profit in the\nratio of 20 : 18 : 21, then the value of x is\n(M.A.T., 2008)",
              "options": {
                "a": "3",
                "b": "6",
                "c": "8",
                "d": "9"
              },
              "answer": "a"
            }
          ]
        },
        {
          "Section Name": "Test",
          "Questions": [
            {
              "question_no": 1,
              "question": "In a business A invests ` 600 more than B. The \ncapital of B remained invested for 1 7\n2 months, while \nthe capital of A remained invested for 2 more months. \nIf the total profit be ` 620 and B gets ` 140 less than \nwhat A gets, then A’s capital is",
              "options": {
                "a": "` 2400",
                "b": "` 2800",
                "c": "` 3000",
                "d": "` 3200"
              },
              "answer": "c"
            },
            {
              "question_no": 2,
              "question": "A and B start a business jointly. A invests ` 16000 \nfor 8 months and B remains in the business for 4 \nmonths. Out of the total profit, B claims 2\n7 of the \nprofit. How much money was contributed by B?",
              "options": {
                "a": "` 10500",
                "b": "` 11900",
                "c": "` 12800",
                "d": "` 13600"
              },
              "answer": "c"
            },
            {
              "question_no": 3,
              "question": "Two friends P and Q started a business investing \nin the ratio of 5 : 6. R joined them after six months \ninvesting an amount equal to that of Q’s. At the end \nof the year, 20% profit was earned which was equal\nto ` 98,000. What was the amount invested by R?",
              "options": {
                "a": "` 105000",
                "b": "` 175000",
                "c": "` 210000",
                "d": "Data inadequate",
                "e": "None of these"
              },
              "answer": "c"
            },
            {
              "question_no": 4,
              "question": "Three partners shared the profit in a business in the\nratio 5 : 7 : 8. They had partnered for 14 months, 8 \nmonths and 7 months respectively. What was the \nratio of their investments?",
              "options": {
                "a": "5 : 7 : 8",
                "b": "28 : 49 : 64",
                "c": "38 : 28 : 21",
                "d": "None of these"
              },
              "answer": "d"
            },
            {
              "question_no": 5,
              "question": "A, B and C invested their capitals in the ratio 3 : 4 : 6.\nHowever their shares of profit are equal. The \ndurations of their investments must be in the ratio",
              "options": {
                "a": "4 : 3 : 2",
                "b": "6 : 4 : 3",
                "c": "3 : 4 : 6",
                "d": "1 : 1 : 1"
              },
              "answer": "a"
            },
            {
              "question_no": 6,
              "question": "A and B invest in a business in the ratio 3 : 2. If \n5% of the total profit goes to charity and A’s share\nis ` 855, the total profit is",
              "options": {
                "a": "` 1425",
                "b": "` 1500",
                "c": "` 1537.50",
                "d": "` 1576"
              },
              "answer": "b"
            },
            {
              "question_no": 7,
              "question": "Swati and Rajni enter into a partnership with their \ncapitals in the ratio 5 : 6. At the end of 7 months \nSwati withdraws her capital. If they receive the \nprofit in the ratio of 5 : 9, find how long was Rajni’s\ncapital used. (I.I.F.T., 2005, R.R.B., 2008)",
              "options": {
                "a": "10 months",
                "b": "12 months",
                "c": "14 months",
                "d": "None of these"
              },
              "answer": "d"
            },
            {
              "question_no": 8,
              "question": "X and Y are partners in a business. X contributed \n1\n3 of the capital for 9 months and Y received 2\n5 of \nthe profits. For how long was Y’s money used in\nthe business? (M.A.T., 2010)",
              "options": {
                "a": "2 months",
                "b": "3 months",
                "c": "4 months",
                "d": "5 months"
              },
              "answer": "b"
            },
            {
              "question_no": 9,
              "question": "A and B started a business with initial investments \nin the respective ratio of 18 : 7. After four months \nfrom the start of the business, A invest ` 2000 more \nand B invested ` 7000 more. At the end of one year, \nif the profit was distributed among them in the ratio\nof 2 : 1 respective, what was the total initial invest\u0002ment with which A and B started the business?\n[IBPS—RRB Officers Gr.’B’ Exam, 2015]",
              "options": {
                "a": "` 50000",
                "b": "` 25000",
                "c": "` 150000",
                "d": "` 75000"
              },
              "answer": "a"
            },
            {
              "question_no": 10,
              "question": "Anil, Kamal and Vini Invested ` 8000, ` 4000 and \n` 8000 respectively in a business. Anil left after six \nmonths. If after eight months, there was a gain of \n` 4005, then what will be the share of Kamal?\n[RBI Gr. ‘B’ (Phase I) Exam, 2015]",
              "options": {
                "a": "` 800",
                "b": "` 890",
                "c": "` 500",
                "d": "` 900"
              },
              "answer": "b"
            }
          ]
        }
      ]
    }
  ]
}