{
  "Subject": "Quantitative Aptitude",
  "Chapters": [
    {
      "Chapter Name": "Percentage",
      "Sections": [
        {
          "Section Name": "Basic",
          "Questions": [
            {
              "question_no": 1,
              "question": "How is \n3\n4 expressed as percentage? (R.R.B., 2006)",
              "options": {
                "a": "0.75%",
                "b": "7.5%",
                "c": "75%",
                "d": "60%"
              },
              "answer": "c"
            },
            {
              "question_no": 2,
              "question": "The ratio 5: 4 expressed as a percent equals",
              "options": {
                "a": "12.5%",
                "b": "40%",
                "c": "80%",
                "d": "125%"
              },
              "answer": "d"
            },
            {
              "question_no": 3,
              "question": "3.5 can be expressed in terms of percentage as",
              "options": {
                "a": "0.35%",
                "b": "3.5%",
                "c": "35%",
                "d": "350%"
              },
              "answer": "d"
            },
            {
              "question_no": 4,
              "question": "When expressed as a fraction 64% would mean",
              "options": {
                "a": "16\n25",
                "b": "9\n64",
                "c": "8\n81",
                "d": "12\n121"
              },
              "answer": "a"
            },
            {
              "question_no": 5,
              "question": "Half of 1 percent written as a decimal is\n(L.I.C.A.D.O., 2008)",
              "options": {
                "a": "0.005",
                "b": "0.05",
                "c": "0.02",
                "d": "0.2"
              },
              "answer": "a"
            },
            {
              "question_no": 6,
              "question": "12% of 5000 =? (CLAT, 2010)",
              "options": {
                "a": "600",
                "b": "620",
                "c": "680",
                "d": "720 \n318 QUANTITATIVE APTITUDE"
              },
              "answer": "a"
            },
            {
              "question_no": 7,
              "question": "38% of 341 =? (Bank Recruitment, 2009)",
              "options": {
                "a": "120.68",
                "b": "129.58",
                "c": "135.78",
                "d": "136.28",
                "e": "None of these"
              },
              "answer": "b"
            },
            {
              "question_no": 8,
              "question": "(550% of 250) ÷ 275 =? (Bank P.O., 2009)",
              "options": {
                "a": "15",
                "b": "0.5",
                "c": "1.5",
                "d": "25",
                "e": "None of these"
              },
              "answer": "e"
            },
            {
              "question_no": 9,
              "question": "280% of 3940 =? (L.I.C.A.D.O., 2007)",
              "options": {
                "a": "10132",
                "b": "11032",
                "c": "11230",
                "d": "11320",
                "e": "None of these"
              },
              "answer": "b"
            },
            {
              "question_no": 10,
              "question": "92.5% of 550 =? (Bank Recruitment, 2008)",
              "options": {
                "a": "506.45",
                "b": "508.75",
                "c": "518.55",
                "d": "521.65",
                "e": "None of these"
              },
              "answer": "b"
            },
            {
              "question_no": 11,
              "question": "2% of 2 =?",
              "options": {
                "a": "0.04",
                "b": "0.4",
                "c": "0.02",
                "d": "0.004"
              },
              "answer": "a"
            },
            {
              "question_no": 12,
              "question": "10% of 5 and 5% of 10 add up to (P.C.S., 2008)",
              "options": {
                "a": "0.10",
                "b": "0.25",
                "c": "1.0",
                "d": "2.5"
              },
              "answer": "c"
            },
            {
              "question_no": 13,
              "question": "36% of 245 – 40% of 210 = 10 –? (Bank P.O., 2010)",
              "options": {
                "a": "4.2",
                "b": "4.9",
                "c": "5.6",
                "d": "6.8",
                "e": "None of these"
              },
              "answer": "e"
            },
            {
              "question_no": 14,
              "question": "45% of 300 + ? = 56% of 750 – 10% of 250\n (R.R.B., 2009)",
              "options": {
                "a": "60",
                "b": "130",
                "c": "260",
                "d": "67600"
              },
              "answer": "d"
            },
            {
              "question_no": 15,
              "question": "15% of 578 + 22.5% of 644 =? (Bank P.O., 2010)",
              "options": {
                "a": "231.4",
                "b": "231.6",
                "c": "231.8",
                "d": "233.6",
                "e": "None of these"
              },
              "answer": "b"
            },
            {
              "question_no": 16,
              "question": "140% of 56 + 56% of 140 =? (Bank P.O., 2009)",
              "options": {
                "a": "78.4",
                "b": "87.4",
                "c": "156.6",
                "d": "158.6",
                "e": "None of these"
              },
              "answer": "e"
            },
            {
              "question_no": 17,
              "question": "(7.9% of 134) – (3.4% of 79) =? (Bank P.O., 2009)",
              "options": {
                "a": "7.3",
                "b": "7.8",
                "c": "8.1",
                "d": "8.6",
                "e": "None of these"
              },
              "answer": "e"
            },
            {
              "question_no": 18,
              "question": "(23.6% of 1254) – (16.6% of 834) =? (S.B.I.P.O., 2008)",
              "options": {
                "a": "153.5",
                "b": "155.5",
                "c": "157.5",
                "d": "159.5",
                "e": "None of these"
              },
              "answer": "c"
            },
            {
              "question_no": 19,
              "question": "(0.85% of 405) + (2.25% of 550) =? (Bank P.O., 2007)",
              "options": {
                "a": "13.8175",
                "b": "14.7125",
                "c": "15.7150",
                "d": "16.7175",
                "e": "None of these"
              },
              "answer": "e"
            },
            {
              "question_no": 20,
              "question": "What is 45% of 25% of 4 th of 850?\n5 (Bank P.O., 2009)",
              "options": {
                "a": "67.5",
                "b": "69.5",
                "c": "76.5",
                "d": "83.5",
                "e": "None of these"
              },
              "answer": "c"
            },
            {
              "question_no": 21,
              "question": "What is 28% of 36% of 5 th of 5000 ?\n7 (Bank P.O., 2008)",
              "options": {
                "a": "360",
                "b": "375",
                "c": "420",
                "d": "480",
                "e": "None of these"
              },
              "answer": "a"
            },
            {
              "question_no": 22,
              "question": "(0.56% of 225) × (3.25% of 430) =? (Bank P.O., 2006)",
              "options": {
                "a": "15.3195",
                "b": "15.6175",
                "c": "17.3075",
                "d": "17.6085",
                "e": "None of these"
              },
              "answer": "d"
            },
            {
              "question_no": 23,
              "question": "An agent sells goods of value of ` 15000. The \ncommission which he receives at the rate of 1 12 %\n2\nis (SNAP, 2010)",
              "options": {
                "a": "` 1875",
                "b": "` 2000",
                "c": "` 2125",
                "d": "` 2700"
              },
              "answer": "a"
            },
            {
              "question_no": 24,
              "question": "One-eighth of a number is 41.5. What will 69% of \nthat number be?",
              "options": {
                "a": "219.12",
                "b": "225.76",
                "c": "229.08",
                "d": "232.4",
                "e": "None of these"
              },
              "answer": "c"
            },
            {
              "question_no": 25,
              "question": "Ten percent of twenty plus twenty percent of ten \nequals",
              "options": {
                "a": "10 percent of 20",
                "b": "20 percent of 10",
                "c": "1 percent of 200",
                "d": "2 percent of 200"
              },
              "answer": "d"
            },
            {
              "question_no": 26,
              "question": "60% of 264 is the same as",
              "options": {
                "a": "10% of 44",
                "b": "15% of 1056",
                "c": "30% of 132",
                "d": "None of these"
              },
              "answer": "b"
            },
            {
              "question_no": 27,
              "question": "270 candidates appeared for an examination, of \nwhich 252 passed. The pass percentage is:",
              "options": {
                "a": "80%",
                "b": "1 83 %\n2",
                "c": "90 %\n3\n1",
                "d": "1 93 %\n3"
              },
              "answer": "d"
            },
            {
              "question_no": 28,
              "question": "5 out of 2250 parts of earth is sulphur. What is the \npercentage of sulphur in earth?",
              "options": {
                "a": "11\n50",
                "b": "2\n9",
                "c": "1\n45",
                "d": "2\n45\nPERCENTAGE 319"
              },
              "answer": "b"
            },
            {
              "question_no": 29,
              "question": "In an examination Sumit scores a total of 626 marks \nout of 850. What is his approximate percentage in \nthe examination? (Bank Recruitment, 2009)",
              "options": {
                "a": "64",
                "b": "67",
                "c": "74",
                "d": "79",
                "e": "83"
              },
              "answer": "c"
            },
            {
              "question_no": 30,
              "question": "The marks obtained by a student are given below. \nWhat is his total percentage in all the subjects?\nSubjects Total Marks Marks\nObtained\nMathematics 100 100\nScience 100 84\nSocial Studies 100 67\nEnglish 50 25\nHindi 50 24",
              "options": {
                "a": "56%",
                "b": "68%",
                "c": "75%",
                "d": "80%"
              },
              "answer": "c"
            },
            {
              "question_no": 31,
              "question": "The following table gives the marks obtained by a \nstudent in the first and second semester examinations\nin four subjects in a given year.\nSubjects 1st\nSemester\n2nd\nSemester\nMaximum \nMarks\nPhysics 35 30 50\nChemistry 30 25 50\nMathematics 65 45 100\nSocial Science 80 85 100\n The aggregate percentage of marks obtained by the \nstudent in the given year is nearly",
              "options": {
                "a": "56",
                "b": "61",
                "c": "64",
                "d": "66"
              },
              "answer": "d"
            },
            {
              "question_no": 32,
              "question": "I paid ` 27.20 as sales tax on a watch worth ` 340. \nFind the rate of sales tax.",
              "options": {
                "a": "8%",
                "b": "9%",
                "c": "10%",
                "d": "12%"
              },
              "answer": "a"
            },
            {
              "question_no": 33,
              "question": "What percent of 88 is 33?",
              "options": {
                "a": "34.5%",
                "b": "35.5%",
                "c": "36.5%",
                "d": "37.5%"
              },
              "answer": "d"
            },
            {
              "question_no": 34,
              "question": "0.01 is what percent of 0.1? (S.S.C., 2005)",
              "options": {
                "a": "1\n100",
                "b": "1\n10",
                "c": "10",
                "d": "100"
              },
              "answer": "c"
            },
            {
              "question_no": 35,
              "question": "What percent is 1 minute and 12 seconds of an \nhour?",
              "options": {
                "a": "2%",
                "b": "10%",
                "c": "12%",
                "d": "20%"
              },
              "answer": "a"
            },
            {
              "question_no": 36,
              "question": "The enrolment of students in a school increases \nfrom 560 to 581. What is the percent increase in the \nenrolment?",
              "options": {
                "a": "2.75%",
                "b": "3.25%",
                "c": "3.72%",
                "d": "3.75%"
              },
              "answer": "d"
            },
            {
              "question_no": 37,
              "question": "What percent of 7.2 kg is 18 gms?",
              "options": {
                "a": ".025%",
                "b": ".25%",
                "c": "2.5%",
                "d": "25%"
              },
              "answer": "b"
            },
            {
              "question_no": 38,
              "question": "What percent of ` 2650 is ` 1987.50?",
              "options": {
                "a": "60%",
                "b": "75%",
                "c": "80%",
                "d": "90%"
              },
              "answer": "b"
            },
            {
              "question_no": 39,
              "question": "What percent of a day is 3 hours?",
              "options": {
                "a": "1 12 %\n2",
                "b": "2 16 %\n3",
                "c": "2 18 %\n3",
                "d": "1 22 %\n2"
              },
              "answer": "a"
            },
            {
              "question_no": 40,
              "question": "The price for a pair of cuff links is ` 1.00. The price \nfor a 5-pair package of cuff links is ` 3.40. The 5-pair \npackage is what percent cheaper per pair than 5 \npairs purchased separately? (M.A.T., 2004)",
              "options": {
                "a": "32%",
                "b": "47%",
                "c": "62%",
                "d": "63%"
              },
              "answer": "a"
            },
            {
              "question_no": 41,
              "question": "A bakery opened with its daily supply of 40 dozen \nrolls. Half of the rolls were sold by noon and 60% \nof the remaining rolls were sold between noon \nand closing time. How many dozen rolls were left \nunsold? (SNAP, 2010)",
              "options": {
                "a": "6",
                "b": "8",
                "c": "10",
                "d": "12"
              },
              "answer": "b"
            },
            {
              "question_no": 42,
              "question": "5 kg of metal A and 20 kg of metal B are mixed \nto form an alloy. The percentage of metal A in the \nalloy is",
              "options": {
                "a": "20%",
                "b": "25%",
                "c": "40%",
                "d": "None of these"
              },
              "answer": "a"
            },
            {
              "question_no": 43,
              "question": "30% apples out of 450 are rotten. How many apples \nare in good condition? (R.R.B., 2006)",
              "options": {
                "a": "125",
                "b": "180",
                "c": "240",
                "d": "315"
              },
              "answer": "d"
            },
            {
              "question_no": 44,
              "question": "A company pays rent of ` 25000 per month for \noffice space to its owner. But if the company pays\nthe annual rent at the beginning of the year the \nowner gives a discount of 5% on the total annual \nrent. What is the annual amount the company pays \nto the owner after the discount?\n(Bank Recruitment, 2008)",
              "options": {
                "a": "` 2,75,000",
                "b": "` 2,85,000",
                "c": "` 2,95,000",
                "d": "` 3,00,000",
                "e": "None of these"
              },
              "answer": "b"
            },
            {
              "question_no": 45,
              "question": "An interval of 3 hours 40 minutes is wrongly \nestimated as 3 hours 45.5 minutes. The error \npercentage is (S.S.C., 2006)",
              "options": {
                "a": "2.5",
                "b": "5",
                "c": "5.2",
                "d": "5.5 \n320 QUANTITATIVE APTITUDE"
              },
              "answer": "a"
            },
            {
              "question_no": 46,
              "question": "The following table gives the income distribution \nof 200 households of a village:\nMonthly Income (in ` ) Number of Households\n< 1000\n< 2000\n< 5000\n< 10000\n25\n80\n170\n200\n What is the percentage of households whose monthly \nincome is above ` 2000 but below ` 5000? \n (P.C.S., 2006)",
              "options": {
                "a": "32.5",
                "b": "45",
                "c": "85",
                "d": "90"
              },
              "answer": "b"
            },
            {
              "question_no": 47,
              "question": "In two successive years 100 and 75 students of a \nschool appeared at the final examination. Respectively\n75% and 60% of them passed. The average rate of \npass is",
              "options": {
                "a": "4 68 %\n7",
                "b": "78%",
                "c": "80%",
                "d": "1 80 %\n2"
              },
              "answer": "a"
            },
            {
              "question_no": 48,
              "question": "A toy merchant announces 25% rebate in prices \nof balls. If one needs to have a rebate of ` 40, \nthen how many balls each costing ` 32, he should \npurchase? (M.B.A., 2007)",
              "options": {
                "a": "5",
                "b": "6",
                "c": "7",
                "d": "10"
              },
              "answer": "a"
            },
            {
              "question_no": 49,
              "question": "1.14 expressed as a percent of 1.9 is (S.S.C., 2010)",
              "options": {
                "a": "6%",
                "b": "10%",
                "c": "60%",
                "d": "90%"
              },
              "answer": "c"
            },
            {
              "question_no": 50,
              "question": "Kamal has 160 toffees. He gave 5% toffees to Ravi, \n15% toffees to Anita and one-fourth of the toffees \nto Gagan. How many toffees are left with Kamal \nafter the distribution? (Bank Recruitment, 2010)",
              "options": {
                "a": "78",
                "b": "69",
                "c": "88",
                "d": "79",
                "e": "None of these"
              },
              "answer": "c"
            }
          ]
        },
        {
          "Section Name": "Advanced",
          "Questions": [
            {
              "question_no": 1,
              "question": "40% of 60% of 3 th\n5 of a number is 504. What is \n25% of 2 th\n5 of that number? (NABARD, 2009)",
              "options": {
                "a": "175",
                "b": "180",
                "c": "350",
                "d": "360",
                "e": "None of these"
              },
              "answer": "c"
            },
            {
              "question_no": 2,
              "question": "125% of 3060 – 85% of? = 408 (Bank P.O., 2010)",
              "options": {
                "a": "3890",
                "b": "3940",
                "c": "4015",
                "d": "4020",
                "e": "None of these"
              },
              "answer": "d"
            },
            {
              "question_no": 3,
              "question": "40% of 265 + 35% of 180 = 50% of? (Bank P.O., 2010)",
              "options": {
                "a": "84.5",
                "b": "169",
                "c": "253.5",
                "d": "338",
                "e": "None of these"
              },
              "answer": "d"
            },
            {
              "question_no": 4,
              "question": "? % of 450 + 46% of 285 = 257.1 (Bank P.O., 2009)",
              "options": {
                "a": "21",
                "b": "28",
                "c": "32",
                "d": "34",
                "e": "None of these"
              },
              "answer": "b"
            },
            {
              "question_no": 5,
              "question": "36% of 365 +? % of 56.2 = 156.69 (Bank P.O., 2010)",
              "options": {
                "a": "30",
                "b": "35",
                "c": "40",
                "d": "45",
                "e": "None of these"
              },
              "answer": "d"
            },
            {
              "question_no": 6,
              "question": "35568 ÷? % of 650 = 456",
              "options": {
                "a": "12",
                "b": "14",
                "c": "16",
                "d": "18",
                "e": "None of these"
              },
              "answer": "a"
            },
            {
              "question_no": 7,
              "question": "23% of 8040 + 42% of 545 =? % of 3000\n(Bank P.O., 2006)",
              "options": {
                "a": "56.17",
                "b": "63.54",
                "c": "69.27",
                "d": "71.04",
                "e": "None of these"
              },
              "answer": "c"
            },
            {
              "question_no": 8,
              "question": "3.2% of 500 × 2.4% of? = 288 (S.B.I.P.O., 2008)",
              "options": {
                "a": "600",
                "b": "650",
                "c": "700",
                "d": "750"
              },
              "answer": "d"
            },
            {
              "question_no": 9,
              "question": "85% of 485.5 = 50% of? (Bank P.O., 2006)",
              "options": {
                "a": "675.75",
                "b": "735.65",
                "c": "825.35",
                "d": "915.5",
                "e": "None of these"
              },
              "answer": "c"
            },
            {
              "question_no": 10,
              "question": "40% of 4.5 +? % of 2\n3 = 20% of 10",
              "options": {
                "a": "20",
                "b": "25",
                "c": "30",
                "d": "35",
                "e": "None of these"
              },
              "answer": "c"
            },
            {
              "question_no": 11,
              "question": "30% of 28% of 480 is the same as",
              "options": {
                "a": "15% of 56% of 240",
                "b": "60% of 28% of 240",
                "c": "60% of 56% of 240",
                "d": "None of these"
              },
              "answer": "b"
            },
            {
              "question_no": 12,
              "question": "What is 25% of 25% equal to?",
              "options": {
                "a": "0.00625",
                "b": "0.0625",
                "c": "0.625",
                "d": "6.25"
              },
              "answer": "b"
            },
            {
              "question_no": 13,
              "question": "What percent is 3% of 5%?",
              "options": {
                "a": "15%",
                "b": "30%",
                "c": "50%",
                "d": "60%"
              },
              "answer": "d"
            },
            {
              "question_no": 14,
              "question": "64% of a number is 2592. What is 88% of that \nnumber? (Bank Recruitment, 2009)",
              "options": {
                "a": "3202",
                "b": "3458",
                "c": "3564",
                "d": "3826",
                "e": "None of these"
              },
              "answer": "c"
            },
            {
              "question_no": 15,
              "question": "42% of a number is 892.5. What is 73% of that \nnumber? (Bank Recruitment, 2009)",
              "options": {
                "a": "1466.25",
                "b": "1508.75",
                "c": "1551.25",
                "d": "1636.25",
                "e": "None of these"
              },
              "answer": "c"
            },
            {
              "question_no": 16,
              "question": "15% of 45% of a number is 105.3. What is 24% of \nthat number? (Bank P.O., 2009)",
              "options": {
                "a": "374.4",
                "b": "375",
                "c": "385.5",
                "d": "390",
                "e": "None of these"
              },
              "answer": "a"
            },
            {
              "question_no": 17,
              "question": "If 0.03 is X% of 0.3, then the value of X is\n(I.A.M., 2007)",
              "options": {
                "a": "3",
                "b": "10",
                "c": "30",
                "d": "Cannot be determined"
              },
              "answer": "b"
            },
            {
              "question_no": 18,
              "question": "40% of 60% of 32% of an amount is ` 432. What is \nthe amount? (Bank Recruitment, 2007)",
              "options": {
                "a": "` 5000",
                "b": "` 5600",
                "c": "` 6400",
                "d": "None of these"
              },
              "answer": "d"
            },
            {
              "question_no": 19,
              "question": "Find the greatest possible number for which 30% \nof that number is less than 100.",
              "options": {
                "a": "325",
                "b": "328",
                "c": "331",
                "d": "333",
                "e": "335"
              },
              "answer": "d"
            },
            {
              "question_no": 20,
              "question": "If ` 2800 is \n2\n7 percent of the value of a house, the \nworth of the house (in `) is",
              "options": {
                "a": "8,00,000",
                "b": "9,80,000",
                "c": "10,00,000",
                "d": "12,00,000\n322 QUANTITATIVE APTITUDE"
              },
              "answer": "b"
            },
            {
              "question_no": 21,
              "question": "15% of? % of 582 = 17.46",
              "options": {
                "a": "2",
                "b": "10",
                "c": "20",
                "d": "None of these"
              },
              "answer": "c"
            },
            {
              "question_no": 22,
              "question": "In a year, a man manages to sell only 65% of the \nchicken he owns. How many chicken should the \nman own to sell 47775 chicken in a year?\n(M.B.A., 2005)",
              "options": {
                "a": "55000",
                "b": "68500",
                "c": "73000",
                "d": "82500",
                "e": "None of these"
              },
              "answer": "e"
            },
            {
              "question_no": 23,
              "question": "If 35% of a number is 175, then what percent of 175 \nis that number?",
              "options": {
                "a": "35%",
                "b": "65%",
                "c": "280%",
                "d": "None of these"
              },
              "answer": "d"
            },
            {
              "question_no": 24,
              "question": "If an electricity bill is paid before due date, one \ngets a reduction of 4% on the amount of the bill. \nBy paying the bill before due date a person got a \nreduction of ` 13. The amount of his electricity bill \nwas (S.S.C., 2010)",
              "options": {
                "a": "` 125",
                "b": "` 225",
                "c": "` 325",
                "d": "` 425"
              },
              "answer": "c"
            },
            {
              "question_no": 25,
              "question": "In an examination X secures 58% marks and Y\nsecures 105 marks less than X. If the maximum \nmarks were 700, then what percent of marks did Y\nsecure?",
              "options": {
                "a": "42 percent",
                "b": "43 percent",
                "c": "52 percent",
                "d": "None of these"
              },
              "answer": "b"
            },
            {
              "question_no": 26,
              "question": "Ms. Pooja invests 13% of her monthly salary, i.e. \n` 8554 in Mediclaim Policies. Later she invests 23% \nof her monthly salary on Child Education Policies ; \nalso she invests another 8% of her monthly salary \non Mutual Funds. What is the total annual amount \ninvested by Ms. Pooja? (S.B.I.P.O., 2008)",
              "options": {
                "a": "` 28952",
                "b": "` 43428",
                "c": "` 173712",
                "d": "` 347424",
                "e": "None of these"
              },
              "answer": "d"
            },
            {
              "question_no": 27,
              "question": "Nupur invests ` 89856, which is 26% of her annual \nincome, in mutual funds. What is her monthly \nincome? (Bank Recruitment, 2008)",
              "options": {
                "a": "` 23980.50",
                "b": "` 28800",
                "c": "` 28990",
                "d": "` 33606.25",
                "e": "None of these"
              },
              "answer": "b"
            },
            {
              "question_no": 28,
              "question": "David and his wife each receives an 8 percent annual \nrise. If David receives a raise of ` 800 and his wife \nreceives a raise of ` 840, what is the difference \nbetween their annual incomes after their raises? \n(Campus Recruitment, 2008)",
              "options": {
                "a": "` 40",
                "b": "` 460",
                "c": "` 500",
                "d": "` 540"
              },
              "answer": "d"
            },
            {
              "question_no": 29,
              "question": "If the average of a number, its 75% and its 25% is \n240, then the number is (P.C.S., 2006)",
              "options": {
                "a": "280",
                "b": "320",
                "c": "360",
                "d": "400"
              },
              "answer": "c"
            },
            {
              "question_no": 30,
              "question": "A company bought a total of 60 computers and 20 \nprinters to modernise billing operations. If the price \nof each computer was three times the price of each \nprinter, what percent of the total cost of the purchase \nwas the total cost of the printers?",
              "options": {
                "a": "10%",
                "b": "11%",
                "c": "15%",
                "d": "20%"
              },
              "answer": "a"
            },
            {
              "question_no": 31,
              "question": "An individual pays 30% income tax. On this tax \nhe has to pay a surcharge of 10%. Thus the net tax \nrate, he has to pay, is",
              "options": {
                "a": "27%",
                "b": "33%",
                "c": "40%",
                "d": "45%"
              },
              "answer": "b"
            },
            {
              "question_no": 32,
              "question": "Anand has drawn an angle of measure 45° 27′\nwhen he was asked to draw an angle of 45°. The \npercentage error in his drawing is",
              "options": {
                "a": "0.5",
                "b": "1.0",
                "c": "1.5",
                "d": "2.0"
              },
              "answer": "b"
            },
            {
              "question_no": 33,
              "question": "The value of which of the following fractions is less \nthan twenty percent? (Bank P.O., 2010)",
              "options": {
                "a": "5\n6",
                "b": "2\n3",
                "c": "2\n5",
                "d": "1\n4",
                "e": "2\n11"
              },
              "answer": "e"
            },
            {
              "question_no": 34,
              "question": "The difference between 54% of a number and 26% \nof the same number is 22526. What is 66% of that \nnumber? (Bank Recruitment, 2009)",
              "options": {
                "a": "48372",
                "b": "49124",
                "c": "51218",
                "d": "53097",
                "e": "None of these"
              },
              "answer": "d"
            },
            {
              "question_no": 35,
              "question": "The difference between 38% of a number and 24% \nof the same number is ` 135.10. What is 40% of that \nnumber? (M.A.T., 2009)",
              "options": {
                "a": "370",
                "b": "378",
                "c": "386",
                "d": "394"
              },
              "answer": "c"
            },
            {
              "question_no": 36,
              "question": "76% of the students in a school are boys. If the \nnumber of girls is 204, then the total number of \nstudents is (R.R.B., 2010)",
              "options": {
                "a": "760",
                "b": "800",
                "c": "850",
                "d": "900"
              },
              "answer": "c"
            },
            {
              "question_no": 37,
              "question": "In an examination, 65% of the total examinees passed. \nIf the number of failures is 420, the total number of \nexaminees is",
              "options": {
                "a": "1000",
                "b": "1200",
                "c": "1500",
                "d": "1625\nPERCENTAGE 323"
              },
              "answer": "b"
            },
            {
              "question_no": 38,
              "question": "There are 340 vacancies for a particular post in an \norganisation. Experience shows that 15% of the \ncandidates interviewed get rejected. How many \ncandidates should be interviewed to fill all the\nvacancies?",
              "options": {
                "a": "226",
                "b": "391",
                "c": "400",
                "d": "420",
                "e": "None of these"
              },
              "answer": "c"
            },
            {
              "question_no": 39,
              "question": "Rajan got 76 percent marks and Sonia got 480 marks \nin a test. The maximum marks of the test is equal \nto the marks obtained by Rajan and Sonia together. \nHow many marks did Rajan score in the test?\n(Bank P.O., 2010)",
              "options": {
                "a": "1450",
                "b": "1520",
                "c": "1540",
                "d": "2000",
                "e": "None of these"
              },
              "answer": "b"
            },
            {
              "question_no": 40,
              "question": "If a bucket is 80% full, then it contains 2 litres more \nwater than when it is 2 66 %\n3 full. What is the \ncapacity of the bucket? (S.S.C., 2005)",
              "options": {
                "a": "10 litres",
                "b": "15 litres",
                "c": "2 16 litres\n3",
                "d": "20 litres"
              },
              "answer": "b"
            },
            {
              "question_no": 41,
              "question": "Vinay decided to donate 5% of his salary. On the \nday of donation he changed his mind and donated \n` 1687.50, which was 75% of what he had decided \nearlier. How much is Vinay's salary? \n(Bank P.O., 2008)",
              "options": {
                "a": "` 33750",
                "b": "` 37500",
                "c": "` 45000",
                "d": "Cannot be determined",
                "e": "None of these"
              },
              "answer": "c"
            },
            {
              "question_no": 42,
              "question": "One-fourth of sixty percent of a number is equal \nto two-fifths of twenty percent of another number.\nWhat is the respective ratio of the first number to\nthe second number? (Bank P.O., 2008)",
              "options": {
                "a": "4: 7",
                "b": "5: 9",
                "c": "8: 13",
                "d": "Cannot be determined",
                "e": "None of these"
              },
              "answer": "e"
            },
            {
              "question_no": 43,
              "question": "The sum of two numbers is 2490. If 6.5% of one \nnumber is equal to 8.5% of the other, the greater \nnumber is (R.R.B., 2006)",
              "options": {
                "a": "1079",
                "b": "1250",
                "c": "1380",
                "d": "1411"
              },
              "answer": "d"
            },
            {
              "question_no": 44,
              "question": "The number of students who opted for IT courses \ndecreased by 23%. If the number is 1540 now, then \nthe original number of students opting for IT courses \nwas",
              "options": {
                "a": "1600",
                "b": "1800",
                "c": "2000",
                "d": "2200"
              },
              "answer": "c"
            },
            {
              "question_no": 45,
              "question": "If the monthly salary of an employee is increased \nby 2 2 %,\n3 he gets ` 72 more. His monthly salary \n(in `) is",
              "options": {
                "a": "2000",
                "b": "2700",
                "c": "3600",
                "d": "7200"
              },
              "answer": "b"
            },
            {
              "question_no": 46,
              "question": "A store raised the price of an item by exactly 10 \npercent. Which of the following could not be the \nresulting price of the item?",
              "options": {
                "a": "` 5.50",
                "b": "` 7.60",
                "c": "` 11.00",
                "d": "` 12.10"
              },
              "answer": "b"
            },
            {
              "question_no": 47,
              "question": "A number increased by 1 37 %\n2 gives 33. The number \nis (Hotel Management, 2005)",
              "options": {
                "a": "22",
                "b": "24",
                "c": "25",
                "d": "27"
              },
              "answer": "b"
            },
            {
              "question_no": 48,
              "question": "Three-fourths of a number is equal to 60% of an\u0002other number and the difference between these \ntwo numbers is 20. What is the sum of these two \nnumbers?",
              "options": {
                "a": "170",
                "b": "180",
                "c": "220",
                "d": "Cannot be determined",
                "e": "None of these"
              },
              "answer": "b"
            },
            {
              "question_no": 49,
              "question": "The number which exceeds 16% of it by 42 is",
              "options": {
                "a": "50",
                "b": "52",
                "c": "58",
                "d": "60"
              },
              "answer": "a"
            },
            {
              "question_no": 50,
              "question": "What percentage of numbers from 1 to 70 have \nsquares that end in the digit 1?",
              "options": {
                "a": "1",
                "b": "14",
                "c": "20",
                "d": "21"
              },
              "answer": "c"
            },
            {
              "question_no": 51,
              "question": "By how much percent is four-fifths of 70 lesser than\nfive-sevenths of 112? \t \t (G.B.O., 2007)",
              "options": {
                "a": "24%",
                "b": "30%",
                "c": "36%",
                "d": "42%"
              },
              "answer": "b"
            }
          ]
        },
        {
          "Section Name": "Test",
          "Questions": [
            {
              "question_no": 1,
              "question": "If one number is 80% of the other and 4 times the \nsum of their squares is 656, then the numbers are",
              "options": {
                "a": "4, 5",
                "b": "8, 10",
                "c": "16, 20",
                "d": "None of these"
              },
              "answer": "b"
            },
            {
              "question_no": 2,
              "question": "Two numbers A and B are such that the sum of 5% \nof A and 4% of B is two-thirds of the sum of 6% of \nA and 8% of B. Find the ratio of A:B. (M.A.T., 2009)",
              "options": {
                "a": "2: 3",
                "b": "1: 1",
                "c": "3: 4",
                "d": "4: 3"
              },
              "answer": "d"
            },
            {
              "question_no": 3,
              "question": "Three candidates contested an election and received \n1136, 7636 and 11628 votes respectively. What per￾centage of the total votes did the winning candidate \nget?",
              "options": {
                "a": "57%",
                "b": "60%",
                "c": "65%",
                "d": "90%"
              },
              "answer": "a"
            },
            {
              "question_no": 4,
              "question": "The population of a town increased from 1,75,000 to \n2,62,500 in a decade. The average percent increase \nof population per year is",
              "options": {
                "a": "4.37%",
                "b": "5%",
                "c": "6%",
                "d": "8.75%"
              },
              "answer": "b"
            },
            {
              "question_no": 5,
              "question": "A student multiplied a number by 3\n5 instead of 5\n3\nWhat is the percentage error in the calculation?",
              "options": {
                "a": "34%",
                "b": "44%",
                "c": "54%",
                "d": "64%"
              },
              "answer": "d"
            },
            {
              "question_no": 6,
              "question": "A tempo is insured to the extent of 4\n5 of its original \nvalue. If the premium on it at the rate of 1.3 percent \namounts to ` 910, the original value of the tempo \nis",
              "options": {
                "a": "` 78,500",
                "b": "` 80,000",
                "c": "` 82,500",
                "d": "` 87,500"
              },
              "answer": "d"
            },
            {
              "question_no": 7,
              "question": "When 15% is lost in grinding wheat, a country can \nexport 30 lakh tons of wheat. On the other hand, if \n10% is lost in grinding, it can export 40 lakh tons \nof wheat. The production of wheat in the country \nis:",
              "options": {
                "a": "20 lakh tons",
                "b": "80 lakh tons",
                "c": "200 lakh tons",
                "d": "800 lakh tons"
              },
              "answer": "c"
            },
            {
              "question_no": 8,
              "question": "In a competitive examination in State A, 6% \ncandidates got selected from the total appeared \ncandidates. State B had an equal number of \ncandidates appeared and 7% candidates got selected \nwith 80 more candidates got selected than A. What \nwas the number of candidates appeared from each \nState?",
              "options": {
                "a": "7600",
                "b": "8000",
                "c": "8400",
                "d": "Data inadequate"
              },
              "answer": "b"
            },
            {
              "question_no": 9,
              "question": "The price of a car is ` 3,25,000. It was insured to \n85% of its price. The car was damaged completely \nin an accident and the insurance company paid 90% \nof the insurance. What was the difference between \nthe price of the car and the amount received? \n (B.Ed Entrance, 2010)",
              "options": {
                "a": "` 32,500",
                "b": "` 48,750",
                "c": "` 76,375",
                "d": "` 81,250"
              },
              "answer": "c"
            },
            {
              "question_no": 10,
              "question": "Gauri went to the stationers and bought things \nworth ` 25, out of which 30 paise went on sales tax \non taxable purchases. If the tax rate was 6%, then \nwhat was the cost of the tax free items?",
              "options": {
                "a": "` 15",
                "b": "` 15.70",
                "c": "` 19.70",
                "d": "` 20"
              },
              "answer": "c"
            },
            {
              "question_no": 11,
              "question": "A batsman scored 110 runs which included 3 \nboundaries and 8 sixes. What percent of his total \nscore did he make by running between the wickets? \n(S.S.C., 2004)",
              "options": {
                "a": "45%",
                "b": "5 45 %\n11",
                "c": "6 54 %\n11",
                "d": "55%\nPERCENTAGE 325"
              },
              "answer": "b"
            },
            {
              "question_no": 12,
              "question": "After deducting a commission of 5%, a T.V. set costs \n` 9595. Its marked price is:",
              "options": {
                "a": "` 10,000",
                "b": "` 10,075",
                "c": "` 10,100",
                "d": "` 10,500"
              },
              "answer": "c"
            },
            {
              "question_no": 13,
              "question": "A person who spends 2 66 %\n3 of his income is able \nto save ` 1200 per month. His monthly expenses \n(in `) are",
              "options": {
                "a": "` 1200",
                "b": "` 2400",
                "c": "` 3000",
                "d": "` 3200"
              },
              "answer": "b"
            },
            {
              "question_no": 14,
              "question": "Twenty-five percent of Reena’s yearly income is\nequal to seventy-five percent of Anubhav‘s monthly\nincome. If Anubhav‘s yearly income is ` 240000, \nwhat is Reena's monthly income?\n(Bank Recruitment, 2010)",
              "options": {
                "a": "` 60000",
                "b": "` 12000",
                "c": "` 5200",
                "d": "Cannot be determined",
                "e": "None of these"
              },
              "answer": "e"
            },
            {
              "question_no": 15,
              "question": "Twelve percent of Kaushal‘s monthly salary is equal \nto sixteen percent of Nandini’s monthly salary. \nSonal’s monthly salary is half that of Nandini’s. If \nSonal’s annual salary is ` 1.08 lacs, what is Kaushal’s \nmonthly salary? (Bank P.O., 2010)",
              "options": {
                "a": "` 18000",
                "b": "` 20000",
                "c": "` 24000",
                "d": "` 26000",
                "e": "None of these"
              },
              "answer": "c"
            },
            {
              "question_no": 16,
              "question": "Aman’s expense is 30% more than Vimal’s and \nVimal’s expense is 10% less than Raman’s. If the \nsum of their expenses is ` 6447, then what would \nbe Aman’s expense? (Bank P.O., 2009)",
              "options": {
                "a": "` 1890",
                "b": "` 2100",
                "c": "` 2200",
                "d": "` 2457",
                "e": "None of these"
              },
              "answer": "d"
            },
            {
              "question_no": 17,
              "question": "Two tailors X and Y are paid a total of ` 550 per \nweek by their employer. If X is paid 20 percent \nmore than the sum paid to Y, how much is Y paid \nper week?",
              "options": {
                "a": "` 200",
                "b": "` 250",
                "c": "` 300",
                "d": "None of these"
              },
              "answer": "b"
            },
            {
              "question_no": 18,
              "question": "Prithvi spent ` 89745 on his college fees, ` 51291 on \nPersonality Development Classes and the remaining \n27% of the total amount he had as cash with him. \nWhat was the total amount? (Bank P.O., 2008)",
              "options": {
                "a": "` 185400",
                "b": "` 189600",
                "c": "` 191800",
                "d": "` 193200",
                "e": "None of these"
              },
              "answer": "d"
            },
            {
              "question_no": 19,
              "question": "If a number is reduced by 40% it becomes two\u0002thirds of another number. What is the ratio of the \nfirst number to the second number?",
              "options": {
                "a": "8: 9",
                "b": "9: 8",
                "c": "10: 9",
                "d": "9: 10",
                "e": "None of these"
              },
              "answer": "c"
            },
            {
              "question_no": 20,
              "question": "To meet a government requirement, a bottler must \ntest 5 percent of its spring water and 10 percent of \nits sparkling water for purity. If a customer ordered \n120 cases of spring water and 80 cases of sparkling \nwater, then what percent of all the cases must the \nbottler test before he can send it out? (M.A.T., 2006)",
              "options": {
                "a": "6.5%",
                "b": "7.0%",
                "c": "7.5%",
                "d": "8.0%"
              },
              "answer": "b"
            },
            {
              "question_no": 21,
              "question": "When income tax is 3 paise in a rupee, a person's \nnet income is ` 237650. What will it be when the \nincome tax is raised to 7 paise? (M.B.A., 2007)",
              "options": {
                "a": "` 233000",
                "b": "` 231650",
                "c": "` 227850",
                "d": "None of these"
              },
              "answer": "c"
            }
          ]
        }
      ]
    }
  ]
}