{
  "Subject": "Quantitative Aptitude",
  "Chapters": [
    {
      "Chapter Name": "Problems on Trains",
      "Sections": [
        {
          "Section Name": "Basic",
          "Questions": [
            {
              "question_no": 1,
              "question": "A train moves with a speed of 108 kmph. Its speed \nin metres per second is",
              "options": {
                "a": "10.8 m/sec.",
                "b": "18 m/sec.",
                "c": "30 m/sec.",
                "d": "38.8 m/sec."
              },
              "answer": "c"
            },
            {
              "question_no": 2,
              "question": "A speed of 14 metres per second is the same as",
              "options": {
                "a": "28 km/hr",
                "b": "46.6 km/hr",
                "c": "50.4 km/hr",
                "d": "70 km/hr"
              },
              "answer": "c"
            },
            {
              "question_no": 3,
              "question": "A man sitting in a train is counting the pillars of \nelectricity. The distance between two pillars is 60 \nmetres, and the speed of the train is 42 km/hr. In \n5 hours, how many pillars will he count?\n (R.R.B., 2009)",
              "options": {
                "a": "3501",
                "b": "3600",
                "c": "3800",
                "d": "None of these"
              },
              "answer": "a"
            },
            {
              "question_no": 4,
              "question": "In what time will a train 100 metres long cross an \nelectric pole, if its speed be144 km/hr?",
              "options": {
                "a": "2.5 seconds",
                "b": "4.25 seconds",
                "c": "5 seconds",
                "d": "12.5 seconds"
              },
              "answer": "a"
            },
            {
              "question_no": 5,
              "question": "A train 280 m long, running with a speed of 63 \nkm/hr will pass a tree in:",
              "options": {
                "a": "15 sec",
                "b": "16 sec",
                "c": "18 sec",
                "d": "20 sec"
              },
              "answer": "b"
            },
            {
              "question_no": 6,
              "question": "A 100 m long train is going at a speed of 60\nkm/hr. It will cross a 140 m long railway bridge \nin (G.I.C., 2009)",
              "options": {
                "a": "3.6 sec",
                "b": "7.2 sec",
                "c": "14.4 sec",
                "d": "21.6 sec"
              },
              "answer": "c"
            },
            {
              "question_no": 7,
              "question": "A 120 metre long train is running at a speed of 90 km/\nhr. It will cross a railway platform 230 m long in\n (S.S.C., 2005)",
              "options": {
                "a": "4 4 seconds\n5",
                "b": "7 seconds",
                "c": "1 9 seconds\n5",
                "d": "14 seconds"
              },
              "answer": "d"
            },
            {
              "question_no": 8,
              "question": "A train travelling at a speed of 75 mph enters a \ntunnel 1 3\n2 miles long. The train is 1\n4 mile long. \nHow long does it take for the train to pass through \nthe tunnel from the moment the front enters to the \nmoment the rear emerges ?",
              "options": {
                "a": "2.5 min",
                "b": "3 min",
                "c": "3.2 min",
                "d": "3.5 min"
              },
              "answer": "b"
            },
            {
              "question_no": 9,
              "question": "A train running at the speed of 60 km/hr crosses a \npole in 9 seconds. What is the length of the train?",
              "options": {
                "a": "120 metres",
                "b": "180 metres",
                "c": "324 metres",
                "d": "Cannot be determined",
                "e": "None of these"
              },
              "answer": "e"
            },
            {
              "question_no": 10,
              "question": "A train 132 m long passes a telegraph pole in 6 \nseconds. Find the speed of the train.",
              "options": {
                "a": "70 km/hr",
                "b": "72 km/hr",
                "c": "79.2 km/hr",
                "d": "80 km/hr"
              },
              "answer": "c"
            },
            {
              "question_no": 11,
              "question": "A train covers a distance of 12 km in 10 minutes. \nIf it takes 6 seconds to pass a telegraph post, then \nthe length of the train is",
              "options": {
                "a": "90 m",
                "b": "100 m",
                "c": "120 m",
                "d": "140 m\n616 QUANTITATIVE APTITUDE"
              },
              "answer": "c"
            },
            {
              "question_no": 12,
              "question": "A train 240 m long passed a pole in 24 seconds. How \nlong will it take to pass a platform 650 m long?",
              "options": {
                "a": "65 sec",
                "b": "89 sec",
                "c": "100 sec",
                "d": "150 sec"
              },
              "answer": "b"
            },
            {
              "question_no": 13,
              "question": "A 50-metre long train passes over a bridge at the \nspeed of 30 km per hour. If it takes 36 seconds to \ncross the brige, what is the length of the bridge? \n (P.C.S., 2009)",
              "options": {
                "a": "200 metres",
                "b": "250 metres",
                "c": "300 metres",
                "d": "350 metres"
              },
              "answer": "b"
            },
            {
              "question_no": 14,
              "question": "A train takes 5 minutes to cross a telegraphic post. \nThen the time taken by another train whose length is \njust double of the first train and moving with same\nspeed to cross a platform of its own length is \n (Hotel Management, 2007)",
              "options": {
                "a": "10 minutes",
                "b": "15 minutes]",
                "c": "20 minutes",
                "d": "Data inadequate"
              },
              "answer": "c"
            },
            {
              "question_no": 15,
              "question": "The length of the bridge, which a train 130 metres \nlong and travelling at 45 km/hr can cross in 30 \nseconds, is",
              "options": {
                "a": "200 m",
                "b": "225 m",
                "c": "245 m",
                "d": "250 m"
              },
              "answer": "c"
            },
            {
              "question_no": 16,
              "question": "A train 800 metres long is running at a speed of 78 \nkm/hr. If it crosses a tunnel in 1 minute, then the \nlength of the tunnel (in metres) is :",
              "options": {
                "a": "130",
                "b": "360",
                "c": "500",
                "d": "540"
              },
              "answer": "c"
            },
            {
              "question_no": 17,
              "question": "A train running at the speed of 60 kmph crosses \na 200 m long platform in 27 seconds. What is the \nlength of the train? (Bank Recruitment, 2009)",
              "options": {
                "a": "200 metres",
                "b": "240 metres",
                "c": "250 metres",
                "d": "450 metres",
                "e": "None of these"
              },
              "answer": "c"
            },
            {
              "question_no": 18,
              "question": "A train running at a speed of 90 km/hr crosses a \nplatform double its length in 36 seconds. What is \nthe length of the platform in metres?\n (Bank Recruitment, 2007)",
              "options": {
                "a": "200",
                "b": "300",
                "c": "450",
                "d": "Cannot be determined",
                "e": "None of these"
              },
              "answer": "e"
            },
            {
              "question_no": 19,
              "question": "A train of length 150 metres takes 40.5 seconds to \ncross a tunnel of length 300 metres. What is the \nspeed of the train in km/hr?",
              "options": {
                "a": "13.33",
                "b": "26.67",
                "c": "40",
                "d": "66.67"
              },
              "answer": "c"
            },
            {
              "question_no": 20,
              "question": "A 280-metre long train crosses a platform thrice its \nlength in 50 seconds. What is the speed of the train \nin km/hr? (M.B.A.–C.E.T., 2008)",
              "options": {
                "a": "60.48",
                "b": "64.86",
                "c": "80.64",
                "d": "82.38",
                "e": "None of these"
              },
              "answer": "c"
            },
            {
              "question_no": 21,
              "question": "A train passes a station platform in 36 seconds and \na man standing on the platform in 20 seconds. If the \nspeed of the train is 54 km/hr, what is the length \nof the platform? (M.A.T., 2008)",
              "options": {
                "a": "225 m",
                "b": "240 m",
                "c": "230 m",
                "d": "235 m"
              },
              "answer": "b"
            },
            {
              "question_no": 22,
              "question": "Train A crosses a stationary train B in 50 seconds \nand a pole in 20 seconds with the same speed. The \nlength of the train A is 240 metres. What is the \nlength of the stationary train B? (Bank. P.O., 2010)",
              "options": {
                "a": "260 metres",
                "b": "300 metres",
                "c": "360 metres",
                "d": "Cannot be determined",
                "e": "None of these"
              },
              "answer": "c"
            },
            {
              "question_no": 23,
              "question": "A train speeds past a pole in 20 seconds and speeds \npast a platform 100 metres in length in 30 seconds. \nWhat is the length of the train? (Bank P.O., 2010)",
              "options": {
                "a": "100 m",
                "b": "150 m",
                "c": "180 m",
                "d": "200 m",
                "e": "None of these"
              },
              "answer": "d"
            },
            {
              "question_no": 24,
              "question": "A train crosses a platform 100 m long in 60 seconds \nat a speed of 45 km/hr. The time taken by the train \nto cross an electric pole is:",
              "options": {
                "a": "8 sec",
                "b": "52 sec",
                "c": "1 minute",
                "d": "Data inadequate"
              },
              "answer": "b"
            },
            {
              "question_no": 25,
              "question": "A train, 150 m long, takes 30 seconds to cross a \nbridge 500 m long. How much time will the train \ntake to cross a platform 370 m long? (S.S.C., 2007)",
              "options": {
                "a": "18 sec",
                "b": "24 sec",
                "c": "30 sec",
                "d": "36 sec"
              },
              "answer": "b"
            }
          ]
        },
        {
          "Section Name": "Advanced",
          "Questions": [
            {
              "question_no": 1,
              "question": "A train passes a platform 90 m long in 30 seconds \nand a man standing on the platform in 15 seconds. \nThe speed of the train is (C.P.O., 2007)",
              "options": {
                "a": "12.4 km/hr",
                "b": "14.6 km/hr",
                "c": "18.4 km/hr",
                "d": "21.6 km/hr"
              },
              "answer": "d"
            },
            {
              "question_no": 2,
              "question": "A train running at a certain speed takes 20 seconds \nto cross a signal post and 50 seconds to cross a \nbridge. Which of the following statements is correct \nabout the length of the bridge?",
              "options": {
                "a": "1.5 times the length of the train",
                "b": "2.5 times the length of the train",
                "c": "30 metres more than the length of the train",
                "d": "Cannot be determined"
              },
              "answer": "a"
            },
            {
              "question_no": 3,
              "question": "A train travelling with a constant speed crosses a \n96-metre long platform in 12 seconds and another \n141-metre long platform in 15 seconds. The length \nof the train and its speed are (R.R.B., 2006)",
              "options": {
                "a": "84 metres and 54 km/hr",
                "b": "64 metres and 44 km/hr",
                "c": "64 metres and 54 km/hr",
                "d": "84 metres and 60 km/hr\nPROBLEMS ON TRAINS 617"
              },
              "answer": "a"
            },
            {
              "question_no": 4,
              "question": "The time taken by a train 180 m long, travelling at \n42 kmph, in passing a person walking in the same \ndirection at 6 kmph, will be (S.S.C., 2005)",
              "options": {
                "a": "18 sec",
                "b": "21 sec",
                "c": "24 sec",
                "d": "25 sec"
              },
              "answer": "a"
            },
            {
              "question_no": 5,
              "question": "A train with 90 km/hr crosses a bridge in 36 sec￾onds. Another train 100 metres shorter crosses the \nsame bridge at 45 km/hr. What is the time taken \nby the second train to cross the bridge?(M.A.T., 2006)",
              "options": {
                "a": "61 seconds",
                "b": "62 seconds",
                "c": "63 seconds",
                "d": "64 seconds"
              },
              "answer": "d"
            },
            {
              "question_no": 6,
              "question": "A jogger running at 9 kmph alongside a railway \ntrack is 240 metres ahead of the engine of a 120 \nmetre long train running at 45 kmph in the same \ndirection. In how much time will the train pass the \njogger?",
              "options": {
                "a": "3.6 sec",
                "b": "18 sec",
                "c": "36 sec",
                "d": "72 sec"
              },
              "answer": "c"
            },
            {
              "question_no": 7,
              "question": "A train 110 metres long is running with a speed of \n60 kmph. In what time will it pass a man who is \nrunning at 6 kmph in the direction opposite to that \nin which the train is going? (M.A.T., 2002)",
              "options": {
                "a": "5 sec",
                "b": "6 sec",
                "c": "7 sec",
                "d": "10 sec"
              },
              "answer": "b"
            },
            {
              "question_no": 8,
              "question": "Two trains 200 metres and 150 metres long are \nrunning on parallel rails in the same direction at \nspeeds of 40 km/hr and 45 km/hr respectively. \nTime taken by the faster train to cross the slowed \ntrain will be (P.C.S., 2009)",
              "options": {
                "a": "72 seconds",
                "b": "132 seconds",
                "c": "192 seconds",
                "d": "252 seconds"
              },
              "answer": "d"
            },
            {
              "question_no": 9,
              "question": "Two trains A and B start running together from the \nsame point in the same direction, at the speeds of \n60 kmph and 72 kmph respectively. If the length \nof each of the trains is 240 metres, how long will \nit take for train B to cross train A? (Bank P.O., 2005)",
              "options": {
                "a": "1 min 12 secs",
                "b": "1 min 24 secs",
                "c": "2 min 12 secs",
                "d": "2 min 24 secs"
              },
              "answer": "d"
            },
            {
              "question_no": 10,
              "question": "Two trains are moving in opposite directions @ 60 \nkm/hr and 90 km/hr. Their lengths are 1.10 km \nand 0.9 km respectively. The time taken by the \nslower train to cross the faster train in seconds is \n (M.B.A., 2002)",
              "options": {
                "a": "36",
                "b": "45",
                "c": "48",
                "d": "49"
              },
              "answer": "c"
            },
            {
              "question_no": 11,
              "question": "Two trains of lengths 120 m and 90 m are running \nwith speeds of 80 km/hr and 55 km/hr respectively \ntowards each other on parallel lines. If they are \n90 m apart, after how many seconds they will cross \neach other? (Hotel Management, 2010)",
              "options": {
                "a": "5.6 sec.",
                "b": "7.2 sec.",
                "c": "8 sec.",
                "d": "9 sec."
              },
              "answer": "c"
            },
            {
              "question_no": 12,
              "question": "Two trains are coming from opposite directions with \nspeeds of 75 km/hr and 100 km/hr on two parallel \ntracks. At some moment the distance between them \nis 100 km. After T hours, distance between them is \nagain 100 km. T is equal to (I.A.M., 2007)",
              "options": {
                "a": "1 hr",
                "b": "1 1 hr\n7",
                "c": "1 1 hr\n2",
                "d": "2 hrs"
              },
              "answer": "b"
            },
            {
              "question_no": 13,
              "question": "A train 125 m long passes a man, running at 5 kmph \nin the same direction in which the train is going, in \n10 seconds. The speed of the train is:\n (A.A.O. Exam., 2003)",
              "options": {
                "a": "45 km/hr",
                "b": "50 km/hr",
                "c": "54 km/hr",
                "d": "55 km/hr"
              },
              "answer": "b"
            },
            {
              "question_no": 14,
              "question": "A train 400 m long overtook a man walking along \nthe line in the same direction as the train, at the rate \nof 5 kmph and passed him in 40 seconds. The train \nreached the station in 20 minutes after passing the \nman. In what time did the man reach the station?",
              "options": {
                "a": "2 hr 24 min",
                "b": "2 hr 30 min 40 sec",
                "c": "2 hr 36 min 48 sec",
                "d": "2 hr 48 min 48 sec"
              },
              "answer": "d"
            },
            {
              "question_no": 15,
              "question": "A train, 240 m long, crosses a man walking along \nthe line in opposite direction at the rate of 3 kmph \nin 10 seconds. The speed of the train is (S.S.C., 2010)",
              "options": {
                "a": "63 kmph",
                "b": "75 kmph",
                "c": "83.4 kmph",
                "d": "86.4 kmph"
              },
              "answer": "c"
            },
            {
              "question_no": 16,
              "question": "A train 75 m long overtook a person who was \nwalking at the rate of 6 km/hr in the same direction \nand passed him in 1 7\n2 seconds. Subsequently, it \novertook a second person and passed him in 3 6\n4\nseconds. At what rate was the second person \ntravelling? (M.A.T., 2008)",
              "options": {
                "a": "1 km/hr",
                "b": "2 km/hr",
                "c": "4 km/hr",
                "d": "5 km/hr"
              },
              "answer": "b"
            },
            {
              "question_no": 17,
              "question": "If a train takes 1.75 sec to cross a telegraphic post \nand 1.5 sec to overtake a cyclist racing along a road \nparallel to the track @ 10 metres per second, then \nthe length of the train is",
              "options": {
                "a": "105 m",
                "b": "115 m",
                "c": "125 m",
                "d": "135 m"
              },
              "answer": "a"
            },
            {
              "question_no": 18,
              "question": "Two trains of equal length are running on \nparallel lines in the same direction at\n46 km/hr and 36 km/hr. The faster train passes \nthe slower train in 36 seconds. The length of each \ntrain is (M.A.T., 2003)",
              "options": {
                "a": "50 m",
                "b": "72 m",
                "c": "80 m",
                "d": "82 m\n618 QUANTITATIVE APTITUDE"
              },
              "answer": "a"
            },
            {
              "question_no": 19,
              "question": "A 270 m long train running at the speed of 120 kmph \ncrosses another train running in opposite direction \nat the speed of 80 kmph in 9 seconds. What is the \nlength of the other train?",
              "options": {
                "a": "230 m",
                "b": "240 m",
                "c": "260 m",
                "d": "320 m",
                "e": "None of these"
              },
              "answer": "a"
            },
            {
              "question_no": 20,
              "question": "Two trains are running in opposite directions with \nthe same speed. If the length of each train is 120 \nmetres and they cross each other in 12 seconds, then \nthe speed of each train (in km/hr) is (S.S.C., 2003)",
              "options": {
                "a": "10",
                "b": "18",
                "c": "36",
                "d": "72"
              },
              "answer": "c"
            },
            {
              "question_no": 21,
              "question": "A 180-metre long train crosses another 270-metre \nlong train running in the opposite direction in 10.8 \nseconds. If the speed of the first train is 60 kmph,\nwhat is the speed of the second train in kmph? \n (Bank P.O., 2010)",
              "options": {
                "a": "80",
                "b": "90",
                "c": "150",
                "d": "Cannot be determined",
                "e": "None of these"
              },
              "answer": "b"
            },
            {
              "question_no": 22,
              "question": "Two trains of equal lengths take 10 seconds and \n15 seconds respectively to cross a telegraph post. If \nthe length of each train be 120 metres, in what time \n(in seconds) will they cross each other travelling in \nopposite direction? (S.S.C., 2004)",
              "options": {
                "a": "10",
                "b": "12",
                "c": "15",
                "d": "20"
              },
              "answer": "b"
            },
            {
              "question_no": 23,
              "question": "A train 108 m long moving at a speed of 50 km/hr \ncrosses a train 112 m long coming from opposite\ndirection in 6 seconds. The speed of the second train is\n (M.A.T., 2005, SNAP, 2010)",
              "options": {
                "a": "48 km/hr",
                "b": "54 km/hr",
                "c": "66 km/hr",
                "d": "82 km/hr"
              },
              "answer": "d"
            },
            {
              "question_no": 24,
              "question": "A train B speeding with 120 kmph crosses another \ntrain C running in the same direction, in 2 minutes. \nIf the lengths of the trains B and C be 100 m and \n200 m respectively, what is the speed (in kmph) of \nthe train C? (L.I.C.A.A.O., 2007)",
              "options": {
                "a": "111 km",
                "b": "123 km",
                "c": "127 km",
                "d": "129 km"
              },
              "answer": "d"
            },
            {
              "question_no": 25,
              "question": "One local and another express train were proceeding \nin the same direction on parallel tracks at 29 km/\nhr and 65 km/hr respectively. The driver of the \nfarmer noticed that it took exactly 16 seconds for \nthe faster train to pass by him. What is the length \nof the faster train?",
              "options": {
                "a": "60 m",
                "b": "120 m",
                "c": "160 m",
                "d": "240 m"
              },
              "answer": "c"
            }
          ]
        },
        {
          "Section Name": "Test",
          "Questions": [
            {
              "question_no": 1,
              "question": "Two trains travel in opposite directions at 36 kmph \nand 45 kmph and a man sitting in slower train \npasses the faster train in 8 seconds. The length of \nthe faster train is :",
              "options": {
                "a": "80 m",
                "b": "100 m",
                "c": "120 m",
                "d": "180 m"
              },
              "answer": "d"
            },
            {
              "question_no": 2,
              "question": "A train overtakes two persons who are walking in \nthe same direction in which the train is going, at \nthe rate of 2 kmph and 4 kmph and passes them \ncompletely in 9 and 10 seconds respectively. The \nlength of the train is :",
              "options": {
                "a": "45 m",
                "b": "50 m",
                "c": "54 m",
                "d": "72 m"
              },
              "answer": "b"
            },
            {
              "question_no": 3,
              "question": "A train overtakes two persons walking along a \nrailway track. The first one walks at 4.5 km/hr.\nThe other one walks at 5.4 km/hr. The train needs",
              "options": {},
              "answer": null
            },
            {
              "question_no": 4,
              "question": "4 and 8.5 seconds respectively to overtake them. \nWhat is the speed of the train if both the persons \nare walking in the same direction as the train?",
              "options": {
                "a": "66 km/hr",
                "b": "72 km/hr",
                "c": "78 km/hr",
                "d": "81 km/hr"
              },
              "answer": null
            },
            {
              "question_no": 5,
              "question": "Two men are running in the same direction with \nspeeds of 6 km per hour and 1 7 km\n2 per respec￾tively. A train running in the same direction crosses \nthem in 5 sec and 1 5\n2 sec respectively. The length \nand the speed of the train are respectively.",
              "options": {
                "a": "22.92 m",
                "b": "22 m",
                "c": "22.90 m",
                "d": "22.92 m"
              },
              "answer": "d"
            },
            {
              "question_no": 6,
              "question": "What is the speed of a train if it overtakes two \npersons who are walking in the same direction \nat the rate of a m/s and (a + 1) m/s and passes \nthem completely in b seconds and (b + 1) seconds \nrespectively? (C.D.S., 2004)",
              "options": {
                "a": "",
                "b": "",
                "c": "",
                "d": ""
              },
              "answer": "b"
            },
            {
              "question_no": 7,
              "question": "Two trains, each 100 m long, moving in opposite \ndirections, cross each other in 8 seconds. If one is \nmoving twice as fast the other, then the speed of \nthe faster train is :",
              "options": {
                "a": "30 km/hr",
                "b": "45 km/hr",
                "c": "60 km/hr",
                "d": "75 km/hr"
              },
              "answer": "c"
            },
            {
              "question_no": 8,
              "question": "A 150 m long train crosses a milestone in 15 seconds \nand a train of same length coming from the opposite \ndirection in 12 seconds. The speed of the othe train \nis (R.R.B., 2006)",
              "options": {
                "a": "36 kmph",
                "b": "45 kmph",
                "c": "50 kmph",
                "d": "54 kmph\nPROBLEMS ON TRAINS 619"
              },
              "answer": "d"
            },
            {
              "question_no": 9,
              "question": "A train moving at 15 m/sec takes 20 seconds to pass \na cyclist moving in the same direction as that of the \ntrain. How much time will the train need to pass the \ncyclist, if the cyclist moves in a direction opposite to \nthat of the train and if the speed of the cyclist is 5 m/\nsec and the length of the cycle is 1 m?",
              "options": {
                "a": "9.95 sec",
                "b": "10 sec",
                "c": "10.05 sec",
                "d": "12 sec"
              },
              "answer": "b"
            },
            {
              "question_no": 10,
              "question": "A man standing on a platform finds that a train\ntakes 3 seconds to pass him and another train of the \nsame length moving in the opposite direction takes \n4 seconds. The time taken by the trains to pass each \nother will be (C.P.O., 2006)",
              "options": {
                "a": "3 2 seconds\n7",
                "b": "3 3 seconds\n7",
                "c": "3 4 seconds\n7",
                "d": "3 5 seconds\n7"
              },
              "answer": "b"
            },
            {
              "question_no": 11,
              "question": "A train travelling at 48 kmph completely crosses \nanother train having half its length and travelling \nin opposite direction at 42 kmph, in 12 seconds. It \nalso passes a railway platform in 45 seconds. The \nlength of the platform is",
              "options": {
                "a": "400 m",
                "b": "450 m",
                "c": "560 m",
                "d": "600 m"
              },
              "answer": "a"
            },
            {
              "question_no": 12,
              "question": "Two trains running in opposite directions \ncross a man standing on the platform in\n27 seconds and 17 seconds respectively and they \ncross each other in 23 seconds. The ratio of their \nspeeds is :",
              "options": {
                "a": "1 : 3",
                "b": "3 : 2",
                "c": "3 : 4",
                "d": "None of these"
              },
              "answer": "b"
            },
            {
              "question_no": 13,
              "question": "Two trains, 130 and 110 metres long, are going in \nthe same direction. The faster train takes one minute \nto pass the other completely. If they are moving in \nopposite directions, they pass each other completely \nin 3 seconds. Find the speed of the faster train. \n (M.A.T., 2008)",
              "options": {
                "a": "38 m/sec",
                "b": "42 m/sec",
                "c": "46 m/sec",
                "d": "50 m/sec"
              },
              "answer": "b"
            },
            {
              "question_no": 14,
              "question": "Two identical trains A and B running in opposite \ndirections at same speed take 2 minutes to cross \neach other completely. The number of bogies of A \nare increased from 12 to 16. How much more time \nwould they now require to cross each other?\n (SNAP, 2007)",
              "options": {
                "a": "20 sec",
                "b": "40 sec",
                "c": "50 sec",
                "d": "60 sec"
              },
              "answer": "a"
            },
            {
              "question_no": 15,
              "question": "Two stations A and B are 110 km apart on a straight \nline. One train starts from A at 7 a.m. and travels \ntowards B at 20 kmph. Another train starts from B \nat 8 a.m. and travels towards A at a speed of 25 \nkmph. At what time will they meet?",
              "options": {
                "a": "9 a.m.",
                "b": "10 a.m.",
                "c": "10.30 a.m.",
                "d": "11 a.m."
              },
              "answer": "b"
            },
            {
              "question_no": 16,
              "question": "A train X starts from Meerut at 4 p.m. and reaches \nGhaziabad at 5 p.m. while another train Y starts \nfrom Ghaziabad at 4 p.m. and reaches Meerut at",
              "options": {},
              "answer": null
            },
            {
              "question_no": 17,
              "question": "30 p.m. The two trains will cross each other at",
              "options": {
                "a": "4.36 p.m.",
                "b": "4.42 p.m.",
                "c": "4.48 p.m.",
                "d": "4.50 p.m."
              },
              "answer": null
            },
            {
              "question_no": 18,
              "question": "The Ghaziabad-Hapur-Meerut EMU and the Meerut￾Hapur-Ghaziabad EMU start at the same time from \nGhaziabad and Meerut and proceed towards each \nother at 16 km/hr and 21 km/hr respectively. When \nthey meet, it is found that one train has travelled \n60 km more than the other. The distance between \ntwo stations is (I.I.F.T., 2007)",
              "options": {
                "a": "440 km",
                "b": "444 km",
                "c": "445 km",
                "d": "450 km"
              },
              "answer": "b"
            },
            {
              "question_no": 19,
              "question": "Two trains, one from Howrah to Patna and the other \nfrom Patna to Howrah, start simultaneously. After \nthey meet, the trains reach their destinations after \n9 hours and 16 hours respectively. The ratio of their \nspeeds is :",
              "options": {
                "a": "2 : 3",
                "b": "4 : 3",
                "c": "6 : 7",
                "d": "9 : 16"
              },
              "answer": "b"
            },
            {
              "question_no": 20,
              "question": "Two trains start simultaneously (with uniform \nspeeds) from two stations 270 km apart, each to the \nopposite station; they reach their destinations in 1 6\n4\nhours and 4 hours after they meet. The rate at which \nthe slower train travels is (ATMA, 2005)",
              "options": {
                "a": "16 km/hr.",
                "b": "24 km/hr.",
                "c": "25 km/hr.",
                "d": "30 km/hr."
              },
              "answer": "b"
            },
            {
              "question_no": 21,
              "question": "A train which is moving at an average speed of \n40km/h reaches its destination on time. When its \naverage speed reduces to 35 km/h, then it reaches its \ndestination 15 minutes late. The distance travelled \nby the train, is [CLAT Exam, 2016]",
              "options": {
                "a": "70km",
                "b": "80km",
                "c": "40km",
                "d": "30km"
              },
              "answer": "a"
            },
            {
              "question_no": 22,
              "question": "A train takes 9 sec to cross a pole: If the speed of \nthe train is 48 kmph, then length of the train is\n [Indian Railway Group ‘D’ \nExam, 2014]",
              "options": {
                "a": "150 m",
                "b": "120 m",
                "c": "90 m",
                "d": "80 m"
              },
              "answer": "b"
            },
            {
              "question_no": 23,
              "question": "Two trains start at the same time form A and B \nand proceed toward each other at the speed of \n75 km/hr and 50 km/hr respectively. when both \nmeet at a point in between, one train was found to \nhave travelled 175 km more than the other. Find \nthe distance between A and B.\n [SSC—CHSL (10+2) Exam, 2015]\n620 QUANTITATIVE APTITUDE",
              "options": {
                "a": "875 km",
                "b": "785 km",
                "c": "758 km",
                "d": "857 km"
              },
              "answer": null
            }
          ]
        }
      ]
    }
  ]
}