{
  "Subject": "Quantitative Aptitude",
  "Chapters": [
    {
      "Chapter Name": "Time and Work",
      "Sections": [
        {
          "Section Name": "Basic",
          "Questions": [
            {
              "question_no": 1,
              "question": "Ayesha can complete a piece of work in 16 days. \nAmita can complete the same piece of work in 8 \ndays. If both of them work together in how many \ndays can they complete the same piece of work? \n(Bank P.O., 2010)",
              "options": {
                "a": "2 4 days\n5",
                "b": "1 5 days\n3",
                "c": "6 days",
                "d": "12 days",
                "e": "None of these"
              },
              "answer": "b"
            },
            {
              "question_no": 2,
              "question": "A can complete a certain work in 4 minutes, B in\n5 minutes, C in 6 minutes, D in 10 minutes and E\nin 12 minutes. The average number of units of work \ncompleted by them per minute will be (P.C.S., 2009)",
              "options": {
                "a": "0.16",
                "b": "0.40",
                "c": "0.80",
                "d": "None of these"
              },
              "answer": "a"
            },
            {
              "question_no": 3,
              "question": "A can finish a work in 18 days and B can do the \nsame work in half the time taken by A. Then, \nworking together, what part of the same work they \ncan finish in a day ?\t\t(S.S.C., 2002)",
              "options": {
                "a": "1\n6",
                "b": "1\n9",
                "c": "2\n5",
                "d": "2\n7\n532 QUANTITATIVE APTITUDE"
              },
              "answer": "a"
            },
            {
              "question_no": 4,
              "question": "A tyre has two punctures. The first puncture alone \nwould have made the tyre flat in 9 minutes and \nthe second alone would have done it in 6 minutes. \nIf air leaks out at a constant rate, how long does it \ntake both the punctures together to make it flat ?",
              "options": {
                "a": "1 1 minutes\n2",
                "b": "1 3 minutes\n2",
                "c": "3 3 minutes\n5",
                "d": "1 4 minutes\n4"
              },
              "answer": "c"
            },
            {
              "question_no": 5,
              "question": "A can knit a pair of socks in 3 days. B can knit the \nsame pair in 9 days. If they are knitting together, \nthen in how many days will they knit two pairs of \nsocks? (R.R.B., 2004)",
              "options": {
                "a": "3 days",
                "b": "4 days",
                "c": "1 4 days\n2",
                "d": "5 days"
              },
              "answer": "c"
            },
            {
              "question_no": 6,
              "question": "A can complete a work in 6 days while B can \ncomplete the same work in 12 days. If they work \ntogether and complete it, the portion of the work \ndone by A is",
              "options": {
                "a": "1\n3",
                "b": "1\n4",
                "c": "1\n2",
                "d": "2\n3"
              },
              "answer": "d"
            },
            {
              "question_no": 7,
              "question": "A can do a piece of work in 8 days and B can do \nthe same piece of work in 12 days. A and B together \ncomplete the same piece of work and get ` 200 as \nthe combined wages. B’s share of the wages will be",
              "options": {
                "a": "` 75",
                "b": "` 80",
                "c": "` 85",
                "d": "` 90"
              },
              "answer": "b"
            },
            {
              "question_no": 8,
              "question": "George takes 8 hours to copy a 50-page manuscript \nwhile Sonia can copy the same manuscript in 6 \nhours. How many hours would it take them to copy \na 100-page manuscript, if they work together?\n(M.A.T., 2005)",
              "options": {
                "a": "6 6\n7",
                "b": "9",
                "c": "5 9\n7",
                "d": "14"
              },
              "answer": "a"
            },
            {
              "question_no": 9,
              "question": "A and B together complete a piece of work in T \ndays. If A alone completes the work in T + 3 days \nand B alone completes the piece of work in T + 12 \ndays, what is T? (S.B.I.P.O., 2008)",
              "options": {
                "a": "3 days",
                "b": "9 days",
                "c": "12 days",
                "d": "Cannot be determined",
                "e": "None of these"
              },
              "answer": "e"
            },
            {
              "question_no": 10,
              "question": "Reena, Aastha and Shloka can independently \ncomplete a piece of work in 6 hours, 4 hours and \n12 hours respectively. If they work together, how \nmuch time will they take to complete that piece of \nwork? (Bank P.O., 2004)",
              "options": {
                "a": "2 hours",
                "b": "5 hours",
                "c": "6 hours",
                "d": "8 hours",
                "e": "None of these"
              },
              "answer": "a"
            },
            {
              "question_no": 11,
              "question": "A man can do a job in 15 days. His father takes 20 \ndays and his son finishes it in 25 days. How long will \nthey take to complete the job if they all work together?",
              "options": {
                "a": "Less than 6 days",
                "b": "Exactly 6 days",
                "c": "Approximately 6.4 days",
                "d": "More than 10 days"
              },
              "answer": "c"
            },
            {
              "question_no": 12,
              "question": "Amit and Sumit can plough a field in 4 days. Sumit \nalone can plough the field in 6 days. In how many \ndays will Amit alone plough the field? (R.R.B., 2006)",
              "options": {
                "a": "10 days",
                "b": "12 days",
                "c": "14 days",
                "d": "15 days"
              },
              "answer": "b"
            },
            {
              "question_no": 13,
              "question": "Two spinning machines A and B can together produce \n3,00,000 metres of cloth in 10 hours. If machine B alone \ncan produce the same amount of cloth in 15 hours, \nthen how much cloth can machine A produce alone \nin 10 hours? (M.A.T., 2005)",
              "options": {
                "a": "50,000 metres",
                "b": "1,00,000 metres",
                "c": "1,50,000 metres",
                "d": "2,00,000 metres"
              },
              "answer": "b"
            },
            {
              "question_no": 14,
              "question": "X, Y and Z complete a work in 6 days. X or Y alone \ncan do the same work in 16 days. In how many \ndays Z alone can finish the same work?(R.R.B., 2006)",
              "options": {
                "a": "12",
                "b": "16",
                "c": "24",
                "d": "36"
              },
              "answer": "c"
            },
            {
              "question_no": 15,
              "question": "A can lay railway track between two given stations \nin 16 days and B can do the same job in 12 days. \nWith the help of C, they did the job in 4 days only. \nThen, C alone can do the job in : (S.S.C., 2003)",
              "options": {
                "a": "1 9 days\n5",
                "b": "2 9 days\n5",
                "c": "3 9 days\n5",
                "d": "10 days"
              },
              "answer": "c"
            },
            {
              "question_no": 16,
              "question": "A can complete 1\n3 of a work in 5 days and B, 2\n5\nof the work in 10 days. In how many days both\nA and B together can complete the work?\n(S.S.C., 2010; P.C.S., 2009)",
              "options": {
                "a": "1 7\n2",
                "b": "4 8\n5",
                "c": "3 9\n8",
                "d": "10"
              },
              "answer": "c"
            },
            {
              "question_no": 17,
              "question": "X can do 1\n4 of a work in 10 days, Y can do 40% of \nthe work in 40 days and Z can do 1\n3 of the work \nin 13 days. Who will complete the work first ?\nTIME AND WORK 533",
              "options": {
                "a": "X",
                "b": "Y",
                "c": "Z",
                "d": "X and Z both"
              },
              "answer": "c"
            },
            {
              "question_no": 18,
              "question": "A man and a boy together can do a certain amount \nof digging in 40 days. Their speeds in digging are \nin the ratio of 8 : 5. How many days will the boy \ntake to complete the work if engaged alone?\n(R.R.B., 2005)",
              "options": {
                "a": "52 days",
                "b": "68 days",
                "c": "80 days",
                "d": "104 days"
              },
              "answer": "d"
            },
            {
              "question_no": 19,
              "question": "A takes twice as much time as B or thrice as much \ntime as C to finish a piece of work. Working together, \nthey can finish the work in 2 days. B can do the \nwork alone in : (S.S.C., 2002)",
              "options": {
                "a": "4 days",
                "b": "6 days",
                "c": "8 days",
                "d": "12 days"
              },
              "answer": "b"
            },
            {
              "question_no": 20,
              "question": "Work done by A in one day is half of the work done \nby B in one day. Work done by B is half of the work \ndone by C in one day. If C alone can complete the \nwork in 7 days, in how many days can A, B and \nC together complete the work? (S.B.I.P.O., 2008)",
              "options": {
                "a": "4",
                "b": "14",
                "c": "21",
                "d": "28",
                "e": "None of these"
              },
              "answer": "a"
            },
            {
              "question_no": 21,
              "question": "Rosa can eat 32 rosogollas in one hour. Her sister \nLila needs three hours to eat the same number. \nHow much time will they take to eat 32 rosogollas \ntogether? (R.R.B., 2005)",
              "options": {
                "a": "45 minutes",
                "b": "75 minutes",
                "c": "90 minutes",
                "d": "None of these"
              },
              "answer": "a"
            },
            {
              "question_no": 22,
              "question": "A conveyor belt delivers baggage at the rate of 3 tons \nin 5 minutes and a second conveyor belt delivers \nbaggage at the rate of 1 ton in 2 minutes. How much \ntime will it take to get 33 tons of baggage delivered \nusing both the conveyor belts together?(P.C.S., 2006)",
              "options": {
                "a": "25 min 30 sec",
                "b": "30 min",
                "c": "35 min",
                "d": "45 min"
              },
              "answer": "b"
            },
            {
              "question_no": 23,
              "question": "A manufacturer builds a machine which will \naddress 500 envelopes in 8 minutes. He wishes \nto build another machine so that when both are \noperating together they will address 500 envelopes \nin 2 minutes. The equation used to find how many \nminutes x it would require the second machine to \naddress 500 envelopes alone, is (M.B.A., 2011)",
              "options": {
                "a": "8 – x = 2",
                "b": "+ =\n111\n8 2 x",
                "c": "+ =\n500 500\n8 x\n500",
                "d": "2 8\n1 x x\n+ ="
              },
              "answer": "b"
            },
            {
              "question_no": 24,
              "question": "Computer A takes 3 minutes to process an input while \ncomputer B takes 5 minutes. If computers A, B and C \ncan process an average of 14 inputs in one hour, how \nmany minutes does computer C alone take to process \none input? (M.C.A., 2009)",
              "options": {
                "a": "4",
                "b": "6",
                "c": "10",
                "d": "None of these"
              },
              "answer": "b"
            },
            {
              "question_no": 25,
              "question": "Bob and David are two typists. One afternoon, they \nwere each given 40 pages for typing. They divided \nthe work equally but David finished 20 minutes \nbefore Bob who took 2 hours for the same. The next \nafternoon, they were again given 77 pages to type. \nHowever, this time they decided to divide the work \nsuch that they finished typing simultaneously. How \nmany pages did Bob have to type?",
              "options": {
                "a": "35",
                "b": "36",
                "c": "40",
                "d": "42"
              },
              "answer": "a"
            },
            {
              "question_no": 26,
              "question": "P, Q and R are three typists who working \nsimultaneously can type 216 pages in 4 hours. In \none hour, R can type as many pages more than Q \nas Q can type more than P. During a period of five \nhours, R can type as many pages as P can during \nseven hours. How many pages does each of them \ntype per hour ? (M.A.T., 2005)",
              "options": {
                "a": "14, 17, 20",
                "b": "15, 17, 22",
                "c": "15, 18, 21",
                "d": "16, 18, 22"
              },
              "answer": "c"
            },
            {
              "question_no": 27,
              "question": "Ronald and Elan are working on an assignment. \nRonald takes 6 hours to type 32 pages on a computer, \nwhile Elan takes 5 hours to type 40 pages. How \nmuch time will they take, working together on two \ndifferent computers to type an assignment of 110 \npages ? (SCMHRD, 2002)",
              "options": {
                "a": "7 hours 30 minutes",
                "b": "8 hours",
                "c": "8 hours 15 minutes",
                "d": "8 hours 25 minutes"
              },
              "answer": "c"
            },
            {
              "question_no": 28,
              "question": "Cloth Makers Inc. has p spindles, each of which can \nproduce q metres of cloth on an average in r minutes. \nIf the spindles are made to run with no interruption, \nthen how many hours will it take for 20,000 metres \nof cloth to be produced? (M.A.T., 2004)",
              "options": {
                "a": "20000 pq\nr",
                "b": "20000 rq\np",
                "c": "20000 r\npq",
                "d": "20000\n60\nr\npq"
              },
              "answer": "d"
            },
            {
              "question_no": 29,
              "question": "Two workers A and B are engaged to do a work. \nA working alone takes 8 hours more to complete \nthe job than if both worked together. If B worked \nalone, he would need 1 4\n2 hours more to complete \nthe job than they both working together. What time \nwould they take to do the work together ?\n(M.A.T., 2010)",
              "options": {
                "a": "4 hours",
                "b": "5 hours",
                "c": "6 hours",
                "d": "7 hours"
              },
              "answer": "c"
            },
            {
              "question_no": 30,
              "question": "Three friends Anne, Bob and Chris work together \nto do a certain job. The time it takes them to do \nthe work together is 6 hours less than Anne would \nhave take alone, 1 hour less than Bob would have \n534 QUANTITATIVE APTITUDE\ntaken alone and half the time Chris would have \ntaken working alone. How long did it take them \nto complete the job, working together?(M.B.A., 2010)",
              "options": {
                "a": "20 min",
                "b": "30 min",
                "c": "40 min",
                "d": "50 min"
              },
              "answer": "c"
            },
            {
              "question_no": 31,
              "question": "To do a piece of work, B takes 3 times as long as \nA and C together and C twice as long as A and B \ntogether. If A, B and C together can complete the \nwork in 10 days, how long would A take alone to \ncomplete it?",
              "options": {
                "a": "24 days",
                "b": "30 days",
                "c": "36 days",
                "d": "40 days"
              },
              "answer": "a"
            },
            {
              "question_no": 32,
              "question": "P can complete a work in 12 days working 8 hours \na day. Q can complete the same work in 8 days \nworking 10 hours a day. If both P and Q work \ntogether, working 8 hours a day, in how many days \ncan they complete the work ?",
              "options": {
                "a": "5 5\n11",
                "b": "6 5\n11",
                "c": "5 6\n11",
                "d": "6 6\n11",
                "e": "None of these"
              },
              "answer": "a"
            },
            {
              "question_no": 33,
              "question": "A and B together can complete a work in 12 days, \nB and C together can complete the same work in \n8 days and A and C together can complete it in \n16 days. In total, how many days do A, B and C \ntogether take to complete the same work?\n(Bank P.O., 2009)",
              "options": {
                "a": "5 3\n12",
                "b": "9 3\n13",
                "c": "5 7\n12",
                "d": "5 7\n13",
                "e": "None of these"
              },
              "answer": "d"
            },
            {
              "question_no": 34,
              "question": "A can do a piece of work in 4 hours, B and C together \nin 3 hours, and A and C together in 2 hours. How \nlong will B alone take to do it? (S.S.C., 2005)",
              "options": {
                "a": "8 hours",
                "b": "10 hours",
                "c": "12 hours",
                "d": "24 hours"
              },
              "answer": "c"
            },
            {
              "question_no": 35,
              "question": "A and B can do a work in 8 days, B and C can do \nthe same work in 12 days. A, B and C together can \nfinish it in 6 days. A and C together will do it in\n(S.S.C., 2006)",
              "options": {
                "a": "4 days",
                "b": "6 days",
                "c": "8 days",
                "d": "12 days"
              },
              "answer": "c"
            },
            {
              "question_no": 36,
              "question": "A and B together can do a job in 2 days; B and C can \ndo it in 4 days; A and C in 2 2 days.\n5 The number of \ndays required for A to do the job alone is (M.B.A., 2011)",
              "options": {
                "a": "1",
                "b": "3",
                "c": "6",
                "d": "12"
              },
              "answer": "b"
            },
            {
              "question_no": 37,
              "question": "A and B can do a piece of work in 5 days; B and \nC can do it in 7 days; A and C can do it in 4 days. \nWho among these will take the least time if put to \ndo it alone ?",
              "options": {
                "a": "A",
                "b": "B",
                "c": "C",
                "d": "Data inadequate"
              },
              "answer": "a"
            },
            {
              "question_no": 38,
              "question": "A and B can do a piece of work in 12 days, B and C \nin 8 days and C and A in 6 days. How long would \nB take to do the same work alone? (S.S.C., 2007)",
              "options": {
                "a": "24 days",
                "b": "32 days",
                "c": "40 days",
                "d": "48 days"
              },
              "answer": "d"
            },
            {
              "question_no": 39,
              "question": "A can build a wall in the same time in which B and \nC together can do it. If A and B together could do \nit in 25 days and C alone in 35 days, in what time \ncould B alone do it? (N.M.A.T., 2008)",
              "options": {
                "a": "90 days",
                "b": "100 days",
                "c": "175 days",
                "d": "None of these"
              },
              "answer": "c"
            },
            {
              "question_no": 40,
              "question": "Madhu takes twice as much time as Uma to complete \na work and Rahul does it in the same time as Madhu \nand Uma together. If all three working together can \nfinish the work in 6 days, then the time taken by \nMadhu to finish the work is (M.A.T., 2010)",
              "options": {
                "a": "12 days",
                "b": "14 days",
                "c": "36 days",
                "d": "40 days"
              },
              "answer": "c"
            },
            {
              "question_no": 41,
              "question": "A takes 5 days more than B to do a certain job and \n9 days more than C; A and B together can do the \njob in the same time as C. How many days A would \ntake to do it?",
              "options": {
                "a": "5",
                "b": "10",
                "c": "15",
                "d": "20"
              },
              "answer": "c"
            },
            {
              "question_no": 42,
              "question": "A works twice as fast as B. If B can complete a work \nin 12 days independently, the number of days in \nwhich A and B can together finish the work is",
              "options": {
                "a": "4 days",
                "b": "6 days",
                "c": "8 days",
                "d": "18 days"
              },
              "answer": "a"
            },
            {
              "question_no": 43,
              "question": "A is twice as good a workman as B. If they work \ntogether, they can complete a job in 18 days. If \nA alone does the job, in how many days he will \ncomplete the job? (Hotel Management, 2010)",
              "options": {
                "a": "27 days",
                "b": "36 days",
                "c": "40 days",
                "d": "54 days"
              },
              "answer": "a"
            },
            {
              "question_no": 44,
              "question": "David and Michael together can finish a job in\n4 days 19 hrs 12 min. If David works at two-thirds \nMichael’s speed, how long does it take Michael \nalone to finish the same job?",
              "options": {
                "a": "8 days",
                "b": "12 days",
                "c": "15 days",
                "d": "None of these"
              },
              "answer": "a"
            },
            {
              "question_no": 45,
              "question": "A is thrice as good a workman as B and so takes 60 \ndays less than B for doing a job. The time in which \nthey can do the job together is\n(A.A.O. Exam, 2010; M.A.T., 2010)\nTIME AND WORK 535",
              "options": {
                "a": "1 22 days 2",
                "b": "30 days",
                "c": "45 days",
                "d": "60 days"
              },
              "answer": "a"
            },
            {
              "question_no": 46,
              "question": "A and B can do a job together in 7 days. A is 3 1\n4\ntimes as efficient as B. The same job can be done \nby A alone in : (S.S.C., 2003)",
              "options": {
                "a": "1 9 days\n3",
                "b": "11 days",
                "c": "1 12 days 4",
                "d": "1 16 days 3"
              },
              "answer": "b"
            },
            {
              "question_no": 47,
              "question": "Kamal can do a work in 15 days. Bimal is 50% more \nefficient than Kamal. The number of days, Bimal will \ntake to do the same piece of work, is (C.P.O., 2006)",
              "options": {
                "a": "1 7\n2",
                "b": "10",
                "c": "12",
                "d": "14"
              },
              "answer": "b"
            },
            {
              "question_no": 48,
              "question": "A does 20% less work than B. If A can complete a \npiece of work in 1 7\n2 hours, then B can do it in\n(S.S.C., 2006)",
              "options": {
                "a": "5 hours",
                "b": "1 5 hours\n2",
                "c": "6 hours",
                "d": "1 6 hours\n2"
              },
              "answer": "c"
            },
            {
              "question_no": 49,
              "question": "A is 30% more efficient than B. How much time \nwill they, working together, take to complete a job \nwhich A alone could have done in 23 days ?",
              "options": {
                "a": "11 days",
                "b": "13 days",
                "c": "3 20 days 17",
                "d": "None of these"
              },
              "answer": "b"
            },
            {
              "question_no": 50,
              "question": "A can do a piece of work in 10 days working 8 \nhours per day. If B is two-thirds as efficient as A, \nthen in how many days can B alone do the same \npiece of work, working 5 hours per day?",
              "options": {
                "a": "15",
                "b": "18",
                "c": "20",
                "d": "24"
              },
              "answer": "d"
            }
          ]
        },
        {
          "Section Name": "Advanced",
          "Questions": [
            {
              "question_no": 1,
              "question": "A does half as much work as B in one-sixth of the time. \nIf together they take 10 days to complete a work, how \nmuch time shall B alone take to do it? (S.S.C., 2005)",
              "options": {
                "a": "30 days",
                "b": "40 days",
                "c": "50 days",
                "d": "70 days"
              },
              "answer": "b"
            },
            {
              "question_no": 2,
              "question": "A is 50% as efficient as B. C does half of the work \ndone by A and B together. If C alone does the work \nin 40 days, then A, B and C together can do the \nwork in:",
              "options": {
                "a": "1 13 days 3",
                "b": "15 days",
                "c": "20 days",
                "d": "30 days"
              },
              "answer": "a"
            },
            {
              "question_no": 3,
              "question": "Two workers A and B working together completed \na job in 5 days. If A worked twice as efficiently as \nhe actually did and B worked 1\n3 as efficiently as \nhe actually did, the work would have been completed \nin 3 days. A alone could complete the work in :",
              "options": {
                "a": "1 5 days\n4",
                "b": "1 6 days\n4",
                "c": "1 7 days\n2",
                "d": "None of these"
              },
              "answer": "b"
            },
            {
              "question_no": 4,
              "question": "A can do a work in 15 days and B in 20 days. If \nthey work on it together for 4 days, then the fraction \nof the work that is left is :",
              "options": {
                "a": "1\n4",
                "b": "1\n10",
                "c": "7\n15",
                "d": "8\n15"
              },
              "answer": "d"
            },
            {
              "question_no": 5,
              "question": "A can do a piece of work in 15 days, which B can \ndo in 10 days. B worked at it for 8 days. A can \nfinish the remaining work in (R.R.B., 2004)",
              "options": {
                "a": "2 days",
                "b": "3 days",
                "c": "5 days",
                "d": "10 days"
              },
              "answer": "b"
            },
            {
              "question_no": 6,
              "question": "A and B can complete a work in 18 days and 15 \ndays respectively. They started doing the work \ntogether but after 3 days A had to leave and B alone \ncompleted the remaining work. The whole work \nwas completed in",
              "options": {
                "a": "3 9 days\n4",
                "b": "1 10 days 4",
                "c": "1 12 days 2",
                "d": "3 12 days 4"
              },
              "answer": "c"
            },
            {
              "question_no": 7,
              "question": "A, B and C can separately do a work in 12, 15 and \n20 days respectively. They started to work together \nbut C left after 2 days. The remaining work will be \nfinished in (R.R.B., 2006)",
              "options": {
                "a": "4 days",
                "b": "5 days",
                "c": "6 days",
                "d": "15 days"
              },
              "answer": "a"
            },
            {
              "question_no": 8,
              "question": "A can complete a piece of work in 18 days, B in 20 \ndays and C in 30 days. B and C together start the \nwork and are forced to leave after 2 days. The time \ntaken by A alone to complete the remaining work \nis (S.S.C., 2010)",
              "options": {
                "a": "10 days",
                "b": "12 days",
                "c": "15 days",
                "d": "16 days"
              },
              "answer": "c"
            },
            {
              "question_no": 9,
              "question": "A can complete a piece of work in 10 days, B in 15 \ndays and C in 20 days. A and C worked together \nfor 2 days and then A was replaced by B. In how \nmany days, altogether, was the work completed?\n (C.P.O., 2007)",
              "options": {
                "a": "6",
                "b": "8",
                "c": "10",
                "d": "12\n536 QUANTITATIVE APTITUDE"
              },
              "answer": "b"
            },
            {
              "question_no": 10,
              "question": "A machine P can print one lakh books in 8 hours, \nmachine Q can print the same number of books \nin 10 hours while machine R can print them in 12 \nhours. All the machines are started at 9 a.m. while \nmachine P is closed at 11 a.m. and the remaining \ntwo machines complete the work. Approximately \nat what time will the work be finished ?",
              "options": {
                "a": "11 : 30 a.m.",
                "b": "12 noon",
                "c": "12 : 30 p.m.",
                "d": "1 p.m."
              },
              "answer": "d"
            },
            {
              "question_no": 11,
              "question": "A and B can do a piece of work in 30 days, while B \nand C can do the same work in 24 days and C and \nA in 20 days. They all work together for 10 days \nwhen B and C leave. How many days more will A \ntake to finish the work ?",
              "options": {
                "a": "18 days",
                "b": "24 days",
                "c": "30 days",
                "d": "36 days"
              },
              "answer": "a"
            },
            {
              "question_no": 12,
              "question": "X and Y can do a piece of work in 20 days and 12 \ndays respectively. X started the work alone and then \nafter 4 days Y joined him till the completion of the \nwork. How long did the work last ?",
              "options": {
                "a": "6 days",
                "b": "10 days",
                "c": "15 days",
                "d": "20 days"
              },
              "answer": "b"
            },
            {
              "question_no": 13,
              "question": "A completes 7\n10 of a work in 15 days. Then he \ncompletes the remaining work with the help of B \nin 4 days. The time required for A and B together \nto complete the entire work is (S.S.C., 2005)",
              "options": {
                "a": "1 8 days\n4",
                "b": "1 10 days 2",
                "c": "2 12 days 3",
                "d": "1 13 days 3"
              },
              "answer": "d"
            },
            {
              "question_no": 14,
              "question": "A man and a boy can do a piece of work in 24 \ndays. If the man works alone for the last 6 days, it \nis completed in 26 days. How long would the boy \ntake to do it alone? (S.S.C., 2005)",
              "options": {
                "a": "20 days",
                "b": "24 days",
                "c": "36 days",
                "d": "72 days"
              },
              "answer": "d"
            },
            {
              "question_no": 15,
              "question": "A and B can together finish a work in 30 days. They \nworked together for 20 days and then B left. After \nanother 20 days, A finished the remaining work. In \nhow many days A alone can finish the job ?\n(S.S.C., 2003)",
              "options": {
                "a": "40",
                "b": "50",
                "c": "54",
                "d": "60"
              },
              "answer": "d"
            },
            {
              "question_no": 16,
              "question": "X can do a piece of work in 40 days. He works at \nit for 8 days and then Y finished it in 16 days. How \nlong will they together take to complete the work ?",
              "options": {
                "a": "1 13 days 3",
                "b": "15 days",
                "c": "20 days",
                "d": "56 days"
              },
              "answer": "a"
            },
            {
              "question_no": 17,
              "question": "A, B and C together can complete a piece of work in \n10 days. All the three started working at it together \nand after 4 days A left. Then B and C together \ncompleted the work in 10 more days. A alone could \ncomplete the work in :",
              "options": {
                "a": "15 days",
                "b": "16 days",
                "c": "25 days",
                "d": "50 days"
              },
              "answer": "c"
            },
            {
              "question_no": 18,
              "question": "A does 4\n5 of a work in 20 days. He then calls in B \nand they together finish the remaining work in 3 \ndays. How long B alone would take to do the whole \nwork ?",
              "options": {
                "a": "23 days",
                "b": "37 days",
                "c": "1 37 days 2",
                "d": "40 days"
              },
              "answer": "c"
            },
            {
              "question_no": 19,
              "question": "A and B together can do a piece of work in 30 \ndays. A having worked for 16 days, B finishes the \nremaining work alone in 44 days. In how many \ndays shall B finish the whole work alone ?",
              "options": {
                "a": "30 days",
                "b": "40 days",
                "c": "60 days",
                "d": "70 days"
              },
              "answer": "c"
            },
            {
              "question_no": 20,
              "question": "A and B together can do a piece of work in 12 days, \nwhich B and C together can do in 16 days. After A \nhas been working at it for 5 days and B for 7 days, \nC finishes it in 13 days. In how many days C alone \nwill do the work ?",
              "options": {
                "a": "16",
                "b": "24",
                "c": "36",
                "d": "48"
              },
              "answer": "b"
            },
            {
              "question_no": 21,
              "question": "A and B can do a piece of work in 28 and 35 \ndays respectively. They began to work together \nbut A leaves after some time and B completed the \nremaining work in 17 days. After how many days \ndid A leave?",
              "options": {
                "a": "5 7 days\n9",
                "b": "8 days",
                "c": "9 days",
                "d": "2 14 days 5"
              },
              "answer": "b"
            },
            {
              "question_no": 22,
              "question": "A can build up a wall in 8 days while B can break \nit in 3 days. A has worked for 4 days and then B \njoined to work with A for another 2 days only. In \nhow many days will A alone build up the remaining \npart of the wall? (M.A.T., 2006)",
              "options": {
                "a": "1 6 days\n3",
                "b": "7 days",
                "c": "1 7 days\n3",
                "d": "1 13 days 3"
              },
              "answer": "c"
            },
            {
              "question_no": 23,
              "question": "Anuj and Manoj can together paint their house in \n30 days. After working for 20 days, Anuj has to go \nout and Manoj finishes the remaining work in the \nnext 30 days. If Manoj had gone away after 20 days \nTIME AND WORK 537\ninstead of Anuj, then Anuj would have completed \nthe remaining work in (M.B.A., 2006)",
              "options": {
                "a": "15 days",
                "b": "20 days",
                "c": "25 days",
                "d": "35 days"
              },
              "answer": "a"
            },
            {
              "question_no": 24,
              "question": "A started a work and left after working for 2 days. \nThen B was called and he finished the work in 9 \ndays. Had A left the work after working for 3 days, \nB would have finished the remaining work in 6 \ndays. In how many days can each of them, working \nalone, finish the whole work? (N.M.A.T., 2005)",
              "options": {
                "a": "2.5 days, 7.5 days",
                "b": "5 days, 8.5 days",
                "c": "5 days, 15 days",
                "d": "None of these"
              },
              "answer": "c"
            },
            {
              "question_no": 25,
              "question": "Working together, Asha and Sudha can complete an \nassigned task in 20 days. However, if Asha worked \nalone and completed half the work and then Sudha \ntakes over the task and completes the second half \nof the task, the task will be completed in 45 days. \nHow long will Asha take to complete the task if she \nworked alone? Assume that Sudha is more efficient \nthan Asha. (M.A.T., 2010)",
              "options": {
                "a": "25 days",
                "b": "30 days",
                "c": "60 days",
                "d": "65 days"
              },
              "answer": "c"
            },
            {
              "question_no": 26,
              "question": "A can do a piece of work in 14 days which B can do \nin 21 days. They begin together but 3 days before \nthe completion of the work, A leaves off. The total \nnumber of days to complete the work is (G.B.O., 2007)",
              "options": {
                "a": "3 6\n5",
                "b": "1 8\n2",
                "c": "1 10\n5",
                "d": "1 13\n2"
              },
              "answer": "c"
            },
            {
              "question_no": 27,
              "question": "A, B and C can complete a work separately in 24, \n36 and 48 days respectively. They started together \nbut C left after 4 days of start and A left 3 days \nbefore the completion of the work. In how many \ndays will the work be completed ?",
              "options": {
                "a": "15 days",
                "b": "22 days",
                "c": "25 days",
                "d": "35 days"
              },
              "answer": "a"
            },
            {
              "question_no": 28,
              "question": "A, B and C can complete a work in 10, 12 and 15 days \nrespectively. They started the work together. But A \nleft the work 5 days before its completion. B also left \nthe work 2 days after A left. In how many days was \nthe work completed? (C.P.O., 2007)",
              "options": {
                "a": "4",
                "b": "5",
                "c": "7",
                "d": "8"
              },
              "answer": "c"
            },
            {
              "question_no": 29,
              "question": "A, B and C together earn ` 300 per day, while A \nand C together earn ` 188 and B and C together \nearn ` 152. The daily earning of C is :",
              "options": {
                "a": "` 40",
                "b": "` 68",
                "c": "` 112",
                "d": "` 150"
              },
              "answer": "a"
            },
            {
              "question_no": 30,
              "question": "A, B and C are employed to do a piece of work for \n` 529. A and B together are supposed to do 19\n23 of \nthe work and B and C together 8\n23 of the work. \nWhat amount should A be paid ?",
              "options": {
                "a": "` 315",
                "b": "` 345",
                "c": "` 355",
                "d": "` 375"
              },
              "answer": "b"
            },
            {
              "question_no": 31,
              "question": "Kim can do a work in 3 days while David can do the \nsame work in 2 days. Both of them finish the work \ntogether and get ` 150. What is the share of Kim ?",
              "options": {
                "a": "` 30",
                "b": "` 60",
                "c": "` 70",
                "d": "` 75"
              },
              "answer": "b"
            },
            {
              "question_no": 32,
              "question": "If A can do 1\n4 of a work in 3 days and B can do \n1\n6 of the same work in 4 days, how much will A \nget if both work together and are paid ` 180 in all?",
              "options": {
                "a": "` 36",
                "b": "` 60",
                "c": "` 108",
                "d": "` 120"
              },
              "answer": "d"
            },
            {
              "question_no": 33,
              "question": "A man and a boy received ` 800 as wages for 5 days \nfor the work they did together. The man’s efficiency \nin the work was three times that of the boy. What \nare the daily wages of the boy? (S.S.C., 2005)",
              "options": {
                "a": "` 40",
                "b": "` 44",
                "c": "` 56",
                "d": "` 76"
              },
              "answer": "a"
            },
            {
              "question_no": 34,
              "question": "Two men undertake to do a piece of work for\n` 1400. The first man alone can do this work in 7 \ndays while the second man alone can do this work \nin 8 days. If they working together complete this \nwork in 3 days with the help of a boy, how should \nthe money be divided? (M.A.T., 2007)",
              "options": {
                "a": "` 600, ` 550, ` 250",
                "b": "` 600, ` 525, ` 275",
                "c": "` 600, ` 500, ` 300",
                "d": "` 500, ` 525, ` 375"
              },
              "answer": "b"
            },
            {
              "question_no": 35,
              "question": "A sum of money is sufficient to pay A’s wages for \n21 days and B’s wages for 28 days. The same money \nis sufficient to pay the wages of both for :\n(ICET, 2005; G.B.O., 2007)",
              "options": {
                "a": "12 days",
                "b": "1 12 days 4",
                "c": "14 days",
                "d": "1 24 days 2"
              },
              "answer": "a"
            },
            {
              "question_no": 36,
              "question": "A can do a piece of work in 10 days; B in 15 days. \nThey work for 5 days. The rest of the work was \nfinished by C in 2 days. If they get ` 1500 for the \nwhole work, the daily wages of B and C are \n(M.A.T., 2005)",
              "options": {
                "a": "` 150",
                "b": "` 225",
                "c": "` 250",
                "d": "` 300\n538 QUANTITATIVE APTITUDE"
              },
              "answer": "b"
            },
            {
              "question_no": 37,
              "question": "The daily wages of a worker are ` 100. Five workers \ncan do a work in 10 days. If you pay ` 20 more \ndaily, they agree to do 25% more work daily. If \nthe proposal is accepted, then the total amount that \ncould be saved is",
              "options": {
                "a": "` 200",
                "b": "` 250",
                "c": "` 300",
                "d": "` 500"
              },
              "answer": "a"
            },
            {
              "question_no": 38,
              "question": "A and B together can complete a work in 12 days. \nA alone can complete it in 20 days. If B does the \nwork only for half a day daily, then in how many \ndays A and B together will complete the work ?",
              "options": {
                "a": "110 days",
                "b": "11 days",
                "c": "15 days",
                "d": "20 days"
              },
              "answer": "c"
            },
            {
              "question_no": 39,
              "question": "A, B and C completed a work costing ` 1800. A \nworked for 6 days, B for 4 days and C for 9 days. \nIf their daily wages are in the ratio of 5 : 6 : 4, how \nmuch amount will be received by A? (S.S.C., 2007)",
              "options": {
                "a": "` 600",
                "b": "` 750",
                "c": "` 800",
                "d": "` 900"
              },
              "answer": "a"
            },
            {
              "question_no": 40,
              "question": "A and B can complete a piece of work in 12 and \n18 days respectively. A begins to do the work and \nthey work alternatively one at a time for one day \neach. The whole work will be completed in\n(S.S.C., 2007)",
              "options": {
                "a": "1 14 days 3",
                "b": "2 15 days 3",
                "c": "1 16 days 3",
                "d": "2 18 days 3"
              },
              "answer": "a"
            },
            {
              "question_no": 41,
              "question": "A, B and C can do a piece of work in 11 days, 20 \ndays and 55 days respectively, working alone. How \nsoon can the work be done if A is assisted by B and \nC on alternate days ?",
              "options": {
                "a": "7 days",
                "b": "8 days",
                "c": "9 days",
                "d": "10 days"
              },
              "answer": "b"
            },
            {
              "question_no": 42,
              "question": "A, B and C can do a piece of work in 20, 30 and 60 \ndays respectively. In how many days can A do the \nwork if he is assisted by B and C on every third day?",
              "options": {
                "a": "12 days",
                "b": "15 days",
                "c": "16 days",
                "d": "18 days"
              },
              "answer": "b"
            },
            {
              "question_no": 43,
              "question": "A can do a piece of work in 90 days, B in 40 days \nand C in 12 days. They work for a day each in turn \ni.e., first day A does it alone, B does it the second \nday and C the third day. After that A does it for \nanother day, and so on. After finishing the work they \nget ` 240. If the wages are divided in proportion to \nthe work done by them, find what each will get.\n(M.A.T., 2006)",
              "options": {
                "a": "A ` 24, B ` 54 and C ` 162",
                "b": "A ` 22, B ` 50 and C ` 132",
                "c": "A ` 26, B ` 52 and C ` 142",
                "d": "A ` 20, B ` 44 and C ` 182"
              },
              "answer": "a"
            },
            {
              "question_no": 44,
              "question": "A and B can finish a work, working on alternate \ndays, in 19 days, when A works on the first day. \nHowever, they can finish the work, working on \nalternate days, in 5 19\n6 days, when B works on the \nfirst day. How many days does A alone take to \nfinish the work?",
              "options": {
                "a": "1 11 days 2",
                "b": "15 days",
                "c": "18 days",
                "d": "21 days"
              },
              "answer": "a"
            },
            {
              "question_no": 45,
              "question": "A and B can separately do a piece of work in 20 \nand 15 days respectively. They worked together \nfor 6 days, after which B was replaced by C. If the \nwork was finished in next 4 days, then the number \nof days in which C alone could do the work will be",
              "options": {
                "a": "30",
                "b": "35",
                "c": "40",
                "d": "60"
              },
              "answer": "c"
            },
            {
              "question_no": 46,
              "question": "A, B and C can do a piece of work in 36, 54 and 72 \ndays respectively. They started the work but A left 8 \ndays before the completion of the work while B left \n12 days before the completion. The number of days \nfor which C worked is",
              "options": {
                "a": "4",
                "b": "8",
                "c": "12",
                "d": "24"
              },
              "answer": "d"
            },
            {
              "question_no": 47,
              "question": "Twenty women can do a work in sixteen days. \nSixteen men can complete the same work in fifteen \ndays. What is the ratio between the capacity of a \nman and a woman ?",
              "options": {
                "a": "3 : 4",
                "b": "4 : 3",
                "c": "5 : 3",
                "d": "Data inadequate"
              },
              "answer": "b"
            },
            {
              "question_no": 48,
              "question": "10 men can complete a piece of work in 15 days and \n15 women can complete the same work in 12 days. \nIf all the 10 men and 15 women work together, in \nhow many days will the work get completed ?",
              "options": {
                "a": "6",
                "b": "1 6\n3",
                "c": "2 6\n3",
                "d": "2 7\n3"
              },
              "answer": "c"
            },
            {
              "question_no": 49,
              "question": "A job can be done by 3 skilled worksmen in 20 days \nor by 5 boys in 30 days. How many days will they \ntake if they work together? (M.A.T., 2009)",
              "options": {
                "a": "8 days",
                "b": "10 days",
                "c": "11 days",
                "d": "12 days"
              },
              "answer": "d"
            },
            {
              "question_no": 50,
              "question": "Five men are working to complete a work in 15 \ndays. After five days 10 women are accompanied \nby them to complete the work in next 5 days. If the \nwork is to be done by women only, then in how \nmany days could the work be over if 10 women \nhave started it ? (Bank Recruitment, 2007)",
              "options": {
                "a": "10 days",
                "b": "12 days",
                "c": "15 days",
                "d": "18 days"
              },
              "answer": "c"
            }
          ]
        },
        {
          "Section Name": "Test",
          "Questions": [
            {
              "question_no": 1,
              "question": "A contractor undertakes to do a piece of work in \n40 days. He engages 100 men at the beginning and \n100 more after 35 days and completes the work in \nstipulated time. If he had not engaged the additional \nmen, how many days behind the schedule the work \nshould have been finished? (G.B.O., 2007)",
              "options": {
                "a": "5",
                "b": "6",
                "c": "7",
                "d": "8"
              },
              "answer": "a"
            },
            {
              "question_no": 2,
              "question": "Seven men can complete a work in 12 days. They \nstarted the work and after 5 days, two men left. In \nhow many days will the work be completed by the \nremaining men ?",
              "options": {
                "a": "5",
                "b": "6",
                "c": "7",
                "d": "8",
                "e": "None of these"
              },
              "answer": "e"
            },
            {
              "question_no": 3,
              "question": "12 men complete a work in 9 days. After they have \nworked for 6 days, 6 more men join them. How many \ndays will they take to complete the remaining work ?",
              "options": {
                "a": "2 days",
                "b": "3 days",
                "c": "4 days",
                "d": "5 days",
                "e": "None of these"
              },
              "answer": "a"
            },
            {
              "question_no": 4,
              "question": "Three men, four women and six children can \ncomplete a work in seven days. A woman does \ndouble the work a man does and a child does half \nthe work a man does. How many women alone can \ncomplete this work in 7 days ?",
              "options": {
                "a": "7",
                "b": "8",
                "c": "12",
                "d": "Cannot be determined",
                "e": "None of these"
              },
              "answer": "a"
            },
            {
              "question_no": 5,
              "question": "A man, a woman and a boy can complete a job in \n3, 4 and 12 days respectively. How many boys must \nassist 1 man and 1 woman to complete the job in \n1\n4 of a day ?",
              "options": {
                "a": "1",
                "b": "4",
                "c": "19",
                "d": "41"
              },
              "answer": "d"
            },
            {
              "question_no": 6,
              "question": "10 men and 15 women together can complete a work \nin 6 days. It takes 100 days for one man alone to \ncomplete the same work. How many days will be \nrequired for one woman alone to complete the same \nwork ?",
              "options": {
                "a": "90",
                "b": "125",
                "c": "145",
                "d": "150",
                "e": "None of these"
              },
              "answer": "e"
            },
            {
              "question_no": 7,
              "question": "A child can do a piece of work 15 hours slower \nthan a woman. The child works for 18 hours on the \njob and then the woman takes charge for 6 hours. \nIn this manner, 3\n5 of the work can be completed. \nTo complete the job now, how much time will the \nwoman take? (M.A.T., 2005)",
              "options": {
                "a": "12 hours",
                "b": "18 hours",
                "c": "24 hours",
                "d": "30 hours"
              },
              "answer": "a"
            },
            {
              "question_no": 8,
              "question": "A group of workers having equal efficiency can \ncomplete a job in 4 days. But it so happened that \nevery alternate day starting from the second day, \n3 workers are withdrawn from the job and every \nalternate day starting from the third day, 2 workers \nare added to the group. If it now takes 7 days to \ncomplete the job, find the number of workers who \nstarted the job.",
              "options": {
                "a": "4",
                "b": "5",
                "c": "6",
                "d": "8"
              },
              "answer": "c"
            },
            {
              "question_no": 9,
              "question": "A man, a woman and a boy can do a piece of work \nin 6, 9 and 18 days respectively. How many boys \nmust assist one man and one woman to do the work \nin 1 day? (N.M.A.T., 2006)",
              "options": {
                "a": "5",
                "b": "6",
                "c": "9",
                "d": "13"
              },
              "answer": "d"
            },
            {
              "question_no": 10,
              "question": "If 3 men or 9 boys can finish a piece of work in \n21 days, in how many days can 5 men and 6 boys \ntogether do the same piece of work?\n(Bank Recruitment, 2010)",
              "options": {
                "a": "8 days",
                "b": "12 days",
                "c": "14 days",
                "d": "Cannot be determined",
                "e": "None of these"
              },
              "answer": "e"
            },
            {
              "question_no": 11,
              "question": "If 2 men or 6 women or 4 boys can finish a work in \n99 days, how many days will one man, one woman \nand one boy together take to finish the same work?\n(Bank Recruitment, 2010)",
              "options": {
                "a": "44 days",
                "b": "54 days",
                "c": "64 days",
                "d": "104 days",
                "e": "None of these"
              },
              "answer": "e"
            },
            {
              "question_no": 12,
              "question": "8 men can complete a piece of work in 20 days. 8 \nwomen can complete the same work in 32 days. In \nhow many days will 5 men and 8 women together \ncomplete the same work? (Bank P.O., 2010)",
              "options": {
                "a": "10 days",
                "b": "12 days",
                "c": "14 days",
                "d": "16 days",
                "e": "None of these"
              },
              "answer": "d"
            },
            {
              "question_no": 13,
              "question": "18 men can complete a piece of work in 63 days. 9 \nwomen take 189 days to complete the same piece \nof work. How many days will 4 men, 9 women and \n12 children together take to complete the piece of \nwork if 7 children alone can complete the piece of \nwork in 486 days? (I.R.M.A., 2007)",
              "options": {
                "a": "54",
                "b": "63",
                "c": "76",
                "d": "81",
                "e": "None of these\n540 QUANTITATIVE APTITUDE"
              },
              "answer": "d"
            },
            {
              "question_no": 14,
              "question": "16 men can finish a work in 24 days and 48 boys \ncan finish the same work in 16 days. 12 men started \nthe work and after 4 days 12 boys joined them. In \nhow many days can they finish the remaining work? \n(R.R.B., 2008)",
              "options": {
                "a": "6",
                "b": "12",
                "c": "16",
                "d": "None of these"
              },
              "answer": "d"
            },
            {
              "question_no": 15,
              "question": "12 men can complete a piece of work in 4 days, while \n15 women can complete the same work in 4 days. \n6 men start working on the job and after working \nfor 2 days, all of them stopped working. How many \nwomen should be put on the job to complete the \nremaining work, if it is to be completed in 3 days?",
              "options": {
                "a": "15",
                "b": "18",
                "c": "22",
                "d": "Data inadequate",
                "e": "None of these"
              },
              "answer": "a"
            },
            {
              "question_no": 16,
              "question": "Twelve children take sixteen days to complete a \nwork which can be completed by eight adults in \ntwelve days. Sixteen adults started working and after \nthree days ten adults left and four children joined \nthem. How many days will they take to complete \nthe remaining work ?",
              "options": {
                "a": "3",
                "b": "4",
                "c": "6",
                "d": "8",
                "e": "None of these"
              },
              "answer": "c"
            },
            {
              "question_no": 17,
              "question": "Sixteen men can complete a work in twelve days. \nTwenty-four children can complete the same work \nin eighteen days. Twelve men and eight children \nstarted working and after eight days three more \nchildren joined them. How many days will they \nnow take to complete the remaining work ?",
              "options": {
                "a": "2 days",
                "b": "4 days",
                "c": "6 days",
                "d": "8 days",
                "e": "None of these"
              },
              "answer": "b"
            },
            {
              "question_no": 18,
              "question": "Twenty-four men can complete a work in sixteen \ndays. Thirty-two women can complete the same \nwork in twenty-four days. Sixteen men and sixteen \nwomen started working and worked for twelve days. \nHow many more men are to be added to complete \nthe remaining work in 2 days ?",
              "options": {
                "a": "16",
                "b": "24",
                "c": "36",
                "d": "48",
                "e": "None of these"
              },
              "answer": "b"
            },
            {
              "question_no": 19,
              "question": "5 men and 2 boys working together can do four \ntimes as much work as a man and a boy. Working \ncapacities of a man and a boy are in the ratio :",
              "options": {
                "a": "1 : 2",
                "b": "2 : 1",
                "c": "1 : 3",
                "d": "3 : 1"
              },
              "answer": "b"
            },
            {
              "question_no": 20,
              "question": "If 12 men and 16 boys can do a piece of work in 5 \ndays; 13 men and 24 boys can do it in 4 days, then \nthe ratio of the daily work done by a man to that \nof a boy is",
              "options": {
                "a": "2 : 1",
                "b": "3 : 1",
                "c": "3 : 2",
                "d": "5 : 4"
              },
              "answer": "a"
            }
          ]
        }
      ]
    }
  ]
}