{
  "Subject": "logical reasoning",
  "Chapters": [
    {
      "Chapter Name": "Analogies",
      "Sections": [
        {
          "Section Name": "Basic",
          "Questions": [
            {
              "question_no": 1,
              "question": "**Bird : Nest :: Dog : ?**",
              "options": {
                "a": "Kennel",
                "b": "Stable",
                "c": "Den",
                "d": "Cage"
              },
              "answer": "a"
            },
            {
              "question_no": 2,
              "question": "**Doctor : Hospital :: Teacher : ?**",
              "options": {
                "a": "Student",
                "b": "School",
                "c": "Books",
                "d": "Pen"
              },
              "answer": "b"
            },
            {
              "question_no": 3,
              "question": "**Hot : Cold :: Up : ?**",
              "options": {
                "a": "Down",
                "b": "Side",
                "c": "Top",
                "d": "Sky"
              },
              "answer": "a"
            },
            {
              "question_no": 4,
              "question": "**Lion : Roar :: Owl : ?**",
              "options": {
                "a": "Hoot",
                "b": "Cackle",
                "c": "Chirp",
                "d": "Yelp"
              },
              "answer": "a"
            },
            {
              "question_no": 5,
              "question": "**Book : Page :: Wheel : ?**",
              "options": {
                "a": "Car",
                "b": "Spokes",
                "c": "Round",
                "d": "Tyre"
              },
              "answer": "b"
            },
            {
              "question_no": 6,
              "question": "**Finger : Hand :: Toe : ?**",
              "options": {
                "a": "Leg",
                "b": "Foot",
                "c": "Nail",
                "d": "Arm"
              },
              "answer": "b"
            },
            {
              "question_no": 7,
              "question": "**Pilot : Aeroplane :: Driver : ?**",
              "options": {
                "a": "Road",
                "b": "Car",
                "c": "License",
                "d": "Mechanic"
              },
              "answer": "b"
            },
            {
              "question_no": 8,
              "question": "**Day : Night :: White : ?**",
              "options": {
                "a": "Red",
                "b": "Black",
                "c": "Blue",
                "d": "Green"
              },
              "answer": "b"
            },
            {
              "question_no": 9,
              "question": "**Tree : Forest :: Sand : ?**",
              "options": {
                "a": "Desert",
                "b": "Beach",
                "c": "Dune",
                "d": "Water"
              },
              "answer": "a"
            },
            {
              "question_no": 10,
              "question": "**Cow : Milk :: Hen : ?**",
              "options": {
                "a": "Meat",
                "b": "Egg",
                "c": "Feather",
                "d": "Chicks"
              },
              "answer": "b"
            },
            {
              "question_no": 11,
              "question": "**Scissors : Cut :: Knife : ?**",
              "options": {
                "a": "Pierce",
                "b": "Chop",
                "c": "Peel",
                "d": "Slice"
              },
              "answer": "d"
            },
            {
              "question_no": 12,
              "question": "**Grapes : Bunch :: Flowers : ?**",
              "options": {
                "a": "Garden",
                "b": "Petal",
                "c": "Bouquet",
                "d": "Pot"
              },
              "answer": "c"
            },
            {
              "question_no": 13,
              "question": "**Sun : Day :: Moon : ?**",
              "options": {
                "a": "Star",
                "b": "Sky",
                "c": "Night",
                "d": "Dark"
              },
              "answer": "c"
            },
            {
              "question_no": 14,
              "question": "**Tailor : Clothes :: Carpenter : ?**",
              "options": {
                "a": "Wood",
                "b": "Furniture",
                "c": "Hammer",
                "d": "Chair"
              },
              "answer": "b"
            },
            {
              "question_no": 15,
              "question": "**Eyes : See :: Ears : ?**",
              "options": {
                "a": "Smell",
                "b": "Hear",
                "c": "Taste",
                "d": "Touch"
              },
              "answer": "b"
            },
            {
              "question_no": 16,
              "question": "**Sweet : Sugar :: Sour : ?**",
              "options": {
                "a": "Salt",
                "b": "Lemon",
                "c": "Bitter",
                "d": "Chili"
              },
              "answer": "b"
            },
            {
              "question_no": 17,
              "question": "**Heart : Blood :: Lungs : ?**",
              "options": {
                "a": "Breath",
                "b": "Air",
                "c": "Oxygen",
                "d": "Body"
              },
              "answer": "b"
            },
            {
              "question_no": 18,
              "question": "**North : South :: East : ?**",
              "options": {
                "a": "West",
                "b": "Up",
                "c": "Down",
                "d": "Center"
              },
              "answer": "a"
            },
            {
              "question_no": 19,
              "question": "**Water : Thirst :: Food : ?**",
              "options": {
                "a": "Hunger",
                "b": "Eat",
                "c": "Taste",
                "d": "Drink"
              },
              "answer": "a"
            },
            {
              "question_no": 20,
              "question": "**Pen : Write :: Eraser : ?**",
              "options": {
                "a": "Draw",
                "b": "Clean",
                "c": "Correct",
                "d": "Rub"
              },
              "answer": "d"
            },
            {
              "question_no": 21,
              "question": "**Cold : Freeze :: Hot : ?**",
              "options": {
                "a": "Ice",
                "b": "Warm",
                "c": "Melt",
                "d": "Boil"
              },
              "answer": "d"
            },
            {
              "question_no": 22,
              "question": "**Clock : Time :: Thermometer : ?**",
              "options": {
                "a": "Heat",
                "b": "Cold",
                "c": "Temperature",
                "d": "Weather"
              },
              "answer": "c"
            },
            {
              "question_no": 23,
              "question": "**Chef : Kitchen :: Farmer : ?**",
              "options": {
                "a": "Field",
                "b": "Crop",
                "c": "Tractor",
                "d": "Animal"
              },
              "answer": "a"
            },
            {
              "question_no": 24,
              "question": "**Wool : Sheep :: Silk : ?**",
              "options": {
                "a": "Worm",
                "b": "Fabric",
                "c": "Cotton",
                "d": "Plant"
              },
              "answer": "a"
            },
            {
              "question_no": 25,
              "question": "**Captain : Ship :: Principal : ?**",
              "options": {
                "a": "Teacher",
                "b": "Students",
                "c": "School",
                "d": "Class"
              },
              "answer": "c"
            },
            {
              "question_no": 26,
              "question": "**Hammer : Nail :: Screw Driver : ?**",
              "options": {
                "a": "Wood",
                "b": "Screw",
                "c": "Tool",
                "d": "Fix"
              },
              "answer": "b"
            },
            {
              "question_no": 27,
              "question": "**Elephant : Herd :: Fish : ?**",
              "options": {
                "a": "Swarm",
                "b": "Pack",
                "c": "School",
                "d": "Flock"
              },
              "answer": "c"
            },
            {
              "question_no": 28,
              "question": "**Leaf : Tree :: Petal : ?**",
              "options": {
                "a": "Stem",
                "b": "Flower",
                "c": "Garden",
                "d": "Root"
              },
              "answer": "b"
            },
            {
              "question_no": 29,
              "question": "**Shoes : Feet :: Gloves : ?**",
              "options": {
                "a": "Hands",
                "b": "Fingers",
                "c": "Head",
                "d": "Arms"
              },
              "answer": "a"
            },
            {
              "question_no": 30,
              "question": "**Laughter : Joy :: Tears : ?**",
              "options": {
                "a": "Sadness",
                "b": "Happiness",
                "c": "Anger",
                "d": "Fear"
              },
              "answer": "a"
            }
          ]
        },
        {
          "Section Name": "Advanced",
          "Questions": [
            {
              "question_no": 1,
              "question": "**Ephemeral : Lasting :: ? : ?**",
              "options": {
                "a": "Active : Lazy",
                "b": "Quick : Fast",
                "c": "Bright : Light",
                "d": "Smooth : Rough"
              },
              "answer": "a"
            },
            {
              "question_no": 2,
              "question": "**Meticulous : Care :: Capricious : ?**",
              "options": {
                "a": "Whim",
                "b": "Anger",
                "c": "Knowledge",
                "d": "Fear"
              },
              "answer": "a"
            },
            {
              "question_no": 3,
              "question": "**Ostrich : Bird :: Penguin : ?**",
              "options": {
                "a": "Mammal",
                "b": "Fish",
                "c": "Bird",
                "d": "Amphibian"
              },
              "answer": "c"
            },
            {
              "question_no": 4,
              "question": "**Conciliatory : Pacify :: Intransigent : ?**",
              "options": {
                "a": "Yield",
                "b": "Compromise",
                "c": "Resist",
                "d": "Agree"
              },
              "answer": "c"
            },
            {
              "question_no": 5,
              "question": "**Paraphrase : Restate :: Exacerbate : ?**",
              "options": {
                "a": "Improve",
                "b": "Worsen",
                "c": "Explain",
                "d": "Simplify"
              },
              "answer": "b"
            },
            {
              "question_no": 6,
              "question": "**Philanthropist : Benevolence :: Misanthrope : ?**",
              "options": {
                "a": "Hatred",
                "b": "Joy",
                "c": "Generosity",
                "d": "Fear"
              },
              "answer": "a"
            },
            {
              "question_no": 7,
              "question": "**Decibel : Sound :: Ampere : ?**",
              "options": {
                "a": "Voltage",
                "b": "Current",
                "c": "Resistance",
                "d": "Power"
              },
              "answer": "b"
            },
            {
              "question_no": 8,
              "question": "**Ubiquitous : Everywhere :: Omniscient : ?**",
              "options": {
                "a": "All-powerful",
                "b": "All-knowing",
                "c": "All-present",
                "d": "All-seeing"
              },
              "answer": "b"
            },
            {
              "question_no": 9,
              "question": "**Panacea : Cure :: Fallacy : ?**",
              "options": {
                "a": "Truth",
                "b": "Error",
                "c": "Solution",
                "d": "Logic"
              },
              "answer": "b"
            },
            {
              "question_no": 10,
              "question": "**Gregarious : Sociable :: Voracious : ?**",
              "options": {
                "a": "Picky",
                "b": "Hungry",
                "c": "Quiet",
                "d": "Shy"
              },
              "answer": "b"
            },
            {
              "question_no": 11,
              "question": "**Gourmand : Food :: Bibliophile : ?**",
              "options": {
                "a": "Books",
                "b": "Travel",
                "c": "Music",
                "d": "Art"
              },
              "answer": "a"
            },
            {
              "question_no": 12,
              "question": "**Anarchy : Government :: Dearth : ?**",
              "options": {
                "a": "Abundance",
                "b": "Scarcity",
                "c": "Order",
                "d": "Chaos"
              },
              "answer": "a"
            },
            {
              "question_no": 13,
              "question": "**Quixotic : Practical :: Mundane : ?**",
              "options": {
                "a": "Exciting",
                "b": "Common",
                "c": "Ordinary",
                "d": "Boring"
              },
              "answer": "a"
            },
            {
              "question_no": 14,
              "question": "**Insipid : Flavor :: Pedantic : ?**",
              "options": {
                "a": "Knowledge",
                "b": "Detail",
                "c": "Learning",
                "d": "Boredom"
              },
              "answer": "b"
            },
            {
              "question_no": 15,
              "question": "**Fawn : Deer :: Cygnets : ?**",
              "options": {
                "a": "Duck",
                "b": "Goose",
                "c": "Swan",
                "d": "Eagle"
              },
              "answer": "c"
            },
            {
              "question_no": 16,
              "question": "**Mitigate : Worsen :: Ameliorate : ?**",
              "options": {
                "a": "Improve",
                "b": "Degrade",
                "c": "Intensify",
                "d": "Simplify"
              },
              "answer": "a"
            },
            {
              "question_no": 17,
              "question": "**Cacophony : Sound :: Malodor : ?**",
              "options": {
                "a": "Sight",
                "b": "Taste",
                "c": "Smell",
                "d": "Touch"
              },
              "answer": "c"
            },
            {
              "question_no": 18,
              "question": "**Prevaricate : Truth :: Obfuscate : ?**",
              "options": {
                "a": "Clarify",
                "b": "Deceive",
                "c": "Simplify",
                "d": "Confuse"
              },
              "answer": "d"
            },
            {
              "question_no": 19,
              "question": "**Arboreal : Trees :: Aquatic : ?**",
              "options": {
                "a": "Air",
                "b": "Land",
                "c": "Water",
                "d": "Mountains"
              },
              "answer": "c"
            },
            {
              "question_no": 20,
              "question": "**Belligerent : Aggression :: Placid : ?**",
              "options": {
                "a": "Anger",
                "b": "Peace",
                "c": "Chaos",
                "d": "Conflict"
              },
              "answer": "b"
            },
            {
              "question_no": 21,
              "question": "**Didactic : Instruct :: Dogmatic : ?**",
              "options": {
                "a": "Question",
                "b": "Assert",
                "c": "Learn",
                "d": "Doubt"
              },
              "answer": "b"
            },
            {
              "question_no": 22,
              "question": "**Luminous : Light :: Sonorous : ?**",
              "options": {
                "a": "Dark",
                "b": "Sound",
                "c": "Smell",
                "d": "Taste"
              },
              "answer": "b"
            },
            {
              "question_no": 23,
              "question": "**Recondite : Obscure :: Patent : ?**",
              "options": {
                "a": "Secret",
                "b": "Clear",
                "c": "Hidden",
                "d": "Difficult"
              },
              "answer": "b"
            },
            {
              "question_no": 24,
              "question": "**Ephemeral : Fleeting :: Succinct : ?**",
              "options": {
                "a": "Verbose",
                "b": "Brief",
                "c": "Lengthy",
                "d": "Detailed"
              },
              "answer": "b"
            },
            {
              "question_no": 25,
              "question": "**Prodigal : Wasteful :: Parsimonious : ?**",
              "options": {
                "a": "Generous",
                "b": "Frugal",
                "c": "Extravagant",
                "d": "Lavish"
              },
              "answer": "b"
            },
            {
              "question_no": 26,
              "question": "**Vernacular : Language :: Indigenous : ?**",
              "options": {
                "a": "Foreign",
                "b": "Native",
                "c": "Universal",
                "d": "Complex"
              },
              "answer": "b"
            },
            {
              "question_no": 27,
              "question": "**Curator : Museum :: Archivist : ?**",
              "options": {
                "a": "Library",
                "b": "Records",
                "c": "Books",
                "d": "History"
              },
              "answer": "b"
            },
            {
              "question_no": 28,
              "question": "**Paradox : Contradiction :: Hyperbole : ?**",
              "options": {
                "a": "Understatement",
                "b": "Exaggeration",
                "c": "Truth",
                "d": "Simplicity"
              },
              "answer": "b"
            },
            {
              "question_no": 29,
              "question": "**Cabal : Group :: Clique : ?**",
              "options": {
                "a": "Individual",
                "b": "Outsider",
                "c": "Faction",
                "d": "Majority"
              },
              "answer": "c"
            },
            {
              "question_no": 30,
              "question": "**Gullible : Deceive :: Obstinate : ?**",
              "options": {
                "a": "Convince",
                "b": "Agree",
                "c": "Persuade",
                "d": "Resist"
              },
              "answer": "d"
            }
          ]
        },
        {
          "Section Name": "Test",
          "Questions": [
            {
              "question_no": 1,
              "question": "**Pencil : Write :: Eraser : ?**",
              "options": {
                "a": "Clean",
                "b": "Rub",
                "c": "Draw",
                "d": "Correct"
              },
              "answer": "b"
            },
            {
              "question_no": 2,
              "question": "**Cold : Winter :: Hot : ?**",
              "options": {
                "a": "Summer",
                "b": "Freeze",
                "c": "Warm",
                "d": "Sun"
              },
              "answer": "a"
            },
            {
              "question_no": 3,
              "question": "**Chef : Food :: Sculptor : ?**",
              "options": {
                "a": "Clay",
                "b": "Statue",
                "c": "Art",
                "d": "Museum"
              },
              "answer": "b"
            },
            {
              "question_no": 4,
              "question": "**Light : Blind :: Speech : ?**",
              "options": {
                "a": "Deaf",
                "b": "Dumb",
                "c": "Mute",
                "d": "Voice"
              },
              "answer": "c"
            },
            {
              "question_no": 5,
              "question": "**Water : River :: Tree : ?**",
              "options": {
                "a": "Root",
                "b": "Forest",
                "c": "Leaf",
                "d": "Wood"
              },
              "answer": "b"
            },
            {
              "question_no": 6,
              "question": "**Frugal : Extravagant :: Benevolent : ?**",
              "options": {
                "a": "Kind",
                "b": "Selfish",
                "c": "Generous",
                "d": "Friendly"
              },
              "answer": "b"
            },
            {
              "question_no": 7,
              "question": "**Thermometer : Temperature :: Barometer : ?**",
              "options": {
                "a": "Wind",
                "b": "Humidity",
                "c": "Pressure",
                "d": "Rain"
              },
              "answer": "c"
            },
            {
              "question_no": 8,
              "question": "**Architect : Building :: Designer : ?**",
              "options": {
                "a": "Clothes",
                "b": "Model",
                "c": "Art",
                "d": "Plan"
              },
              "answer": "a"
            },
            {
              "question_no": 9,
              "question": "**Optimist : Cheerful :: Pessimist : ?**",
              "options": {
                "a": "Sad",
                "b": "Hopeful",
                "c": "Gloomy",
                "d": "Positive"
              },
              "answer": "c"
            },
            {
              "question_no": 10,
              "question": "**Ship : Ocean :: Camel : ?**",
              "options": {
                "a": "Mountain",
                "b": "Desert",
                "c": "Hump",
                "d": "Water"
              },
              "answer": "b"
            },
            {
              "question_no": 11,
              "question": "**Poet : Verse :: Baker : ?**",
              "options": {
                "a": "Flour",
                "b": "Oven",
                "c": "Bread",
                "d": "Sweet"
              },
              "answer": "c"
            },
            {
              "question_no": 12,
              "question": "**Adversity : Prosperity :: Chaos : ?**",
              "options": {
                "a": "Disorder",
                "b": "Harmony",
                "c": "Turmoil",
                "d": "Confusion"
              },
              "answer": "b"
            },
            {
              "question_no": 13,
              "question": "**Tongue : Taste :: Nose : ?**",
              "options": {
                "a": "Speak",
                "b": "Breath",
                "c": "Smell",
                "d": "Hear"
              },
              "answer": "c"
            },
            {
              "question_no": 14,
              "question": "**Audition : Hear :: Palpate : ?**",
              "options": {
                "a": "See",
                "b": "Touch",
                "c": "Smell",
                "d": "Taste"
              },
              "answer": "b"
            },
            {
              "question_no": 15,
              "question": "**Perjury : Oath :: Embezzlement : ?**",
              "options": {
                "a": "Money",
                "b": "Trust",
                "c": "Crime",
                "d": "Law"
              },
              "answer": "b"
            }
          ]
        }
      ]
    }
  ]
}