{
  "Subject": "logical reasoning",
  "Chapters": [
    {
      "Chapter Name": "Data Interpretation",
      "Sections": [
        {
          "Section Name": "Basic",
          "Questions": [
            {
              "question_no": 1,
              "question": "Production of Cars (in thousands) by Company A, B, C, D, E over years**\n| Year | Company A | Company B | Company C | Company D | Company E |\n|---|---|---|---|---|---|\n| 2018 | 40 | 55 | 30 | 50 | 45 |\n| 2019 | 45 | 50 | 35 | 55 | 50 |\n| 2020 | 50 | 60 | 40 | 60 | 55 |\n| 2021 | 55 | 65 | 45 | 65 | 60 |\n| 2022 | 60 | 70 | 50 | 70 | 65 |\n\n  What was the total production of Company A from 2018 to 2022?",
              "options": {
                "a": "240 thousand",
                "b": "250 thousand",
                "c": "260 thousand",
                "d": "270 thousand"
              },
              "answer": "b"
            },
            {
              "question_no": 2,
              "question": "In which year was the total production of all companies the highest?",
              "options": {
                "a": "2018",
                "b": "2019",
                "c": "2020",
                "d": "2021",
                "e": "2022"
              },
              "answer": "e"
            },
            {
              "question_no": 3,
              "question": "What is the difference between the total production of Company B and Company C over all the given years?",
              "options": {
                "a": "80 thousand",
                "b": "90 thousand",
                "c": "100 thousand",
                "d": "110 thousand"
              },
              "answer": "c"
            },
            {
              "question_no": 4,
              "question": "The production of Company D in 2020 was approximately what percentage of the total production of Company D over all the given years?",
              "options": {
                "a": "15%",
                "b": "18%",
                "c": "20%",
                "d": "22%"
              },
              "answer": "b"
            },
            {
              "question_no": 5,
              "question": "What was the average production of Company E from 2018 to 2022?",
              "options": {
                "a": "50 thousand",
                "b": "52 thousand",
                "c": "55 thousand",
                "d": "58 thousand"
              },
              "answer": "b"
            },
            {
              "question_no": 6,
              "question": "In which year did Company C have the lowest production?",
              "options": {
                "a": "2018",
                "b": "2019",
                "c": "2020",
                "d": "2021"
              },
              "answer": "a"
            },
            {
              "question_no": 7,
              "question": "What was the total production of all companies in 2019?",
              "options": {
                "a": "220 thousand",
                "b": "225 thousand",
                "c": "230 thousand",
                "d": "235 thousand"
              },
              "answer": "b"
            },
            {
              "question_no": 8,
              "question": "Number of Students in Different Streams in a College (in hundreds)**\n| Stream | 2020 | 2021 | 2022 | 2023 |\n|---|---|---|---|---|\n| Arts | 3.5 | 4.0 | 4.2 | 4.5 |\n| Science | 2.8 | 3.0 | 3.5 | 3.8 |\n| Commerce | 3.2 | 3.5 | 3.8 | 4.0 |\n| Management | 2.0 | 2.5 | 2.8 | 3.0 |\n\n  What was the total number of students in Arts stream from 2020 to 2023?",
              "options": {
                "a": "16.2 hundred",
                "b": "16.0 hundred",
                "c": "15.8 hundred",
                "d": "16.5 hundred"
              },
              "answer": "a"
            },
            {
              "question_no": 9,
              "question": "In which year did the Commerce stream have the highest number of students?",
              "options": {
                "a": "2020",
                "b": "2021",
                "c": "2022",
                "d": "2023"
              },
              "answer": "d"
            },
            {
              "question_no": 10,
              "question": "What is the approximate percentage increase in the number of Science students from 2020 to 2023?",
              "options": {
                "a": "25%",
                "b": "30%",
                "c": "35%",
                "d": "40%"
              },
              "answer": "c"
            },
            {
              "question_no": 11,
              "question": "What is the ratio of students in Arts to Science in 2021?",
              "options": {
                "a": "4:3",
                "b": "3:4",
                "c": "5:4",
                "d": "4:5"
              },
              "answer": "a"
            },
            {
              "question_no": 12,
              "question": "What was the average number of students in the Management stream over the given years?",
              "options": {
                "a": "2.5 hundred",
                "b": "2.575 hundred",
                "c": "2.6 hundred",
                "d": "2.75 hundred"
              },
              "answer": "b"
            },
            {
              "question_no": 13,
              "question": "In 2022, what was the total number of students in all streams?",
              "options": {
                "a": "14.3 hundred",
                "b": "14.5 hundred",
                "c": "14.8 hundred",
                "d": "15.0 hundred"
              },
              "answer": "c"
            },
            {
              "question_no": 14,
              "question": "Which stream consistently showed an increase in student numbers from 2020 to 2023?",
              "options": {
                "a": "Arts",
                "b": "Science",
                "c": "Commerce",
                "d": "All of them"
              },
              "answer": "d"
            },
            {
              "question_no": 15,
              "question": "Sales of Different Products (in units) by a Company in 2024**\n| Product | January | February | March | April |\n|---|---|---|---|---|\n| P1 | 200 | 220 | 250 | 230 |\n| P2 | 180 | 190 | 210 | 200 |\n| P3 | 250 | 230 | 220 | 240 |\n| P4 | 150 | 160 | 170 | 180 |\n\n What was the total sales of Product P1 in the first four months?",
              "options": {
                "a": "900 units",
                "b": "920 units",
                "c": "940 units",
                "d": "960 units"
              },
              "answer": "c"
            },
            {
              "question_no": 16,
              "question": "Which product had the highest total sales over the four months?",
              "options": {
                "a": "P1",
                "b": "P2",
                "c": "P3",
                "d": "P4"
              },
              "answer": "c"
            },
            {
              "question_no": 17,
              "question": "What is the difference between the total sales of P3 and P4 over the four months?",
              "options": {
                "a": "200 units",
                "b": "220 units",
                "c": "240 units",
                "d": "260 units"
              },
              "answer": "a"
            },
            {
              "question_no": 18,
              "question": "In which month were the total sales of all products the highest?",
              "options": {
                "a": "January",
                "b": "February",
                "c": "March",
                "d": "April"
              },
              "answer": "c"
            },
            {
              "question_no": 19,
              "question": "What was the average sales of Product P2 per month?",
              "options": {
                "a": "190 units",
                "b": "195 units",
                "c": "200 units",
                "d": "205 units"
              },
              "answer": "b"
            },
            {
              "question_no": 20,
              "question": "What percentage of total sales in March was contributed by Product P1?",
              "options": {
                "a": "25%",
                "b": "28%",
                "c": "30%",
                "d": "32%"
              },
              "answer": "a"
            },
            {
              "question_no": 21,
              "question": "What was the total sales of all products in February?",
              "options": {
                "a": "780 units",
                "b": "800 units",
                "c": "820 units",
                "d": "840 units"
              },
              "answer": "a"
            },
            {
              "question_no": 22,
              "question": "Daily Visitors to a Museum over a Week**\n| Day | Visitors |\n|---|---|\n| Monday | 150 |\n| Tuesday | 180 |\n| Wednesday | 170 |\n| Thursday | 200 |\n| Friday | 220 |\n| Saturday | 300 |\n| Sunday | 350 |\n\n What was the total number of visitors to the museum over the week?",
              "options": {
                "a": "1570",
                "b": "1600",
                "c": "1620",
                "d": "1650"
              },
              "answer": "a"
            },
            {
              "question_no": 23,
              "question": "On which day did the museum receive the least number of visitors?",
              "options": {
                "a": "Monday",
                "b": "Tuesday",
                "c": "Wednesday",
                "d": "Thursday"
              },
              "answer": "a"
            },
            {
              "question_no": 24,
              "question": "What is the difference between the maximum and minimum number of visitors in the week?",
              "options": {
                "a": "150",
                "b": "170",
                "c": "180",
                "d": "200"
              },
              "answer": "d"
            },
            {
              "question_no": 25,
              "question": "What was the average daily number of visitors to the museum?",
              "options": {
                "a": "200",
                "b": "210",
                "c": "220",
                "d": "230"
              },
              "answer": "d"
            },
            {
              "question_no": 26,
              "question": "On how many days were the visitors more than the average daily visitors?",
              "options": {
                "a": "2",
                "b": "3",
                "c": "4",
                "d": "5"
              },
              "answer": "c"
            },
            {
              "question_no": 27,
              "question": "The number of visitors on Saturday was what percentage more than on Monday?",
              "options": {
                "a": "50%",
                "b": "75%",
                "c": "100%",
                "d": "125%"
              },
              "answer": "c"
            },
            {
              "question_no": 28,
              "question": "What is the ratio of visitors on Friday to Sunday?",
              "options": {
                "a": "11:15",
                "b": "15:11",
                "c": "22:35",
                "d": "35:22"
              },
              "answer": "a"
            },
            {
              "question_no": 29,
              "question": "If the entry ticket is Rs. 50 per person, what was the total revenue on Sunday?",
              "options": {
                "a": "Rs. 15000",
                "b": "Rs. 16500",
                "c": "Rs. 17500",
                "d": "Rs. 20000"
              },
              "answer": "c"
            },
            {
              "question_no": 30,
              "question": "On which day did the number of visitors increase the most compared to the previous day?",
              "options": {
                "a": "Tuesday",
                "b": "Thursday",
                "c": "Friday",
                "d": "Saturday"
              },
              "answer": "d"
            }
          ]
        },
        {
          "Section Name": "Advanced",
          "Questions": [
            {
              "question_no": 1,
              "question": "Revenue and Expenditure of Five Companies (in Lakhs Rs.) in 2023**\n| Company | Revenue | Expenditure |\n|---|---|---|\n| A | 250 | 200 |\n| B | 300 | 240 |\n| C | 280 | 210 |\n| D | 320 | 250 |\n| E | 270 | 220 |\n\nProfit = Revenue - Expenditure\nPercentage Profit = (Profit / Expenditure) * 100\n\n  What is the total profit of all companies combined?",
              "options": {
                "a": "300 Lakhs",
                "b": "320 Lakhs",
                "c": "350 Lakhs",
                "d": "380 Lakhs"
              },
              "answer": "b"
            },
            {
              "question_no": 2,
              "question": "Which company had the highest percentage profit?",
              "options": {
                "a": "A",
                "b": "B",
                "c": "C",
                "d": "D",
                "e": "E"
              },
              "answer": "c"
            },
            {
              "question_no": 3,
              "question": "What is the ratio of the total revenue of Company A and B to the total expenditure of Company D and E?",
              "options": {
                "a": "11:9",
                "b": "11:10",
                "c": "10:11",
                "d": "9:11"
              },
              "answer": "b"
            },
            {
              "question_no": 4,
              "question": "If the revenue of Company C increased by 10% in 2024, and its expenditure remained the same, what would be its new profit?",
              "options": {
                "a": "88 Lakhs",
                "b": "98 Lakhs",
                "c": "108 Lakhs",
                "d": "118 Lakhs"
              },
              "answer": "b"
            },
            {
              "question_no": 5,
              "question": "The average expenditure of the five companies is approximately what percentage of the average revenue of the five companies?",
              "options": {
                "a": "75%",
                "b": "78%",
                "c": "80%",
                "d": "82%"
              },
              "answer": "b"
            },
            {
              "question_no": 6,
              "question": "How many companies had a percentage profit greater than 25%?",
              "options": {
                "a": "One",
                "b": "Two",
                "c": "Three",
                "d": "Four",
                "e": "None"
              },
              "answer": "c"
            },
            {
              "question_no": 7,
              "question": "If the expenditure of Company B in 2024 increased by 5% and revenue by 8%, what would be its percentage profit?",
              "options": {
                "a": "26.5%",
                "b": "28.1%",
                "c": "29.3%",
                "d": "30.5%"
              },
              "answer": "a"
            },
            {
              "question_no": 8,
              "question": "Distribution of 4000 Students in Five Different Colleges (in percentage)**\n| College | Percentage of Students |\n|---|---|\n| A | 20% |\n| B | 15% |\n| C | 25% |\n| D | 18% |\n| E | 22% |\n\nRatio of Boys to Girls in each College\n| College | Boys : Girls |\n|---|---|\n| A | 3:2 |\n| B | 2:1 |\n| C | 7:3 |\n| D | 1:1 |\n| E | 5:6 |\n\n  What is the total number of boys in College C and College E together?",
              "options": {
                "a": "800",
                "b": "900",
                "c": "1000",
                "d": "1100",
                "e": "1200"
              },
              "answer": "d"
            },
            {
              "question_no": 9,
              "question": "What is the difference between the number of girls in College A and College B?",
              "options": {
                "a": "80",
                "b": "100",
                "c": "120",
                "d": "140",
                "e": "160"
              },
              "answer": "c"
            },
            {
              "question_no": 10,
              "question": "The number of boys in College D is what percentage of the total number of students in College A?",
              "options": {
                "a": "30%",
                "b": "36%",
                "c": "40%",
                "d": "45%",
                "e": "50%"
              },
              "answer": "e"
            },
            {
              "question_no": 11,
              "question": "What is the total number of girls in all five colleges?",
              "options": {
                "a": "1800",
                "b": "1920",
                "c": "2000",
                "d": "2100",
                "e": "2200"
              },
              "answer": "c"
            },
            {
              "question_no": 12,
              "question": "If 10% of the students in College E are from outside the state, how many students in College E are from outside the state?",
              "options": {
                "a": "88",
                "b": "92",
                "c": "96",
                "d": "100",
                "e": "104"
              },
              "answer": "a"
            },
            {
              "question_no": 13,
              "question": "What is the ratio of the number of boys in College B to the number of girls in College D?",
              "options": {
                "a": "2:3",
                "b": "3:2",
                "c": "5:4",
                "d": "4:5",
                "e": "6:5"
              },
              "answer": "a"
            },
            {
              "question_no": 14,
              "question": "In which college is the number of girls the highest?",
              "options": {
                "a": "A",
                "b": "B",
                "c": "C",
                "d": "D",
                "e": "E"
              },
              "answer": "e"
            },
            {
              "question_no": 15,
              "question": "Production of Electronic Gadgets (in thousands) by six companies P, Q, R, S, T, U in 2022 and 2023**\n| Company | 2022 (Production) | 2023 (Production) |\n|---|---|---|\n| P | 120 | 130 |\n| Q | 150 | 160 |\n| R | 100 | 115 |\n| S | 130 | 145 |\n| T | 110 | 120 |\n| U | 140 | 155 |\n\n What is the total production of all companies in 2023?",
              "options": {
                "a": "800 thousand",
                "b": "810 thousand",
                "c": "825 thousand",
                "d": "830 thousand"
              },
              "answer": "d"
            },
            {
              "question_no": 16,
              "question": "What is the percentage increase in production for Company R from 2022 to 2023?",
              "options": {
                "a": "10%",
                "b": "12.5%",
                "c": "15%",
                "d": "17.5%"
              },
              "answer": "c"
            },
            {
              "question_no": 17,
              "question": "What is the ratio of the total production of companies P, Q, R in 2022 to the total production of companies S, T, U in 2023?",
              "options": {
                "a": "37:42",
                "b": "42:37",
                "c": "37:41",
                "d": "41:37"
              },
              "answer": "b"
            },
            {
              "question_no": 18,
              "question": "For how many companies was the percentage increase in production from 2022 to 2023 less than 10%?",
              "options": {
                "a": "One",
                "b": "Two",
                "c": "Three",
                "d": "Four",
                "e": "Five"
              },
              "answer": "d"
            },
            {
              "question_no": 19,
              "question": "If the demand for Company Q's product in 2022 was 180 thousand units and 90% of the demand was met by production, what was the shortfall in production for Q in 2022?",
              "options": {
                "a": "20 thousand",
                "b": "30 thousand",
                "c": "40 thousand",
                "d": "50 thousand",
                "e": "None"
              },
              "answer": "b"
            },
            {
              "question_no": 20,
              "question": "The average production of all companies in 2022 is approximately what percentage of the average production of all companies in 2023?",
              "options": {
                "a": "90%",
                "b": "92%",
                "c": "94%",
                "d": "96%"
              },
              "answer": "c"
            },
            {
              "question_no": 21,
              "question": "What is the difference between the total production of all companies in 2022 and 2023?",
              "options": {
                "a": "50 thousand",
                "b": "60 thousand",
                "c": "70 thousand",
                "d": "80 thousand"
              },
              "answer": "c"
            },
            {
              "question_no": 22,
              "question": "Number of people (in thousands) who visited a certain fair from Monday to Sunday.**\nThe total number of visitors was 120 thousand.\n* Monday: 15% of total visitors\n* Tuesday: 10% of total visitors\n* Wednesday: 20% of total visitors\n* Thursday: 12% of total visitors\n* Friday: 18% of total visitors\n* Saturday: 15% of total visitors\n* Sunday: Remaining percentage\n\n What was the number of visitors on Sunday?",
              "options": {
                "a": "10 thousand",
                "b": "11 thousand",
                "c": "12 thousand",
                "d": "13 thousand",
                "e": "14 thousand"
              },
              "answer": "c"
            },
            {
              "question_no": 23,
              "question": "What is the ratio of visitors on Monday to visitors on Wednesday?",
              "options": {
                "a": "3:4",
                "b": "4:3",
                "c": "5:4",
                "d": "4:5"
              },
              "answer": "a"
            },
            {
              "question_no": 24,
              "question": "On how many days were the visitors more than the average daily visitors for the week?",
              "options": {
                "a": "2",
                "b": "3",
                "c": "4",
                "d": "5",
                "e": "6"
              },
              "answer": "c"
            },
            {
              "question_no": 25,
              "question": "The number of visitors on Friday is what percentage more than the number of visitors on Tuesday?",
              "options": {
                "a": "50%",
                "b": "60%",
                "c": "70%",
                "d": "80%",
                "e": "90%"
              },
              "answer": "d"
            },
            {
              "question_no": 26,
              "question": "What is the approximate average number of visitors per day during the week?",
              "options": {
                "a": "15.1 thousand",
                "b": "16.5 thousand",
                "c": "17.1 thousand",
                "d": "18.0 thousand"
              },
              "answer": "c"
            },
            {
              "question_no": 27,
              "question": "If 40% of the visitors on Saturday were children, how many children visited the fair on Saturday?",
              "options": {
                "a": "6.2 thousand",
                "b": "7.2 thousand",
                "c": "8.4 thousand",
                "d": "9.6 thousand"
              },
              "answer": "b"
            },
            {
              "question_no": 28,
              "question": "What is the total number of visitors on Monday, Tuesday, and Thursday together?",
              "options": {
                "a": "40.0 thousand",
                "b": "42.4 thousand",
                "c": "44.8 thousand",
                "d": "46.0 thousand"
              },
              "answer": "d"
            },
            {
              "question_no": 29,
              "question": "If the ticket price per person was Rs. 200, what was the total revenue generated on Wednesday?",
              "options": {
                "a": "Rs. 4,800,000",
                "b": "Rs. 5,200,000",
                "c": "Rs. 5,600,000",
                "d": "Rs. 6,000,000"
              },
              "answer": "a"
            },
            {
              "question_no": 30,
              "question": "The number of visitors on Thursday is what percentage of the number of visitors on Sunday?",
              "options": {
                "a": "80%",
                "b": "90%",
                "c": "100%",
                "d": "110%",
                "e": "120%"
              },
              "answer": "d"
            }
          ]
        },
        {
          "Section Name": "Test",
          "Questions": [
            {
              "question_no": 1,
              "question": "Number of Laptops Sold by 5 Stores (P, Q, R, S, T) in five different months (Units)**\n| Store | Jan | Feb | Mar | Apr | May |\n|---|---|---|---|---|---|\n| P | 120 | 130 | 140 | 150 | 160 |\n| Q | 100 | 110 | 120 | 130 | 140 |\n| R | 150 | 140 | 130 | 120 | 110 |\n| S | 110 | 120 | 130 | 140 | 150 |\n| T | 130 | 110 | 100 | 90 | 80 |\n\n What is the total number of laptops sold by Store P in all five months?",
              "options": {
                "a": "600",
                "b": "650",
                "c": "700",
                "d": "750"
              },
              "answer": "c"
            },
            {
              "question_no": 2,
              "question": "Which store sold the maximum number of laptops in April?",
              "options": {
                "a": "P",
                "b": "Q",
                "c": "S",
                "d": "T"
              },
              "answer": "d"
            },
            {
              "question_no": 3,
              "question": "What is the difference between the total sales of Store R and Store T over all five months?",
              "options": {
                "a": "100",
                "b": "120",
                "c": "140",
                "d": "160"
              },
              "answer": "c"
            },
            {
              "question_no": 4,
              "question": "In which month was the total sales of all stores the lowest?",
              "options": {
                "a": "January",
                "b": "February",
                "c": "March",
                "d": "April",
                "e": "May"
              },
              "answer": "e"
            },
            {
              "question_no": 5,
              "question": "What is the average number of laptops sold by Store Q per month?",
              "options": {
                "a": "110",
                "b": "120",
                "c": "130",
                "d": "140"
              },
              "answer": "b"
            },
            {
              "question_no": 6,
              "question": "The sales of Store S in May is what percentage of the sales of Store P in January?",
              "options": {
                "a": "100%",
                "b": "110%",
                "c": "120%",
                "d": "125%"
              },
              "answer": null
            },
            {
              "question_no": 7,
              "question": "What is the ratio of total sales of Store P to Store Q over all five months?",
              "options": {
                "a": "7:6",
                "b": "6:7",
                "c": "5:4",
                "d": "4:5"
              },
              "answer": "a"
            },
            {
              "question_no": 8,
              "question": "Percentage Distribution of Mobile Phones (Total 20000 units) of Different Brands Sold in a City**\n* Samsung: 30%\n* Apple: 25%\n* Xiaomi: 20%\n* Realme: 15%\n* OnePlus: 10%\n\n  How many Samsung mobile phones were sold?",
              "options": {
                "a": "5000",
                "b": "6000",
                "c": "7000",
                "d": "8000"
              },
              "answer": "b"
            },
            {
              "question_no": 9,
              "question": "What is the difference in the number of Apple and OnePlus mobile phones sold?",
              "options": {
                "a": "2000",
                "b": "2500",
                "c": "3000",
                "d": "3500"
              },
              "answer": "d"
            },
            {
              "question_no": 10,
              "question": "If the number of Xiaomi phones sold increased by 10% next year, how many Xiaomi phones would be sold?",
              "options": {
                "a": "4000",
                "b": "4200",
                "c": "4400",
                "d": "4500"
              },
              "answer": "b"
            },
            {
              "question_no": 11,
              "question": "What is the ratio of Realme to Samsung phones sold?",
              "options": {
                "a": "1:2",
                "b": "2:1",
                "c": "1:3",
                "d": "3:1"
              },
              "answer": "c"
            },
            {
              "question_no": 12,
              "question": "The number of Xiaomi phones sold is what percentage of the total number of Samsung and Apple phones sold?",
              "options": {
                "a": "25%",
                "b": "30%",
                "c": "35%",
                "d": "40%"
              },
              "answer": "d"
            },
            {
              "question_no": 13,
              "question": "If 5% of all sold phones were returned, how many phones were returned?",
              "options": {
                "a": "800",
                "b": "900",
                "c": "1000",
                "d": "1200"
              },
              "answer": "c"
            },
            {
              "question_no": 14,
              "question": "What is the total number of phones sold of the top three brands (by sales)?",
              "options": {
                "a": "14000",
                "b": "15000",
                "c": "16000",
                "d": "17000"
              },
              "answer": "b"
            },
            {
              "question_no": 15,
              "question": "What is the percentage of phones sold of Realme and OnePlus combined out of the total?",
              "options": {
                "a": "20%",
                "b": "25%",
                "c": "30%",
                "d": "35%"
              },
              "answer": "b"
            }
          ]
        }
      ]
    }
  ]
}