{
  "Subject": "logical reasoning",
  "Chapters": [
    {
      "Chapter Name": "Data Sufficiency",
      "Sections": [
        {
          "Section Name": "Basic",
          "Questions": [
            {
              "question_no": 1,
              "question": "What is the two-digit number? I. The sum of the digits is 8. II. The digit in the tens place is three times the digit in the units place.",
              "options": {
                "a": "I alone is sufficient",
                "b": "II alone is sufficient",
                "c": "Either I or II is sufficient",
                "d": "Both I and II are sufficient",
                "e": "Both I and II are not sufficient"
              },
              "answer": "d"
            },
            {
              "question_no": 2,
              "question": "What is the value of 'x'? I. $x^2 = 25$. II. $x < 0$.",
              "options": {
                "a": "I alone is sufficient",
                "b": "II alone is sufficient",
                "c": "Both I and II are sufficient",
                "d": "Neither I nor II is sufficient",
                "e": "Either I or II is sufficient"
              },
              "answer": "c"
            },
            {
              "question_no": 3,
              "question": "Who is the tallest among P, Q, R, S, T? I. R is taller than P and T. II. S is not the tallest.",
              "options": {
                "a": "I alone is sufficient",
                "b": "II alone is sufficient",
                "c": "Both I and II are sufficient",
                "d": "Neither I nor II is sufficient",
                "e": "Either I or II is sufficient"
              },
              "answer": "d"
            },
            {
              "question_no": 4,
              "question": "What is the average age of a group of 5 students? I. The sum of the ages of the students is 75 years. II. The youngest student is 12 years old.",
              "options": {
                "a": "I alone is sufficient",
                "b": "II alone is sufficient",
                "c": "Both I and II are sufficient",
                "d": "Neither I nor II is sufficient",
                "e": "Either I or II is sufficient"
              },
              "answer": "a"
            },
            {
              "question_no": 5,
              "question": "Is X an even number? I. X is a multiple of 4. II. X is a multiple of 6.",
              "options": {
                "a": "I alone is sufficient",
                "b": "II alone is sufficient",
                "c": "Both I and II are sufficient",
                "d": "Neither I nor II is sufficient",
                "e": "Either I or II is sufficient"
              },
              "answer": "a"
            },
            {
              "question_no": 6,
              "question": "What is the speed of the train? I. The train crosses a 100-meter platform in 10 seconds. II. The train crosses a pole in 5 seconds.",
              "options": {
                "a": "I alone is sufficient",
                "b": "II alone is sufficient",
                "c": "Both I and II are sufficient",
                "d": "Neither I nor II is sufficient",
                "e": "Either I or II is sufficient"
              },
              "answer": "c"
            },
            {
              "question_no": 7,
              "question": "How many children does 'M' have? I. 'P' is the only daughter of 'X', who is the wife of 'M'. II. 'Q' and 'R' are brothers of 'P'.",
              "options": {
                "a": "I alone is sufficient",
                "b": "II alone is sufficient",
                "c": "Both I and II are sufficient",
                "d": "Neither I nor II is sufficient",
                "e": "Either I or II is sufficient"
              },
              "answer": "c"
            },
            {
              "question_no": 8,
              "question": "What is the area of the rectangle? I. The perimeter of the rectangle is 24 cm. II. The length of the rectangle is 8 cm.",
              "options": {
                "a": "I alone is sufficient",
                "b": "II alone is sufficient",
                "c": "Both I and II are sufficient",
                "d": "Neither I nor II is sufficient",
                "e": "Either I or II is sufficient"
              },
              "answer": "c"
            },
            {
              "question_no": 9,
              "question": "Is 'N' an integer? I. $N^2 = 16$. II. $N > 0$.",
              "options": {
                "a": "I alone is sufficient",
                "b": "II alone is sufficient",
                "c": "Both I and II are sufficient",
                "d": "Neither I nor II is sufficient",
                "e": "Either I or II is sufficient"
              },
              "answer": "c"
            },
            {
              "question_no": 10,
              "question": "What is the code for 'apple'? I. In a certain code language, 'apple is red' is written as 'ka sa ta'. II. 'banana is sweet' is written as 'pa da na'.",
              "options": {
                "a": "I alone is sufficient",
                "b": "II alone is sufficient",
                "c": "Both I and II are sufficient",
                "d": "Neither I nor II is sufficient",
                "e": "Either I or II is sufficient"
              },
              "answer": "d"
            },
            {
              "question_no": 11,
              "question": "What is the age of John? I. John is 5 years older than Peter. II. Peter's age is 1/3rd of his father's age, and his father is 45 years old.",
              "options": {
                "a": "I alone is sufficient",
                "b": "II alone is sufficient",
                "c": "Both I and II are sufficient",
                "d": "Neither I nor II is sufficient",
                "e": "Either I or II is sufficient"
              },
              "answer": "c"
            },
            {
              "question_no": 12,
              "question": "Is 'P' a prime number? I. P is an odd number. II. P is less than 10.",
              "options": {
                "a": "I alone is sufficient",
                "b": "II alone is sufficient",
                "c": "Both I and II are sufficient",
                "d": "Neither I nor II is sufficient",
                "e": "Either I or II is sufficient"
              },
              "answer": "d"
            },
            {
              "question_no": 13,
              "question": "What is the percentage profit earned? I. The cost price of the article is Rs. 500. II. The selling price of the article is Rs. 600.",
              "options": {
                "a": "I alone is sufficient",
                "b": "II alone is sufficient",
                "c": "Both I and II are sufficient",
                "d": "Neither I nor II is sufficient",
                "e": "Either I or II is sufficient"
              },
              "answer": "c"
            },
            {
              "question_no": 14,
              "question": "In which direction is point A from point B? I. Point A is to the East of point C. II. Point B is to the North of point C.",
              "options": {
                "a": "I alone is sufficient",
                "b": "II alone is sufficient",
                "c": "Both I and II are sufficient",
                "d": "Neither I nor II is sufficient",
                "e": "Either I or II is sufficient"
              },
              "answer": "c"
            },
            {
              "question_no": 15,
              "question": "What is the value of (X + Y)? I. X - Y = 4. II. $X^2 - Y^2 = 32$.",
              "options": {
                "a": "I alone is sufficient",
                "b": "II alone is sufficient",
                "c": "Both I and II are sufficient",
                "d": "Neither I nor II is sufficient",
                "e": "Either I or II is sufficient"
              },
              "answer": "c"
            },
            {
              "question_no": 16,
              "question": "How many students are there in the class? I. The number of boys is 20. II. The number of girls is 15.",
              "options": {
                "a": "I alone is sufficient",
                "b": "II alone is sufficient",
                "c": "Both I and II are sufficient",
                "d": "Neither I nor II is sufficient",
                "e": "Either I or II is sufficient"
              },
              "answer": "c"
            },
            {
              "question_no": 17,
              "question": "What is the value of 'a'? I. a + b = 10. II. b = 3.",
              "options": {
                "a": "I alone is sufficient",
                "b": "II alone is sufficient",
                "c": "Both I and II are sufficient",
                "d": "Neither I nor II is sufficient",
                "e": "Either I or II is sufficient"
              },
              "answer": "c"
            },
            {
              "question_no": 18,
              "question": "Who is sitting to the immediate left of 'S' in a circular arrangement of 6 people? I. P is sitting opposite to Q. II. R is sitting to the immediate right of Q.",
              "options": {
                "a": "I alone is sufficient",
                "b": "II alone is sufficient",
                "c": "Both I and II are sufficient",
                "d": "Neither I nor II is sufficient",
                "e": "Either I or II is sufficient"
              },
              "answer": "d"
            },
            {
              "question_no": 19,
              "question": "What is the length of the side of a square? I. The diagonal of the square is $5\\sqrt{2}$ cm. II. The area of the square is $25 cm^2$.",
              "options": {
                "a": "I alone is sufficient",
                "b": "II alone is sufficient",
                "c": "Both I and II are sufficient",
                "d": "Neither I nor II is sufficient",
                "e": "Either I or II is sufficient"
              },
              "answer": "c"
            },
            {
              "question_no": 20,
              "question": "Is 'P' a positive number? I. P is greater than 0. II. P is an even number.",
              "options": {
                "a": "I alone is sufficient",
                "b": "II alone is sufficient",
                "c": "Both I and II are sufficient",
                "d": "Neither I nor II is sufficient",
                "e": "Either I or II is sufficient"
              },
              "answer": "a"
            },
            {
              "question_no": 21,
              "question": "What is the sum of two numbers? I. Their product is 24. II. Their difference is 5.",
              "options": {
                "a": "I alone is sufficient",
                "b": "II alone is sufficient",
                "c": "Both I and II are sufficient",
                "d": "Neither I nor II is sufficient",
                "e": "Either I or II is sufficient"
              },
              "answer": "c"
            },
            {
              "question_no": 22,
              "question": "What is the rank of 'Rohan' in the class? I. In a class of 50 students, Rohan's rank from the top is 15th. II. From the bottom, Rohan's rank is 36th.",
              "options": {
                "a": "I alone is sufficient",
                "b": "II alone is sufficient",
                "c": "Both I and II are sufficient",
                "d": "Neither I nor II is sufficient",
                "e": "Either I or II is sufficient"
              },
              "answer": "a"
            },
            {
              "question_no": 23,
              "question": "What is the salary of 'A'? I. A and B together earn Rs. 50,000. II. A earns Rs. 10,000 more than B.",
              "options": {
                "a": "I alone is sufficient",
                "b": "II alone is sufficient",
                "c": "Both I and II are sufficient",
                "d": "Neither I nor II is sufficient",
                "e": "Either I or II is sufficient"
              },
              "answer": "c"
            },
            {
              "question_no": 24,
              "question": "How many days will it take for 10 men to complete a work? I. 5 men can complete the same work in 20 days. II. The work involves constructing a wall of 100 meters.",
              "options": {
                "a": "I alone is sufficient",
                "b": "II alone is sufficient",
                "c": "Both I and II are sufficient",
                "d": "Neither I nor II is sufficient",
                "e": "Either I or II is sufficient"
              },
              "answer": "a"
            },
            {
              "question_no": 25,
              "question": "Is the triangle ABC an equilateral triangle? I. Two sides of the triangle are equal. II. One angle of the triangle is 60 degrees.",
              "options": {
                "a": "I alone is sufficient",
                "b": "II alone is sufficient",
                "c": "Both I and II are sufficient",
                "d": "Neither I nor II is sufficient",
                "e": "Either I or II is sufficient"
              },
              "answer": "c"
            },
            {
              "question_no": 26,
              "question": "What is the age of the mother? I. The total age of the mother and daughter is 50 years. II. The daughter's age is 1/4th of the mother's age.",
              "options": {
                "a": "I alone is sufficient",
                "b": "II alone is sufficient",
                "c": "Both I and II are sufficient",
                "d": "Neither I nor II is sufficient",
                "e": "Either I or II is sufficient"
              },
              "answer": "c"
            },
            {
              "question_no": 27,
              "question": "What is the color of the car? I. The car is not red or blue. II. The car is the same color as the truck, and the truck is green.",
              "options": {
                "a": "I alone is sufficient",
                "b": "II alone is sufficient",
                "c": "Both I and II are sufficient",
                "d": "Neither I nor II is sufficient",
                "e": "Either I or II is sufficient"
              },
              "answer": "b"
            },
            {
              "question_no": 28,
              "question": "Is 'X' greater than 'Y'? I. X - Y = 5. II. X / Y = 2.",
              "options": {
                "a": "I alone is sufficient",
                "b": "II alone is sufficient",
                "c": "Both I and II are sufficient",
                "d": "Neither I nor II is sufficient",
                "e": "Either I or II is sufficient"
              },
              "answer": "c"
            },
            {
              "question_no": 29,
              "question": "What is the position of C from the left end in a row of people? I. C is 5th from the right end. II. There are 10 people in the row.",
              "options": {
                "a": "I alone is sufficient",
                "b": "II alone is sufficient",
                "c": "Both I and II are sufficient",
                "d": "Neither I nor II is sufficient",
                "e": "Either I or II is sufficient"
              },
              "answer": "c"
            },
            {
              "question_no": 30,
              "question": "What is the average score of 5 students in a test? I. The scores of three students are 70, 80, 90. II. The sum of the scores of the remaining two students is 150.",
              "options": {
                "a": "I alone is sufficient",
                "b": "II alone is sufficient",
                "c": "Both I and II are sufficient",
                "d": "Neither I nor II is sufficient",
                "e": "Either I or II is sufficient"
              },
              "answer": "c"
            }
          ]
        },
        {
          "Section Name": "Advanced",
          "Questions": [
            {
              "question_no": 1,
              "question": "What is the three-digit number? I. The sum of its digits is 15. II. The number is exactly divisible by 5. III. The digit in the hundreds place is half the digit in the tens place.",
              "options": {
                "a": "Only I and II are sufficient",
                "b": "Only II and III are sufficient",
                "c": "Only I and III are sufficient",
                "d": "All three are sufficient",
                "e": "Any two are sufficient"
              },
              "answer": "d"
            },
            {
              "question_no": 2,
              "question": "What is the value of $x^3 - y^3$? I. $x - y = 5$. II. $xy = 6$. III. $x + y = 7$.",
              "options": {
                "a": "Only I and II are sufficient",
                "b": "Only I and III are sufficient",
                "c": "Only II and III are sufficient",
                "d": "Any two of them are sufficient",
                "e": "All three are necessary"
              },
              "answer": "a"
            },
            {
              "question_no": 3,
              "question": "Who is the father of P? I. Q is the brother of R. II. R is the daughter of P's sister. III. T is the mother of Q.",
              "options": {
                "a": "Only I and II are sufficient",
                "b": "Only II and III are sufficient",
                "c": "Only I and III are sufficient",
                "d": "All three are sufficient",
                "e": "Neither I nor II nor III is sufficient"
              },
              "answer": "d"
            },
            {
              "question_no": 4,
              "question": "What is the speed of the boat in still water? I. The boat covers 20 km downstream in 2 hours. II. The boat covers 15 km upstream in 3 hours. III. The speed of the stream is 2 km/hr.",
              "options": {
                "a": "Only I and II are sufficient",
                "b": "Only I and III are sufficient",
                "c": "Only II and III are sufficient",
                "d": "Any two are sufficient",
                "e": "All three are necessary"
              },
              "answer": "a"
            },
            {
              "question_no": 5,
              "question": "Is X an even number? I. $X^2$ is an even number. II. X is divisible by 3. III. X is a multiple of 2.",
              "options": {
                "a": "Only I alone is sufficient",
                "b": "Only II alone is sufficient",
                "c": "Only III alone is sufficient",
                "d": "Only I or III is sufficient",
                "e": "All three are necessary"
              },
              "answer": "d"
            },
            {
              "question_no": 6,
              "question": "What is the selling price of the article? I. The profit earned is 20%. II. The difference between the selling price and cost price is Rs. 100. III. The cost price is Rs. 500.",
              "options": {
                "a": "Only I and II are sufficient",
                "b": "Only I and III are sufficient",
                "c": "Only II and III are sufficient",
                "d": "Any two are sufficient",
                "e": "All three are necessary"
              },
              "answer": "b"
            },
            {
              "question_no": 7,
              "question": "What is the ratio of boys to girls in a class? I. The average age of boys is 10 years and girls is 12 years. II. The average age of the whole class is 11.2 years. III. The total number of students in the class is 50.",
              "options": {
                "a": "Only I and II are sufficient",
                "b": "Only I and III are sufficient",
                "c": "Only II and III are sufficient",
                "d": "All three are sufficient",
                "e": "Any two are sufficient"
              },
              "answer": "a"
            },
            {
              "question_no": 8,
              "question": "Is P the wife of Q? I. R is the sister of Q. II. P is the mother of S. III. S is the son of R's brother-in-law.",
              "options": {
                "a": "Only I and II are sufficient",
                "b": "Only II and III are sufficient",
                "c": "Only I and III are sufficient",
                "d": "All three are sufficient",
                "e": "Neither I nor II nor III is sufficient"
              },
              "answer": "b"
            },
            {
              "question_no": 9,
              "question": "What is the two-digit number? I. The product of the digits is 12. II. The sum of the digits is 7. III. The number is less than 50.",
              "options": {
                "a": "Only I and II are sufficient",
                "b": "Only II and III are sufficient",
                "c": "Only I and III are sufficient",
                "d": "Any two are sufficient",
                "e": "All three are necessary"
              },
              "answer": "a"
            },
            {
              "question_no": 10,
              "question": "What is the value of $2x + 3y$? I. $x + y = 10$. II. $x - y = 2$. III. $x = 6$.",
              "options": {
                "a": "Only I and II are sufficient",
                "b": "Only I and III are sufficient",
                "c": "Only II and III are sufficient",
                "d": "Any two are sufficient",
                "e": "All three are necessary"
              },
              "answer": "a"
            },
            {
              "question_no": 11,
              "question": "How many steps are there in a staircase? I. If I go up 2 steps at a time, I take 10 more steps than if I go up 3 steps at a time. II. If I go up 4 steps at a time, I take 5 more steps than if I go up 5 steps at a time.",
              "options": {
                "a": "Only I alone is sufficient",
                "b": "Only II alone is sufficient",
                "c": "Both I and II are sufficient",
                "d": "Neither I nor II is sufficient",
                "e": "Either I or II is sufficient"
              },
              "answer": "e"
            },
            {
              "question_no": 12,
              "question": "What is the interest earned on a certain sum? I. The sum doubles itself in 8 years at simple interest. II. The sum triples itself in 10 years at compound interest. III. The sum is Rs. 1000.",
              "options": {
                "a": "Only I and II are sufficient",
                "b": "Only I and III are sufficient",
                "c": "Only II and III are sufficient",
                "d": "Any two are sufficient",
                "e": "All three are necessary"
              },
              "answer": "d"
            },
            {
              "question_no": 13,
              "question": "Who is the tallest among 5 friends P, Q, R, S, T? I. P is taller than R but shorter than Q. II. S is taller than T but shorter than R.",
              "options": {
                "a": "Only I alone is sufficient",
                "b": "Only II alone is sufficient",
                "c": "Both I and II are sufficient",
                "d": "Neither I nor II is sufficient",
                "e": "Either I or II is sufficient"
              },
              "answer": "c"
            },
            {
              "question_no": 14,
              "question": "What is the average score of students in a class? I. The highest score is 90 and the lowest score is 40. II. There are 25 students in the class. III. The total score of all students is 1500.",
              "options": {
                "a": "Only I and II are sufficient",
                "b": "Only I and III are sufficient",
                "c": "Only II and III are sufficient",
                "d": "Any two are sufficient",
                "e": "All three are necessary"
              },
              "answer": "c"
            },
            {
              "question_no": 15,
              "question": "Is X an integer? I. X is a rational number. II. $X^2$ is an integer. III. $X^3$ is an integer.",
              "options": {
                "a": "Only I alone is sufficient",
                "b": "Only I and II are sufficient",
                "c": "Only I and III are sufficient",
                "d": "Only I and",
                "e": "None of these"
              },
              "answer": "d"
            },
            {
              "question_no": 16,
              "question": "What is the area of the circle? I. The circumference of the circle is $14\\pi$ cm. II. The diameter of the circle is 14 cm. III. The radius of the circle is 7 cm.",
              "options": {
                "a": "Only I alone is sufficient",
                "b": "Only II alone is sufficient",
                "c": "Only III alone is sufficient",
                "d": "Any one of them is sufficient",
                "e": "All three are necessary"
              },
              "answer": "d"
            },
            {
              "question_no": 17,
              "question": "What is the number of students in the school? I. The ratio of boys to girls is 3:2. II. The number of boys is 600. III. 20% of the students failed.",
              "options": {
                "a": "Only I and II are sufficient",
                "b": "Only I and III are sufficient",
                "c": "Only II and III are sufficient",
                "d": "Any two are sufficient",
                "e": "All three are necessary"
              },
              "answer": "a"
            },
            {
              "question_no": 18,
              "question": "What is the capacity of the tank? I. The inlet pipe can fill the tank in 10 hours. II. The outlet pipe can empty the tank in 15 hours. III. The tank is half full.",
              "options": {
                "a": "Only I and II are sufficient",
                "b": "Only I and III are sufficient",
                "c": "Only II and III are sufficient",
                "d": "Any two are sufficient",
                "e": "None of these"
              },
              "answer": "e"
            },
            {
              "question_no": 19,
              "question": "Is the quadrilateral a square? I. All sides are equal. II. All angles are 90 degrees. III. Diagonals are equal.",
              "options": {
                "a": "Only I and II are sufficient",
                "b": "Only I and III are sufficient",
                "c": "Only II and III are sufficient",
                "d": "Any two are sufficient",
                "e": "All three are necessary"
              },
              "answer": "a"
            },
            {
              "question_no": 20,
              "question": "What is the speed of the car? I. The car covers 120 km in 3 hours. II. The car covers a distance of 80 km in 2 hours. III. The average speed of the car is 40 km/hr.",
              "options": {
                "a": "Only I alone is sufficient",
                "b": "Only II alone is sufficient",
                "c": "Only III alone is sufficient",
                "d": "Any one of them is sufficient",
                "e": "All three are necessary"
              },
              "answer": "d"
            },
            {
              "question_no": 21,
              "question": "What is the average age of the family? I. The family consists of a father, mother, and two children. II. The father's age is 40 years, and the mother's age is 35 years. III. The average age of the children is 10 years.",
              "options": {
                "a": "Only I and II are sufficient",
                "b": "Only I and III are sufficient",
                "c": "Only II and III are sufficient",
                "d": "Any two are sufficient",
                "e": "All three are necessary"
              },
              "answer": "e"
            },
            {
              "question_no": 22,
              "question": "Is the number divisible by 3? I. The sum of its digits is divisible by 3. II. The number ends with 0.",
              "options": {
                "a": "Only I alone is sufficient",
                "b": "Only II alone is sufficient",
                "c": "Both I and II are sufficient",
                "d": "Neither I nor II is sufficient",
                "e": "Either I or II is sufficient"
              },
              "answer": "a"
            },
            {
              "question_no": 23,
              "question": "What is the value of 'x'? I. x is a positive integer. II. x is a prime number. III. $x^2 < 100$.",
              "options": {
                "a": "Only I and II are sufficient",
                "b": "Only I and III are sufficient",
                "c": "Only II and III are sufficient",
                "d": "Any two are sufficient",
                "e": "All three are necessary"
              },
              "answer": "c"
            },
            {
              "question_no": 24,
              "question": "What is the height of the building? I. The angle of elevation from a point 50 meters away from the base is 45 degrees. II. The shadow of the building is 50 meters long. III. A pole of 10 meters casts a shadow of 10 meters.",
              "options": {
                "a": "Only I alone is sufficient",
                "b": "Only II alone is sufficient",
                "c": "Only III alone is sufficient",
                "d": "Any one of them is sufficient",
                "e": "All three are necessary"
              },
              "answer": "d"
            },
            {
              "question_no": 25,
              "question": "How many men were initially in the group? I. After 2 men left, the number of men became 3/4th of the original number. II. The remaining men completed the work in 10 days. III. The original group could complete the work in 8 days.",
              "options": {
                "a": "Only I alone is sufficient",
                "b": "Only I and II are sufficient",
                "c": "Only I and III are sufficient",
                "d": "Any two are sufficient",
                "e": "All three are necessary"
              },
              "answer": "a"
            },
            {
              "question_no": 26,
              "question": "What is the code for 'go'? I. In a certain code language, 'go to park' is written as 'pa sa ra'. II. 'come to me' is written as 'da ra fa'. III. 'park is beautiful' is written as 'sa na ka'.",
              "options": {
                "a": "Only I and II are sufficient",
                "b": "Only I and III are sufficient",
                "c": "Only II and III are sufficient",
                "d": "Any two are sufficient",
                "e": "All three are necessary"
              },
              "answer": "b"
            },
            {
              "question_no": 27,
              "question": "What is the maximum number of chairs that can be arranged in a row in a hall? I. The length of the hall is 100 meters. II. Each chair requires 1 meter space. III. There is a 1 meter gap between two chairs.",
              "options": {
                "a": "Only I and II are sufficient",
                "b": "Only I and III are sufficient",
                "c": "Only II and III are sufficient",
                "d": "All three are sufficient",
                "e": "Any two are sufficient"
              },
              "answer": "d"
            },
            {
              "question_no": 28,
              "question": "Is A taller than B? I. A is taller than C. II. B is shorter than D. III. C is taller than D.",
              "options": {
                "a": "Only I and II are sufficient",
                "b": "Only I and III are sufficient",
                "c": "Only II and III are sufficient",
                "d": "All three are sufficient",
                "e": "Neither I nor II nor III is sufficient"
              },
              "answer": "d"
            },
            {
              "question_no": 29,
              "question": "What is the number of sides of a polygon? I. The sum of interior angles of the polygon is 1080 degrees. II. The polygon is a regular polygon. III. Each exterior angle of the polygon is 60 degrees.",
              "options": {
                "a": "Only I alone is sufficient",
                "b": "Only II alone is sufficient",
                "c": "Only III alone is sufficient",
                "d": "Any one of them is sufficient",
                "e": "All three are necessary"
              },
              "answer": "d"
            },
            {
              "question_no": 30,
              "question": "What is the percentage of failed students in an examination? I. The ratio of passed to failed students is 4:1. II. The total number of students is 500. III. The number of passed students is 400.",
              "options": {
                "a": "Only I alone is sufficient",
                "b": "Only I and II are sufficient",
                "c": "Only I and III are sufficient",
                "d": "Any two are sufficient",
                "e": "All three are necessary"
              },
              "answer": "d"
            }
          ]
        },
        {
          "Section Name": "Test",
          "Questions": [
            {
              "question_no": 1,
              "question": "What is the value of 'a'? I. $a^2 = 36$. II. $a > 0$.",
              "options": {
                "a": "I alone is sufficient",
                "b": "II alone is sufficient",
                "c": "Both I and II are sufficient",
                "d": "Neither I nor II is sufficient",
                "e": "Either I or II is sufficient"
              },
              "answer": "c"
            },
            {
              "question_no": 2,
              "question": "Who is the youngest among A, B, C, D? I. C is older than B. II. A is older than D.",
              "options": {
                "a": "I alone is sufficient",
                "b": "II alone is sufficient",
                "c": "Both I and II are sufficient",
                "d": "Neither I nor II is sufficient",
                "e": "Either I or II is sufficient"
              },
              "answer": "d"
            },
            {
              "question_no": 3,
              "question": "What is the sum of two numbers? I. One number is 5 more than the other. II. Their product is 24.",
              "options": {
                "a": "I alone is sufficient",
                "b": "II alone is sufficient",
                "c": "Both I and II are sufficient",
                "d": "Neither I nor II is sufficient",
                "e": "Either I or II is sufficient"
              },
              "answer": "c"
            },
            {
              "question_no": 4,
              "question": "Is X a prime number? I. X is a factor of 10. II. X is greater than 2.",
              "options": {
                "a": "I alone is sufficient",
                "b": "II alone is sufficient",
                "c": "Both I and II are sufficient",
                "d": "Neither I nor II is sufficient",
                "e": "Either I or II is sufficient"
              },
              "answer": "c"
            },
            {
              "question_no": 5,
              "question": "What is the average marks of students in a class? I. The total marks obtained by all students is 1500. II. The number of students in the class is 30.",
              "options": {
                "a": "I alone is sufficient",
                "b": "II alone is sufficient",
                "c": "Both I and II are sufficient",
                "d": "Neither I nor II is sufficient",
                "e": "Either I or II is sufficient"
              },
              "answer": "c"
            },
            {
              "question_no": 6,
              "question": "What is the area of the square? I. The perimeter of the square is 20 cm. II. The diagonal of the square is $5\\sqrt{2}$ cm.",
              "options": {
                "a": "I alone is sufficient",
                "b": "II alone is sufficient",
                "c": "Both I and II are sufficient",
                "d": "Neither I nor II is sufficient",
                "e": "Either I or II is sufficient"
              },
              "answer": "e"
            },
            {
              "question_no": 7,
              "question": "In which direction is Rohan facing? I. Rohan turns 90 degrees clockwise from his initial position. II. Rohan's initial position was facing East.",
              "options": {
                "a": "I alone is sufficient",
                "b": "II alone is sufficient",
                "c": "Both I and II are sufficient",
                "d": "Neither I nor II is sufficient",
                "e": "Either I or II is sufficient"
              },
              "answer": "c"
            },
            {
              "question_no": 8,
              "question": "What is the total number of items? I. There are 10 red items. II. There are 15 blue items. III. All items are either red or blue.",
              "options": {
                "a": "Only I and II are sufficient",
                "b": "Only I and III are sufficient",
                "c": "Only II and III are sufficient",
                "d": "Any two are sufficient",
                "e": "All three are necessary"
              },
              "answer": "e"
            },
            {
              "question_no": 9,
              "question": "What is the rate of interest? I. A sum of money doubles itself in 5 years at simple interest. II. A sum of money becomes 8 times itself in 6 years at compound interest. III. The principal amount is Rs. 1000.",
              "options": {
                "a": "Only I alone is sufficient",
                "b": "Only II alone is sufficient",
                "c": "Only I or II is sufficient",
                "d": "Any two are sufficient",
                "e": "All three are necessary"
              },
              "answer": "c"
            },
            {
              "question_no": 10,
              "question": "Is the given triangle an isosceles triangle? I. Two angles of the triangle are equal. II. Two sides of the triangle are equal.",
              "options": {
                "a": "I alone is sufficient",
                "b": "II alone is sufficient",
                "c": "Both I and II are sufficient",
                "d": "Neither I nor II is sufficient",
                "e": "Either I or II is sufficient"
              },
              "answer": "e"
            },
            {
              "question_no": 11,
              "question": "What is the two-digit number? I. The sum of the digits is 9. II. The digit in the units place is 2 less than the digit in the tens place.",
              "options": {
                "a": "I alone is sufficient",
                "b": "II alone is sufficient",
                "c": "Both I and II are sufficient",
                "d": "Neither I nor II is sufficient",
                "e": "Either I or II is sufficient"
              },
              "answer": "c"
            },
            {
              "question_no": 12,
              "question": "What is the current age of the father? I. The sum of the ages of the father and son is 60 years. II. Five years ago, the father's age was 5 times the son's age.",
              "options": {
                "a": "I alone is sufficient",
                "b": "II alone is sufficient",
                "c": "Both I and II are sufficient",
                "d": "Neither I nor II is sufficient",
                "e": "Either I or II is sufficient"
              },
              "answer": "c"
            },
            {
              "question_no": 13,
              "question": "How many days will X take to complete the work? I. X and Y together can complete the work in 10 days. II. Y alone can complete the work in 15 days.",
              "options": {
                "a": "I alone is sufficient",
                "b": "II alone is sufficient",
                "c": "Both I and II are sufficient",
                "d": "Neither I nor II is sufficient",
                "e": "Either I or II is sufficient"
              },
              "answer": "c"
            },
            {
              "question_no": 14,
              "question": "What is the ratio of their incomes? I. The ratio of their expenditures is 3:2. II. A saves Rs. 1000 and B saves Rs. 500.",
              "options": {
                "a": "I alone is sufficient",
                "b": "II alone is sufficient",
                "c": "Both I and II are sufficient",
                "d": "Neither I nor II is sufficient",
                "e": "Either I or II is sufficient"
              },
              "answer": "d"
            },
            {
              "question_no": 15,
              "question": "What is the price of 1 kg of apples? I. The price of 5 kg of apples and 2 kg of oranges is Rs. 500. II. The price of 2 kg of apples is Rs. 100.",
              "options": {
                "a": "I alone is sufficient",
                "b": "II alone is sufficient",
                "c": "Both I and II are sufficient",
                "d": "Neither I nor II is sufficient",
                "e": "Either I or II is sufficient"
              },
              "answer": "b"
            }
          ]
        }
      ]
    }
  ]
}