{
  "Subject": "logical reasoning",
  "Chapters": [
    {
      "Chapter Name": " Logical Sequence of Words",
      "Sections": [
        {
          "Section Name": "Basic",
          "Questions": [
            {
              "question_no": 1,
              "question": "Arrange the following words in a meaningful sequence: 1. Family 2. Community 3. Member 4. Locality 5. Country",
              "options": {
                "a": "3, 1, 2, 4, 5",
                "b": "3, 1, 4, 2, 5",
                "c": "1, 3, 2, 4, 5",
                "d": "3, 1, 2, 5, 4"
              },
              "answer": "a"
            },
            {
              "question_no": 2,
              "question": "Arrange the following words in a meaningful sequence: 1. Word 2. Paragraph 3. Sentence 4. Letter 5. Phrase",
              "options": {
                "a": "4, 1, 5, 3, 2",
                "b": "4, 1, 3, 5, 2",
                "c": "1, 4, 5, 2, 3",
                "d": "4, 5, 1, 3, 2"
              },
              "answer": "a"
            },
            {
              "question_no": 3,
              "question": "Arrange the following words in a meaningful sequence: 1. Adult 2. Child 3. Infant 4. Adolescent 5. Old",
              "options": {
                "a": "3, 2, 4, 1, 5",
                "b": "3, 4, 2, 1, 5",
                "c": "2, 3, 4, 1, 5",
                "d": "3, 2, 1, 4, 5"
              },
              "answer": "a"
            },
            {
              "question_no": 4,
              "question": "Arrange the following words in a meaningful sequence: 1. Leaf 2. Fruit 3. Stem 4. Root 5. Flower",
              "options": {
                "a": "4, 3, 1, 5, 2",
                "b": "4, 1, 3, 5, 2",
                "c": "1, 2, 3, 4, 5",
                "d": "4, 3, 5, 1, 2"
              },
              "answer": "a"
            },
            {
              "question_no": 5,
              "question": "Arrange the following words in a meaningful sequence: 1. Study 2. Job 3. Examination 4. Apply 5. Result",
              "options": {
                "a": "1, 3, 5, 4, 2",
                "b": "1, 4, 3, 5, 2",
                "c": "1, 3, 4, 5, 2",
                "d": "1, 5, 3, 4, 2"
              },
              "answer": "a"
            },
            {
              "question_no": 6,
              "question": "Arrange the following words in a meaningful sequence: 1. Country 2. State 3. District 4. Village 5. Continent",
              "options": {
                "a": "4, 3, 2, 1, 5",
                "b": "5, 1, 2, 3, 4",
                "c": "4, 2, 3, 1, 5",
                "d": "5, 2, 1, 3, 4"
              },
              "answer": "b"
            },
            {
              "question_no": 7,
              "question": "Arrange the following words in a meaningful sequence: 1. Gold 2. Iron 3. Sand 4. Platinum 5. Diamond",
              "options": {
                "a": "3, 2, 1, 5, 4",
                "b": "2, 3, 1, 5, 4",
                "c": "4, 5, 1, 2, 3",
                "d": "1, 2, 3, 4, 5"
              },
              "answer": "a"
            },
            {
              "question_no": 8,
              "question": "Arrange the following words in a meaningful sequence: 1. Reading 2. Composing 3. Writing 4. Printing",
              "options": {
                "a": "3, 2, 4, 1",
                "b": "2, 3, 4, 1",
                "c": "4, 3, 2, 1",
                "d": "3, 4, 2, 1"
              },
              "answer": "a"
            },
            {
              "question_no": 9,
              "question": "Arrange the following words in a meaningful sequence: 1. Catch 2. Release 3. Bait 4. Fish 5. Cook",
              "options": {
                "a": "3, 1, 4, 2, 5",
                "b": "3, 4, 1, 2, 5",
                "c": "4, 1, 2, 3, 5",
                "d": "3, 1, 2, 4, 5"
              },
              "answer": "b"
            },
            {
              "question_no": 10,
              "question": "Arrange the following words in a meaningful sequence: 1. Kitchen 2. Home 3. Room 4. City 5. Street",
              "options": {
                "a": "3, 1, 2, 5, 4",
                "b": "1, 3, 2, 5, 4",
                "c": "1, 2, 3, 4, 5",
                "d": "1, 3, 5, 2, 4"
              },
              "answer": "b"
            },
            {
              "question_no": 11,
              "question": "Arrange the following words in a meaningful sequence: 1. Birth 2. Death 3. Childhood 4. Adulthood 5. Education",
              "options": {
                "a": "1, 3, 5, 4, 2",
                "b": "1, 5, 3, 4, 2",
                "c": "3, 1, 5, 4, 2",
                "d": "1, 3, 4, 5, 2"
              },
              "answer": "a"
            },
            {
              "question_no": 12,
              "question": "Arrange the following words in a meaningful sequence: 1. Probation 2. Interview 3. Selection 4. Application 5. Advertisement",
              "options": {
                "a": "5, 4, 2, 3, 1",
                "b": "5, 2, 4, 3, 1",
                "c": "4, 5, 2, 3, 1",
                "d": "5, 4, 3, 2, 1"
              },
              "answer": "a"
            },
            {
              "question_no": 13,
              "question": "Arrange the following words in a meaningful sequence: 1. Plant 2. Food 3. Seed 4. Tree 5. Fruit",
              "options": {
                "a": "3, 1, 4, 5, 2",
                "b": "3, 4, 1, 5, 2",
                "c": "3, 1, 5, 4, 2",
                "d": "3, 2, 1, 5, 4"
              },
              "answer": "a"
            },
            {
              "question_no": 14,
              "question": "Arrange the following words in a meaningful sequence: 1. Nation 2. Village 3. City 4. District 5. State",
              "options": {
                "a": "2, 4, 3, 5, 1",
                "b": "2, 3, 4, 5, 1",
                "c": "2, 4, 5, 3, 1",
                "d": "2, 3, 1, 4, 5"
              },
              "answer": "b"
            },
            {
              "question_no": 15,
              "question": "Arrange the following words in a meaningful sequence: 1. Accident 2. Judge 3. Doctor 4. Advocate 5. Police",
              "options": {
                "a": "1, 5, 3, 4, 2",
                "b": "1, 3, 5, 4, 2",
                "c": "1, 5, 4, 3, 2",
                "d": "1, 3, 4, 5, 2"
              },
              "answer": "a"
            },
            {
              "question_no": 16,
              "question": "Arrange the following words in a meaningful sequence: 1. Hospital 2. Disease 3. Doctor 4. Medicine 5. Recovery",
              "options": {
                "a": "2, 1, 3, 4, 5",
                "b": "2, 3, 1, 4, 5",
                "c": "2, 1, 4, 3, 5",
                "d": "2, 4, 1, 3, 5"
              },
              "answer": "a"
            },
            {
              "question_no": 17,
              "question": "Arrange the following words in a meaningful sequence: 1. Cutting 2. Dish 3. Vegetable 4. Market 5. Cooking",
              "options": {
                "a": "4, 3, 1, 5, 2",
                "b": "4, 1, 3, 5, 2",
                "c": "3, 4, 1, 5, 2",
                "d": "4, 3, 5, 1, 2"
              },
              "answer": "a"
            },
            {
              "question_no": 18,
              "question": "Arrange the following words in a meaningful sequence: 1. Tree 2. Wood 3. Furniture 4. Seed 5. Plant",
              "options": {
                "a": "4, 5, 1, 2, 3",
                "b": "4, 1, 5, 2, 3",
                "c": "4, 5, 2, 1, 3",
                "d": "5, 4, 1, 2, 3"
              },
              "answer": "a"
            },
            {
              "question_no": 19,
              "question": "Arrange the following words in a meaningful sequence: 1. House 2. Street 3. Room 4. City 5. District",
              "options": {
                "a": "3, 1, 2, 4, 5",
                "b": "3, 2, 1, 4, 5",
                "c": "1, 3, 2, 4, 5",
                "d": "3, 1, 2, 5, 4"
              },
              "answer": "a"
            },
            {
              "question_no": 20,
              "question": "Arrange the following words in a meaningful sequence: 1. Paper 2. Library 3. Book 4. Catalogue 5. Author",
              "options": {
                "a": "5, 1, 3, 4, 2",
                "b": "1, 3, 5, 4, 2",
                "c": "5, 3, 1, 4, 2",
                "d": "1, 3, 2, 4, 5"
              },
              "answer": "a"
            },
            {
              "question_no": 21,
              "question": "Arrange the following words in a meaningful sequence: 1. Income 2. Status 3. Education 4. Well-being 5. Job",
              "options": {
                "a": "3, 5, 1, 2, 4",
                "b": "3, 1, 5, 2, 4",
                "c": "5, 3, 1, 2, 4",
                "d": "3, 5, 2, 1, 4"
              },
              "answer": "a"
            },
            {
              "question_no": 22,
              "question": "Arrange the following words in a meaningful sequence: 1. Consult 2. Illness 3. Doctor 4. Treatment 5. Recovery",
              "options": {
                "a": "2, 3, 1, 4, 5",
                "b": "2, 1, 3, 4, 5",
                "c": "2, 3, 4, 1, 5",
                "d": "1, 2, 3, 4, 5"
              },
              "answer": "b"
            },
            {
              "question_no": 23,
              "question": "Arrange the following words in a meaningful sequence: 1. River 2. Ocean 3. Sea 4. Glacier 5. Rain",
              "options": {
                "a": "5, 4, 1, 3, 2",
                "b": "5, 1, 4, 3, 2",
                "c": "4, 5, 1, 3, 2",
                "d": "5, 4, 3, 1, 2"
              },
              "answer": "a"
            },
            {
              "question_no": 24,
              "question": "Arrange the following words in a meaningful sequence: 1. Shop 2. Buyer 3. Money 4. Goods 5. Seller",
              "options": {
                "a": "5, 2, 3, 4, 1",
                "b": "1, 5, 4, 3, 2",
                "c": "2, 3, 4, 5, 1",
                "d": "1, 5, 2, 3, 4"
              },
              "answer": "b"
            },
            {
              "question_no": 25,
              "question": "Arrange the following words in a meaningful sequence: 1. Post Box 2. Letter 3. Envelope 4. Delivery 5. Stamp",
              "options": {
                "a": "2, 3, 5, 1, 4",
                "b": "3, 2, 5, 1, 4",
                "c": "2, 5, 3, 1, 4",
                "d": "3, 5, 2, 1, 4"
              },
              "answer": "b"
            },
            {
              "question_no": 26,
              "question": "Arrange the following words in a meaningful sequence: 1. College 2. Salary 3. School 4. Job 5. Examination",
              "options": {
                "a": "3, 1, 5, 4, 2",
                "b": "3, 5, 1, 4, 2",
                "c": "3, 1, 4, 5, 2",
                "d": "3, 5, 4, 1, 2"
              },
              "answer": "a"
            },
            {
              "question_no": 27,
              "question": "Arrange the following words in a meaningful sequence: 1. Wall 2. Clay 3. House 4. Room 5. Brick",
              "options": {
                "a": "2, 5, 1, 4, 3",
                "b": "2, 1, 5, 4, 3",
                "c": "2, 5, 4, 1, 3",
                "d": "2, 4, 5, 1, 3"
              },
              "answer": "a"
            },
            {
              "question_no": 28,
              "question": "Arrange the following words in a meaningful sequence: 1. Book 2. Index 3. Chapters 4. Title 5. Contents",
              "options": {
                "a": "4, 2, 5, 3, 1",
                "b": "4, 5, 3, 2, 1",
                "c": "4, 3, 5, 2, 1",
                "d": "4, 5, 2, 3, 1"
              },
              "answer": "b"
            },
            {
              "question_no": 29,
              "question": "Arrange the following words in a meaningful sequence: 1. Gold 2. Ornament 3. Mine 4. Process 5. Impurity",
              "options": {
                "a": "3, 1, 5, 4, 2",
                "b": "3, 5, 1, 4, 2",
                "c": "3, 4, 5, 1, 2",
                "d": "3, 1, 4, 5, 2"
              },
              "answer": "b"
            },
            {
              "question_no": 30,
              "question": "Arrange the following words in a meaningful sequence: 1. Child 2. Tree 3. Seed 4. Fruit 5. Plant",
              "options": {
                "a": "3, 5, 2, 4, 1",
                "b": "3, 5, 4, 2, 1",
                "c": "3, 2, 5, 4, 1",
                "d": "3, 5, 2, 1, 4"
              },
              "answer": "a"
            }
          ]
        },
        {
          "Section Name": "Advanced",
          "Questions": [
            {
              "question_no": 1,
              "question": "Arrange the following words in a meaningful sequence: 1. Consultation 2. Illness 3. Doctor 4. Treatment 5. Prescription 6. Diagnosis",
              "options": {
                "a": "2, 3, 1, 6, 5, 4",
                "b": "2, 1, 3, 6, 5, 4",
                "c": "2, 1, 6, 3, 5, 4",
                "d": "2, 3, 6, 1, 5, 4"
              },
              "answer": "a"
            },
            {
              "question_no": 2,
              "question": "Arrange the following words in a meaningful sequence: 1. Promotion 2. Application 3. Selection 4. Written Test 5. Interview 6. Advertisement",
              "options": {
                "a": "6, 2, 4, 5, 3, 1",
                "b": "6, 4, 2, 5, 3, 1",
                "c": "6, 2, 5, 4, 3, 1",
                "d": "2, 6, 4, 5, 3, 1"
              },
              "answer": "a"
            },
            {
              "question_no": 3,
              "question": "Arrange the following words in a meaningful sequence: 1. Catch 2. Net 3. Fish 4. Prepare 5. Cook 6. Eat",
              "options": {
                "a": "2, 1, 3, 4, 5, 6",
                "b": "2, 3, 1, 4, 5, 6",
                "c": "3, 2, 1, 4, 5, 6",
                "d": "1, 2, 3, 4, 5, 6"
              },
              "answer": "b"
            },
            {
              "question_no": 4,
              "question": "Arrange the following words in a meaningful sequence: 1. Flood 2. Rain 3. Cloud 4. Drought 5. Rainbow",
              "options": {
                "a": "3, 2, 1, 4, 5",
                "b": "3, 2, 1, 5, 4",
                "c": "3, 2, 4, 1, 5",
                "d": "2, 3, 1, 4, 5"
              },
              "answer": "c"
            },
            {
              "question_no": 5,
              "question": "Arrange the following words in a meaningful sequence: 1. Elephant 2. Cat 3. Mosquito 4. Tiger 5. Whale",
              "options": {
                "a": "3, 2, 4, 1, 5",
                "b": "3, 2, 1, 4, 5",
                "c": "5, 1, 4, 2, 3",
                "d": "2, 3, 4, 1, 5"
              },
              "answer": "a"
            },
            {
              "question_no": 6,
              "question": "Arrange the following words in a meaningful sequence: 1. Research 2. Thesis 3. Topic 4. Collection of Data 5. Analysis 6. Presentation",
              "options": {
                "a": "3, 1, 4, 5, 2, 6",
                "b": "3, 4, 1, 5, 2, 6",
                "c": "1, 3, 4, 5, 2, 6",
                "d": "3, 1, 5, 4, 2, 6"
              },
              "answer": "a"
            },
            {
              "question_no": 7,
              "question": "Arrange the following words in a meaningful sequence: 1. Read 2. Listen 3. Speak 4. Write 5. Understand",
              "options": {
                "a": "2, 1, 3, 4, 5",
                "b": "2, 5, 1, 3, 4",
                "c": "2, 3, 1, 4, 5",
                "d": "1, 2, 3, 4, 5"
              },
              "answer": "c"
            },
            {
              "question_no": 8,
              "question": "Arrange the following words in a meaningful sequence: 1. Cutting 2. Clothes 3. Tailor 4. Measuring 5. Sewing 6. Wearing",
              "options": {
                "a": "3, 4, 2, 1, 5, 6",
                "b": "3, 2, 4, 1, 5, 6",
                "c": "4, 2, 1, 5, 3, 6",
                "d": "2, 4, 1, 5, 3, 6"
              },
              "answer": "a"
            },
            {
              "question_no": 9,
              "question": "Arrange the following words in a meaningful sequence: 1. School 2. University 3. Primary 4. Secondary 5. Graduation",
              "options": {
                "a": "3, 4, 1, 2, 5",
                "b": "3, 1, 4, 2, 5",
                "c": "3, 4, 2, 1, 5",
                "d": "1, 3, 4, 2, 5"
              },
              "answer": "b"
            },
            {
              "question_no": 10,
              "question": "Arrange the following words in a meaningful sequence: 1. Water 2. Evaporation 3. Cloud 4. Rain 5. Condensation",
              "options": {
                "a": "1, 2, 3, 5, 4",
                "b": "1, 2, 5, 3, 4",
                "c": "2, 1, 3, 5, 4",
                "d": "1, 5, 2, 3, 4"
              },
              "answer": "b"
            },
            {
              "question_no": 11,
              "question": "Arrange the following words in a meaningful sequence: 1. Seedling 2. Plant 3. Tree 4. Flower 5. Fruit 6. Seed",
              "options": {
                "a": "6, 1, 2, 4, 5, 3",
                "b": "6, 2, 1, 4, 5, 3",
                "c": "6, 1, 2, 3, 4, 5",
                "d": "1, 6, 2, 4, 5, 3"
              },
              "answer": "a"
            },
            {
              "question_no": 12,
              "question": "Arrange the following words in a meaningful sequence: 1. Punishment 2. Crime 3. Judgment 4. Police 5. Verdict 6. Jail",
              "options": {
                "a": "2, 4, 3, 5, 1, 6",
                "b": "2, 4, 1, 3, 5, 6",
                "c": "2, 4, 5, 3, 1, 6",
                "d": "2, 4, 3, 1, 5, 6"
              },
              "answer": "a"
            },
            {
              "question_no": 13,
              "question": "Arrange the following words in a meaningful sequence: 1. Shop 2. Market 3. City 4. State 5. Country 6. World",
              "options": {
                "a": "1, 2, 3, 4, 5, 6",
                "b": "1, 3, 2, 4, 5, 6",
                "c": "2, 1, 3, 4, 5, 6",
                "d": "3, 1, 2, 4, 5, 6"
              },
              "answer": "a"
            },
            {
              "question_no": 14,
              "question": "Arrange the following words in a meaningful sequence: 1. Patient 2. Doctor 3. Diagnosis 4. Treatment 5. Recovery 6. Disease",
              "options": {
                "a": "6, 1, 2, 3, 4, 5",
                "b": "6, 2, 1, 3, 4, 5",
                "c": "1, 6, 2, 3, 4, 5",
                "d": "1, 2, 6, 3, 4, 5"
              },
              "answer": "a"
            },
            {
              "question_no": 15,
              "question": "Arrange the following words in a meaningful sequence: 1. Letter 2. Paragraph 3. Sentence 4. Word 5. Book 6. Chapter",
              "options": {
                "a": "1, 4, 3, 2, 6, 5",
                "b": "1, 4, 2, 3, 6, 5",
                "c": "1, 3, 4, 2, 6, 5",
                "d": "4, 1, 3, 2, 6, 5"
              },
              "answer": "a"
            },
            {
              "question_no": 16,
              "question": "Arrange the following words in a meaningful sequence: 1. Consult 2. Prepare 3. Exam 4. Study 5. Pass 6. Enroll",
              "options": {
                "a": "6, 4, 1, 3, 2, 5",
                "b": "6, 4, 3, 1, 2, 5",
                "c": "6, 4, 3, 2, 1, 5",
                "d": "4, 6, 3, 2, 1, 5"
              },
              "answer": "a"
            },
            {
              "question_no": 17,
              "question": "Arrange the following words in a meaningful sequence: 1. Birth 2. Marriage 3. Education 4. Death 5. Employment 6. Retirement",
              "options": {
                "a": "1, 3, 5, 2, 6, 4",
                "b": "1, 3, 2, 5, 6, 4",
                "c": "1, 5, 3, 2, 6, 4",
                "d": "1, 3, 5, 6, 2, 4"
              },
              "answer": "a"
            },
            {
              "question_no": 18,
              "question": "Arrange the following words in a meaningful sequence: 1. Cloud 2. Thunderstorm 3. Rain 4. Lightning 5. Cyclone",
              "options": {
                "a": "1, 3, 2, 4, 5",
                "b": "1, 4, 3, 2, 5",
                "c": "1, 2, 3, 4, 5",
                "d": "1, 4, 2, 3, 5"
              },
              "answer": "b"
            },
            {
              "question_no": 19,
              "question": "Arrange the following words in a meaningful sequence: 1. Child 2. Nation 3. Mother 4. Father 5. Family",
              "options": {
                "a": "1, 3, 4, 5, 2",
                "b": "1, 4, 3, 5, 2",
                "c": "1, 5, 3, 4, 2",
                "d": "1, 3, 5, 4, 2"
              },
              "answer": "a"
            },
            {
              "question_no": 20,
              "question": "Arrange the following words in a meaningful sequence: 1. Poverty 2. Population 3. Disease 4. Death 5. Unemployment",
              "options": {
                "a": "2, 1, 5, 3, 4",
                "b": "2, 5, 1, 3, 4",
                "c": "1, 2, 3, 5, 4",
                "d": "5, 2, 1, 3, 4"
              },
              "answer": "b"
            },
            {
              "question_no": 21,
              "question": "Arrange the following words in a meaningful sequence: 1. Wall 2. Room 3. House 4. Building 5. Flat",
              "options": {
                "a": "1, 2, 3, 4, 5",
                "b": "1, 2, 5, 3, 4",
                "c": "2, 1, 3, 5, 4",
                "d": "1, 4, 2, 3, 5"
              },
              "answer": "b"
            },
            {
              "question_no": 22,
              "question": "Arrange the following words in a meaningful sequence: 1. District 2. Country 3. State 4. Village 5. Continent 6. World",
              "options": {
                "a": "4, 1, 3, 2, 5, 6",
                "b": "4, 3, 1, 2, 5, 6",
                "c": "4, 1, 2, 3, 5, 6",
                "d": "4, 1, 3, 5, 2, 6"
              },
              "answer": "a"
            },
            {
              "question_no": 23,
              "question": "Arrange the following words in a meaningful sequence: 1. Gold 2. Iron 3. Bronze 4. Silver 5. Steel 6. Copper (by hardness or density, common usage order)",
              "options": {
                "a": "3, 6, 4, 2, 5, 1",
                "b": "6, 3, 4, 2, 5, 1",
                "c": "6, 4, 3, 2, 5, 1",
                "d": "2, 5, 6, 3, 4, 1"
              },
              "answer": "a"
            },
            {
              "question_no": 24,
              "question": "Arrange the following words in a meaningful sequence: 1. Application 2. Selection 3. Interview 4. Appointment 5. Advertisement 6. Examination",
              "options": {
                "a": "5, 1, 6, 3, 2, 4",
                "b": "5, 1, 3, 6, 2, 4",
                "c": "1, 5, 6, 3, 2, 4",
                "d": "5, 6, 1, 3, 2, 4"
              },
              "answer": "a"
            },
            {
              "question_no": 25,
              "question": "Arrange the following words in a meaningful sequence: 1. Story 2. Alphabet 3. Sentence 4. Book 5. Word 6. Paragraph",
              "options": {
                "a": "2, 5, 3, 6, 1, 4",
                "b": "2, 5, 3, 1, 6, 4",
                "c": "2, 3, 5, 6, 1, 4",
                "d": "2, 5, 6, 3, 1, 4"
              },
              "answer": "a"
            },
            {
              "question_no": 26,
              "question": "Arrange the following words in a meaningful sequence: 1. Reading 2. Writing 3. Learning 4. Teaching 5. Knowledge",
              "options": {
                "a": "3, 1, 2, 4, 5",
                "b": "1, 2, 3, 4, 5",
                "c": "3, 4, 1, 2, 5",
                "d": "4, 3, 1, 2, 5"
              },
              "answer": "a"
            },
            {
              "question_no": 27,
              "question": "Arrange the following words in a meaningful sequence: 1. Crop 2. Harvest 3. Sow 4. Field 5. Food",
              "options": {
                "a": "4, 3, 1, 2, 5",
                "b": "4, 1, 3, 2, 5",
                "c": "3, 4, 1, 2, 5",
                "d": "4, 3, 2, 1, 5"
              },
              "answer": "a"
            },
            {
              "question_no": 28,
              "question": "Arrange the following words in a meaningful sequence: 1. Table 2. Wood 3. Tree 4. Furniture 5. Forest",
              "options": {
                "a": "5, 3, 2, 1, 4",
                "b": "5, 3, 1, 2, 4",
                "c": "3, 5, 2, 1, 4",
                "d": "5, 2, 3, 1, 4"
              },
              "answer": "a"
            },
            {
              "question_no": 29,
              "question": "Arrange the following words in a meaningful sequence: 1. Key 2. Door 3. Lock 4. Room 5. Switch on",
              "options": {
                "a": "1, 3, 2, 4, 5",
                "b": "1, 2, 3, 4, 5",
                "c": "5, 1, 3, 2, 4",
                "d": "1, 3, 4, 2, 5"
              },
              "answer": "a"
            },
            {
              "question_no": 30,
              "question": "Arrange the following words in a meaningful sequence: 1. Universe 2. Solar System 3. Earth 4. Galaxy 5. Sun",
              "options": {
                "a": "3, 5, 2, 4, 1",
                "b": "3, 2, 5, 4, 1",
                "c": "3, 2, 4, 5, 1",
                "d": "3, 5, 4, 2, 1"
              },
              "answer": "a"
            }
          ]
        },
        {
          "Section Name": "Test",
          "Questions": [
            {
              "question_no": 1,
              "question": "Arrange the following words in a meaningful sequence: 1. Cut 2. Put on 3. Measure 4. Tailor 5. Cloth",
              "options": {
                "a": "4, 3, 5, 1, 2",
                "b": "5, 3, 1, 4, 2",
                "c": "4, 5, 3, 1, 2",
                "d": "3, 5, 1, 4, 2"
              },
              "answer": "a"
            },
            {
              "question_no": 2,
              "question": "Arrange the following words in a meaningful sequence: 1. Child 2. Job 3. Marriage 4. Education 5. Infant",
              "options": {
                "a": "5, 1, 4, 2, 3",
                "b": "5, 1, 2, 4, 3",
                "c": "1, 5, 4, 2, 3",
                "d": "5, 4, 1, 2, 3"
              },
              "answer": "a"
            },
            {
              "question_no": 3,
              "question": "Arrange the following words in a meaningful sequence: 1. Reading 2. Composing 3. Writing 4. Printing 5. Publishing",
              "options": {
                "a": "3, 2, 4, 1, 5",
                "b": "2, 3, 4, 5, 1",
                "c": "3, 4, 2, 5, 1",
                "d": "2, 3, 1, 4, 5"
              },
              "answer": "b"
            },
            {
              "question_no": 4,
              "question": "Arrange the following words in a meaningful sequence: 1. Cloud 2. Rain 3. Rainbow 4. Sun 5. Water",
              "options": {
                "a": "4, 5, 1, 2, 3",
                "b": "5, 1, 2, 4, 3",
                "c": "1, 5, 2, 4, 3",
                "d": "5, 2, 1, 4, 3"
              },
              "answer": "b"
            },
            {
              "question_no": 5,
              "question": "Arrange the following words in a meaningful sequence: 1. Hospital 2. Home 3. Sickness 4. Treatment 5. Recovery",
              "options": {
                "a": "3, 1, 4, 5, 2",
                "b": "3, 2, 1, 4, 5",
                "c": "3, 1, 2, 4, 5",
                "d": "2, 3, 1, 4, 5"
              },
              "answer": "a"
            },
            {
              "question_no": 6,
              "question": "Arrange the following words in a meaningful sequence: 1. Leaf 2. Branch 3. Flower 4. Tree 5. Fruit 6. Stem",
              "options": {
                "a": "6, 2, 1, 3, 5, 4",
                "b": "4, 6, 2, 1, 3, 5",
                "c": "6, 2, 4, 1, 3, 5",
                "d": "4, 6, 1, 2, 3, 5"
              },
              "answer": "a"
            },
            {
              "question_no": 7,
              "question": "Arrange the following words in a meaningful sequence: 1. Village 2. Town 3. City 4. District 5. State",
              "options": {
                "a": "1, 2, 3, 4, 5",
                "b": "1, 2, 4, 3, 5",
                "c": "1, 4, 2, 3, 5",
                "d": "1, 3, 2, 4, 5"
              },
              "answer": "b"
            },
            {
              "question_no": 8,
              "question": "Arrange the following words in a meaningful sequence: 1. Exam 2. Study 3. Result 4. Apply 5. Qualification",
              "options": {
                "a": "5, 4, 2, 1, 3",
                "b": "5, 2, 4, 1, 3",
                "c": "4, 5, 2, 1, 3",
                "d": "5, 2, 1, 4, 3"
              },
              "answer": "a"
            },
            {
              "question_no": 9,
              "question": "Arrange the following words in a meaningful sequence: 1. Crime 2. Police 3. Judgment 4. Judge 5. FIR",
              "options": {
                "a": "1, 5, 2, 3, 4",
                "b": "1, 2, 5, 3, 4",
                "c": "1, 5, 2, 4, 3",
                "d": "1, 2, 3, 5, 4"
              },
              "answer": "c"
            },
            {
              "question_no": 10,
              "question": "Arrange the following words in a meaningful sequence: 1. Letter 2. Word 3. Sentence 4. Paragraph 5. Essay",
              "options": {
                "a": "1, 2, 3, 4, 5",
                "b": "1, 3, 2, 4, 5",
                "c": "1, 2, 4, 3, 5",
                "d": "2, 1, 3, 4, 5"
              },
              "answer": "a"
            },
            {
              "question_no": 11,
              "question": "Arrange the following words in a meaningful sequence: 1. Family 2. Colony 3. Member 4. Area 5. Country",
              "options": {
                "a": "3, 1, 2, 4, 5",
                "b": "3, 1, 4, 2, 5",
                "c": "1, 3, 2, 4, 5",
                "d": "3, 2, 1, 4, 5"
              },
              "answer": "a"
            },
            {
              "question_no": 12,
              "question": "Arrange the following words in a meaningful sequence: 1. Key 2. Lock 3. Room 4. Door 5. Open",
              "options": {
                "a": "1, 2, 4, 3, 5",
                "b": "1, 2, 3, 4, 5",
                "c": "1, 3, 2, 4, 5",
                "d": "1, 3, 4, 2, 5"
              },
              "answer": "c"
            },
            {
              "question_no": 13,
              "question": "Arrange the following words in a meaningful sequence: 1. Book 2. Cover 3. Print 4. Pages 5. Library",
              "options": {
                "a": "4, 3, 2, 1, 5",
                "b": "4, 2, 3, 1, 5",
                "c": "3, 4, 2, 1, 5",
                "d": "2, 4, 3, 1, 5"
              },
              "answer": "a"
            },
            {
              "question_no": 14,
              "question": "Arrange the following words in a meaningful sequence: 1. Day 2. Week 3. Month 4. Year 5. Decade",
              "options": {
                "a": "1, 2, 3, 4, 5",
                "b": "1, 3, 2, 4, 5",
                "c": "1, 2, 4, 3, 5",
                "d": "1, 4, 3, 2, 5"
              },
              "answer": "a"
            },
            {
              "question_no": 15,
              "question": "Arrange the following words in a meaningful sequence: 1. Forest 2. Tree 3. Wood 4. Paper 5. Book",
              "options": {
                "a": "2, 1, 3, 4, 5",
                "b": "1, 2, 3, 4, 5",
                "c": "2, 3, 1, 4, 5",
                "d": "2, 1, 4, 3, 5"
              },
              "answer": "a"
            }
          ]
        }
      ]
    }
  ]
}