{
  "Subject": "logical reasoning",
  "Chapters": [
    {
      "Chapter Name": "Number and Letter Series",
      "Sections": [
        {
          "Section Name": "Basic",
          "Questions": [
            {
              "question_no": 1,
              "question": "1, 4, 9, 16, 25, ( )",
              "options": {
                "a": "35",
                "b": "36",
                "c": "48",
                "d": "49"
              },
              "answer": "b"
            },
            {
              "question_no": 2,
              "question": "A, C, E, G, ( )",
              "options": {
                "a": "H",
                "b": "I",
                "c": "J",
                "d": "K"
              },
              "answer": "b"
            },
            {
              "question_no": 3,
              "question": "20, 19, 17, ( ), 10, 5",
              "options": {
                "a": "12",
                "b": "13",
                "c": "14",
                "d": "15"
              },
              "answer": "b"
            },
            {
              "question_no": 4,
              "question": "3, 6, 12, 24, ( )",
              "options": {
                "a": "36",
                "b": "40",
                "c": "48",
                "d": "54"
              },
              "answer": "c"
            },
            {
              "question_no": 5,
              "question": "B, D, G, K, ( )",
              "options": {
                "a": "N",
                "b": "O",
                "c": "P",
                "d": "Q"
              },
              "answer": "a"
            },
            {
              "question_no": 6,
              "question": "2, 3, 5, 8, 12, ( )",
              "options": {
                "a": "15",
                "b": "17",
                "c": "19",
                "d": "20"
              },
              "answer": "b"
            },
            {
              "question_no": 7,
              "question": "5, 10, 20, 40, ( )",
              "options": {
                "a": "60",
                "b": "70",
                "c": "80",
                "d": "90"
              },
              "answer": "c"
            },
            {
              "question_no": 8,
              "question": "81, 27, 9, ( ), 1",
              "options": {
                "a": "4",
                "b": "6",
                "c": "2",
                "d": "3"
              },
              "answer": "d"
            },
            {
              "question_no": 9,
              "question": "2, 5, 10, 17, 26, ( )",
              "options": {
                "a": "35",
                "b": "36",
                "c": "37",
                "d": "38"
              },
              "answer": "c"
            },
            {
              "question_no": 10,
              "question": "7, 14, 28, 56, ( )",
              "options": {
                "a": "70",
                "b": "80",
                "c": "112",
                "d": "128"
              },
              "answer": "c"
            },
            {
              "question_no": 11,
              "question": "W, T, Q, N, ( )",
              "options": {
                "a": "K",
                "b": "L",
                "c": "M",
                "d": "J"
              },
              "answer": "a"
            },
            {
              "question_no": 12,
              "question": "1, 1, 2, 6, 24, ( )",
              "options": {
                "a": "24",
                "b": "72",
                "c": "120",
                "d": "144"
              },
              "answer": "c"
            },
            {
              "question_no": 13,
              "question": "100, 90, 81, 73, ( )",
              "options": {
                "a": "64",
                "b": "65",
                "c": "66",
                "d": "67"
              },
              "answer": "a"
            },
            {
              "question_no": 14,
              "question": "2, 6, 12, 20, 30, ( )",
              "options": {
                "a": "40",
                "b": "42",
                "c": "44",
                "d": "46"
              },
              "answer": "a"
            },
            {
              "question_no": 15,
              "question": "5, 7, 10, 14, 19, ( )",
              "options": {
                "a": "25",
                "b": "26",
                "c": "27",
                "d": "28"
              },
              "answer": "a"
            },
            {
              "question_no": 16,
              "question": "1, 4, 5, 6, 7, ( )",
              "options": {
                "a": "8",
                "b": "9",
                "c": "10",
                "d": "11"
              },
              "answer": "a"
            },
            {
              "question_no": 17,
              "question": "3, 8, 15, 24, ( )",
              "options": {
                "a": "34",
                "b": "35",
                "c": "36",
                "d": "37"
              },
              "answer": "c"
            },
            {
              "question_no": 18,
              "question": "50, 45, 40, 35, ( )",
              "options": {
                "a": "25",
                "b": "30",
                "c": "20",
                "d": "15"
              },
              "answer": "b"
            },
            {
              "question_no": 19,
              "question": "1, 2, 4, 7, 11, ( )",
              "options": {
                "a": "16",
                "b": "17",
                "c": "18",
                "d": "19"
              },
              "answer": "a"
            },
            {
              "question_no": 20,
              "question": "10, 20, 40, 80, ( )",
              "options": {
                "a": "100",
                "b": "120",
                "c": "160",
                "d": "180"
              },
              "answer": "c"
            },
            {
              "question_no": 21,
              "question": "3, 9, 27, ( ), 243",
              "options": {
                "a": "54",
                "b": "81",
                "c": "90",
                "d": "100"
              },
              "answer": "b"
            },
            {
              "question_no": 22,
              "question": "2, 4, 8, 16, ( )",
              "options": {
                "a": "30",
                "b": "32",
                "c": "34",
                "d": "36"
              },
              "answer": "b"
            },
            {
              "question_no": 23,
              "question": "11, 22, 44, 88, ( )",
              "options": {
                "a": "160",
                "b": "172",
                "c": "176",
                "d": "184"
              },
              "answer": "c"
            },
            {
              "question_no": 24,
              "question": "5, 11, 17, 23, ( )",
              "options": {
                "a": "27",
                "b": "28",
                "c": "29",
                "d": "30"
              },
              "answer": "c"
            },
            {
              "question_no": 25,
              "question": "6, 12, 24, 48, ( )",
              "options": {
                "a": "72",
                "b": "90",
                "c": "96",
                "d": "100"
              },
              "answer": "c"
            },
            {
              "question_no": 26,
              "question": "1, 3, 6, 10, 15, ( )",
              "options": {
                "a": "18",
                "b": "19",
                "c": "20",
                "d": "21"
              },
              "answer": "c"
            },
            {
              "question_no": 27,
              "question": "13, 17, 21, 25, ( )",
              "options": {
                "a": "28",
                "b": "29",
                "c": "30",
                "d": "31"
              },
              "answer": "b"
            },
            {
              "question_no": 28,
              "question": "4, 6, 9, 13, 18, ( )",
              "options": {
                "a": "23",
                "b": "24",
                "c": "25",
                "d": "26"
              },
              "answer": "a"
            },
            {
              "question_no": 29,
              "question": "D, H, L, P, ( )",
              "options": {
                "a": "S",
                "b": "T",
                "c": "U",
                "d": "V"
              },
              "answer": "b"
            },
            {
              "question_no": 30,
              "question": "9, 16, 25, 36, ( )",
              "options": {
                "a": "46",
                "b": "49",
                "c": "50",
                "d": "54"
              },
              "answer": "b"
            },
            {
              "question_no": 31,
              "question": "10, 30, 50, 70, ( )",
              "options": {
                "a": "90",
                "b": "100",
                "c": "110",
                "d": "120"
              },
              "answer": "a"
            },
            {
              "question_no": 32,
              "question": "100, 80, 60, 40, ( )",
              "options": {
                "a": "15",
                "b": "20",
                "c": "25",
                "d": "30"
              },
              "answer": "c"
            },
            {
              "question_no": 33,
              "question": "3, 6, 12, 24, 48, ( )",
              "options": {
                "a": "72",
                "b": "96",
                "c": "108",
                "d": "100"
              },
              "answer": "b"
            },
            {
              "question_no": 34,
              "question": "1, 2, 4, 8, 16, 32, ( )",
              "options": {
                "a": "60",
                "b": "48",
                "c": "64",
                "d": "72"
              },
              "answer": "c"
            },
            {
              "question_no": 35,
              "question": "2, 5, 10, 17, 26, ( )",
              "options": {
                "a": "37",
                "b": "38",
                "c": "39",
                "d": "40"
              },
              "answer": "b"
            },
            {
              "question_no": 36,
              "question": "7, 11, 16, 22, ( )",
              "options": {
                "a": "27",
                "b": "28",
                "c": "29",
                "d": "30"
              },
              "answer": "a"
            },
            {
              "question_no": 37,
              "question": "8, 6, 4, 2, ( )",
              "options": {
                "a": "1",
                "b": "0",
                "c": "-1",
                "d": "-2"
              },
              "answer": "b"
            },
            {
              "question_no": 38,
              "question": "3, 5, 7, 9, 11, ( )",
              "options": {
                "a": "13",
                "b": "15",
                "c": "17",
                "d": "19"
              },
              "answer": "a"
            },
            {
              "question_no": 39,
              "question": "2, 6, 12, 20, 30, 42, ( )",
              "options": {
                "a": "54",
                "b": "56",
                "c": "60",
                "d": "66"
              },
              "answer": "a"
            },
            {
              "question_no": 40,
              "question": "9, 18, 36, 72, ( )",
              "options": {
                "a": "144",
                "b": "150",
                "c": "130",
                "d": "160"
              },
              "answer": "a"
            }
          ]
        },
        {
          "Section Name": "Advanced",
          "Questions": [
            {
              "question_no": 1,
              "question": "2, 6, 18, 54, ( )",
              "options": {
                "a": "108",
                "b": "162",
                "c": "216",
                "d": "324"
              },
              "answer": "b"
            },
            {
              "question_no": 2,
              "question": "121, 144, 169, 196, ( )",
              "options": {
                "a": "215",
                "b": "225",
                "c": "256",
                "d": "289"
              },
              "answer": "d"
            },
            {
              "question_no": 3,
              "question": "1, 8, 27, 64, ( )",
              "options": {
                "a": "100",
                "b": "125",
                "c": "144",
                "d": "169"
              },
              "answer": "b"
            },
            {
              "question_no": 4,
              "question": "1, 3, 9, 27, 81, ( )",
              "options": {
                "a": "162",
                "b": "243",
                "c": "324",
                "d": "729"
              },
              "answer": "b"
            },
            {
              "question_no": 5,
              "question": "0, 1, 1, 2, 3, 5, ( )",
              "options": {
                "a": "7",
                "b": "8",
                "c": "9",
                "d": "10"
              },
              "answer": "b"
            },
            {
              "question_no": 6,
              "question": "10, 9, 7, 4, 0, ( )",
              "options": {
                "a": "-4",
                "b": "-3",
                "c": "-2",
                "d": "-1"
              },
              "answer": "a"
            },
            {
              "question_no": 7,
              "question": "1, 4, 7, 13, 25, ( )",
              "options": {
                "a": "35",
                "b": "37",
                "c": "39",
                "d": "40"
              },
              "answer": "c"
            },
            {
              "question_no": 8,
              "question": "7, 10, 8, 11, 9, ( )",
              "options": {
                "a": "12",
                "b": "10",
                "c": "13",
                "d": "11"
              },
              "answer": "a"
            },
            {
              "question_no": 9,
              "question": "4, 6, 9, 6, 11, ( )",
              "options": {
                "a": "10",
                "b": "14",
                "c": "13",
                "d": "15"
              },
              "answer": "c"
            },
            {
              "question_no": 10,
              "question": "1, 1, 2, 3, 5, 8, 13, ( )",
              "options": {
                "a": "20",
                "b": "21",
                "c": "22",
                "d": "23"
              },
              "answer": "b"
            },
            {
              "question_no": 11,
              "question": "2, 4, 6, 8, ( ), 12",
              "options": {
                "a": "9",
                "b": "10",
                "c": "11",
                "d": "14"
              },
              "answer": "b"
            },
            {
              "question_no": 12,
              "question": "5, 15, 45, ( ), 1215",
              "options": {
                "a": "405",
                "b": "4050",
                "c": "135",
                "d": "625"
              },
              "answer": "a"
            },
            {
              "question_no": 13,
              "question": "100, 90, 70, 40, ( )",
              "options": {
                "a": "10",
                "b": "15",
                "c": "20",
                "d": "25"
              },
              "answer": "c"
            },
            {
              "question_no": 14,
              "question": "1, 2, 6, 24, 120, ( )",
              "options": {
                "a": "600",
                "b": "720",
                "c": "840",
                "d": "960"
              },
              "answer": "b"
            },
            {
              "question_no": 15,
              "question": "1, 3, 5, 7, 11, ( )",
              "options": {
                "a": "13",
                "b": "15",
                "c": "17",
                "d": "19"
              },
              "answer": "a"
            },
            {
              "question_no": 16,
              "question": "4, 9, 16, 25, 36, ( )",
              "options": {
                "a": "41",
                "b": "42",
                "c": "49",
                "d": "50"
              },
              "answer": "c"
            },
            {
              "question_no": 17,
              "question": "2, 3, 5, 7, 11, ( )",
              "options": {
                "a": "13",
                "b": "14",
                "c": "15",
                "d": "17"
              },
              "answer": "a"
            },
            {
              "question_no": 18,
              "question": "1, 3, 6, 10, 15, 21, ( )",
              "options": {
                "a": "28",
                "b": "30",
                "c": "32",
                "d": "35"
              },
              "answer": "a"
            },
            {
              "question_no": 19,
              "question": "3, 5, 9, 17, 33, ( )",
              "options": {
                "a": "53",
                "b": "61",
                "c": "65",
                "d": "67"
              },
              "answer": "a"
            },
            {
              "question_no": 20,
              "question": "1, 2, 3, 5, 8, 13, ( )",
              "options": {
                "a": "18",
                "b": "19",
                "c": "21",
                "d": "22"
              },
              "answer": "c"
            },
            {
              "question_no": 21,
              "question": "2, 6, 12, 20, 30, ( )",
              "options": {
                "a": "38",
                "b": "40",
                "c": "42",
                "d": "44"
              },
              "answer": "c"
            },
            {
              "question_no": 22,
              "question": "2, 3, 5, 7, 13, ( )",
              "options": {
                "a": "15",
                "b": "17",
                "c": "19",
                "d": "21"
              },
              "answer": "b"
            },
            {
              "question_no": 23,
              "question": "1, 4, 10, 19, 31, ( )",
              "options": {
                "a": "40",
                "b": "44",
                "c": "46",
                "d": "50"
              },
              "answer": "b"
            },
            {
              "question_no": 24,
              "question": "2, 5, 10, 17, 26, ( )",
              "options": {
                "a": "37",
                "b": "38",
                "c": "39",
                "d": "40"
              },
              "answer": "a"
            },
            {
              "question_no": 25,
              "question": "8, 6, 7, 5, 6, ( )",
              "options": {
                "a": "4",
                "b": "5",
                "c": "6",
                "d": "7"
              },
              "answer": "a"
            },
            {
              "question_no": 26,
              "question": "5, 7, 10, 14, 19, ( )",
              "options": {
                "a": "25",
                "b": "26",
                "c": "27",
                "d": "28"
              },
              "answer": "a"
            },
            {
              "question_no": 27,
              "question": "3, 5, 8, 12, 17, ( )",
              "options": {
                "a": "22",
                "b": "23",
                "c": "24",
                "d": "25"
              },
              "answer": "a"
            },
            {
              "question_no": 28,
              "question": "1, 1, 2, 3, 5, 8, 13, 21, ( )",
              "options": {
                "a": "33",
                "b": "34",
                "c": "35",
                "d": "36"
              },
              "answer": "a"
            },
            {
              "question_no": 29,
              "question": "7, 14, 28, 56, ( )",
              "options": {
                "a": "112",
                "b": "110",
                "c": "120",
                "d": "128"
              },
              "answer": "a"
            },
            {
              "question_no": 30,
              "question": "12, 11, 9, 6, 2, ( )",
              "options": {
                "a": "-1",
                "b": "-2",
                "c": "-3",
                "d": "-4"
              },
              "answer": "c"
            },
            {
              "question_no": 31,
              "question": "10, 22, 36, 52, ( )",
              "options": {
                "a": "68",
                "b": "70",
                "c": "74",
                "d": "78"
              },
              "answer": "a"
            },
            {
              "question_no": 32,
              "question": "3, 5, 7, 9, 11, ( )",
              "options": {
                "a": "13",
                "b": "15",
                "c": "17",
                "d": "19"
              },
              "answer": "a"
            },
            {
              "question_no": 33,
              "question": "8, 12, 18, 27, 39, ( )",
              "options": {
                "a": "52",
                "b": "53",
                "c": "55",
                "d": "60"
              },
              "answer": "c"
            },
            {
              "question_no": 34,
              "question": "2, 6, 12, 20, 30, 42, ( )",
              "options": {
                "a": "54",
                "b": "56",
                "c": "60",
                "d": "66"
              },
              "answer": "a"
            },
            {
              "question_no": 35,
              "question": "2, 3, 7, 14, 26, ( )",
              "options": {
                "a": "39",
                "b": "41",
                "c": "43",
                "d": "45"
              },
              "answer": "b"
            },
            {
              "question_no": 36,
              "question": "9, 8, 6, 3, ( )",
              "options": {
                "a": "0",
                "b": "1",
                "c": "2",
                "d": "3"
              },
              "answer": "a"
            },
            {
              "question_no": 37,
              "question": "1, 2, 3, 5, 7, 11, ( )",
              "options": {
                "a": "12",
                "b": "13",
                "c": "14",
                "d": "15"
              },
              "answer": "b"
            },
            {
              "question_no": 38,
              "question": "11, 13, 17, 19, 23, ( )",
              "options": {
                "a": "25",
                "b": "27",
                "c": "29",
                "d": "31"
              },
              "answer": "c"
            },
            {
              "question_no": 39,
              "question": "4, 9, 16, 25, 36, 49, ( )",
              "options": {
                "a": "54",
                "b": "56",
                "c": "64",
                "d": "81"
              },
              "answer": "c"
            },
            {
              "question_no": 40,
              "question": "10, 30, 50, 70, ( )",
              "options": {
                "a": "90",
                "b": "100",
                "c": "110",
                "d": "120"
              },
              "answer": "a"
            }
          ]
        },
        {
          "Section Name": "Test",
          "Questions": [
            {
              "question_no": 1,
              "question": "2, 5, 10, 17, ( )",
              "options": {
                "a": "24",
                "b": "25",
                "c": "26",
                "d": "27"
              },
              "answer": "b"
            },
            {
              "question_no": 2,
              "question": "100, 90, 81, ( ), 64",
              "options": {
                "a": "73",
                "b": "72",
                "c": "71",
                "d": "70"
              },
              "answer": "b"
            },
            {
              "question_no": 3,
              "question": "3, 6, 12, 24, ( )",
              "options": {
                "a": "36",
                "b": "48",
                "c": "42",
                "d": "54"
              },
              "answer": "b"
            },
            {
              "question_no": 4,
              "question": "1, 1, 2, 6, 24, ( )",
              "options": {
                "a": "120",
                "b": "144",
                "c": "100",
                "d": "60"
              },
              "answer": "a"
            },
            {
              "question_no": 5,
              "question": "5, 10, 15, 20, ( )",
              "options": {
                "a": "25",
                "b": "30",
                "c": "35",
                "d": "40"
              },
              "answer": "a"
            },
            {
              "question_no": 6,
              "question": "1, 2, 4, 8, ( )",
              "options": {
                "a": "16",
                "b": "18",
                "c": "20",
                "d": "22"
              },
              "answer": "a"
            },
            {
              "question_no": 7,
              "question": "7, 14, 28, 56, ( )",
              "options": {
                "a": "112",
                "b": "110",
                "c": "120",
                "d": "128"
              },
              "answer": "a"
            },
            {
              "question_no": 8,
              "question": "2, 4, 8, 16, ( )",
              "options": {
                "a": "32",
                "b": "30",
                "c": "28",
                "d": "24"
              },
              "answer": "a"
            },
            {
              "question_no": 9,
              "question": "6, 12, 18, 24, ( )",
              "options": {
                "a": "30",
                "b": "32",
                "c": "34",
                "d": "36"
              },
              "answer": "a"
            },
            {
              "question_no": 10,
              "question": "10, 20, 30, 40, ( )",
              "options": {
                "a": "50",
                "b": "55",
                "c": "60",
                "d": "65"
              },
              "answer": "a"
            },
            {
              "question_no": 11,
              "question": "A, C, E, G, ( )",
              "options": {
                "a": "H",
                "b": "I",
                "c": "J",
                "d": "K"
              },
              "answer": "b"
            },
            {
              "question_no": 12,
              "question": "5, 15, 45, ( ), 1215",
              "options": {
                "a": "405",
                "b": "4050",
                "c": "135",
                "d": "625"
              },
              "answer": "c"
            },
            {
              "question_no": 13,
              "question": "9, 16, 25, 36, ( )",
              "options": {
                "a": "49",
                "b": "46",
                "c": "45",
                "d": "50"
              },
              "answer": "a"
            },
            {
              "question_no": 14,
              "question": "1, 3, 6, 10, 15, ( )",
              "options": {
                "a": "20",
                "b": "21",
                "c": "22",
                "d": "23"
              },
              "answer": "b"
            },
            {
              "question_no": 15,
              "question": "7, 13, 21, 31, ( )",
              "options": {
                "a": "40",
                "b": "41",
                "c": "42",
                "d": "43"
              },
              "answer": "b"
            }
          ]
        }
      ]
    }
  ]
}